{"type": "FeatureCollection", "features": [{"type": "Feature", "properties": {}, "geometry": {"type": "MultiPolygon", "coordinates": [[[[-155.820312, 20.01416], [-155.892773, 20.167383], [-155.874268, 20.259814], [-155.831641, 20.27583], [-155.62207, 20.163428], [-155.198779, 19.994385], [-155.086084, 19.875635], [-155.065918, 19.748193], [-154.989014, 19.731982], [-154.952588, 19.644629], [-154.841357, 19.568164], [-154.804199, 19.524463], [-154.850293, 19.454102], [-155.053467, 19.319189], [-155.309619, 19.260156], [-155.535254, 19.109082], [-155.581348, 19.012012], [-155.625635, 18.963916], [-155.680762, 18.967676], [-155.881299, 19.070508], [-155.905615, 19.12583], [-155.890723, 19.38252], [-155.96582, 19.59082], [-156.048682, 19.749951], [-155.988428, 19.831592], [-155.908887, 19.894727], [-155.820312, 20.01416]]], [[[-156.234766, 20.628613], [-156.309961, 20.598779], [-156.408789, 20.605176], [-156.438232, 20.617871], [-156.448877, 20.70625], [-156.480078, 20.801221], [-156.543848, 20.78999], [-156.61543, 20.821826], [-156.689697, 20.901416], [-156.697754, 20.949072], [-156.656885, 21.024512], [-156.5854, 21.034326], [-156.532324, 20.992676], [-156.486816, 20.932568], [-156.46084, 20.914746], [-156.354395, 20.941455], [-156.277539, 20.95127], [-156.14834, 20.885498], [-156.103516, 20.840332], [-156.018652, 20.79209], [-155.989844, 20.757129], [-156.013574, 20.714795], [-156.107129, 20.644775], [-156.234766, 20.628613]]], [[[-156.908887, 20.744482], [-156.973389, 20.75752], [-156.988428, 20.825684], [-157.050586, 20.912451], [-156.941797, 20.930029], [-156.880566, 20.904834], [-156.848291, 20.877783], [-156.809375, 20.831152], [-156.849609, 20.772656], [-156.908887, 20.744482]]], [[[-157.253809, 21.180566], [-157.249951, 21.229785], [-157.213623, 21.215381], [-157.002295, 21.187939], [-156.952344, 21.199707], [-156.917188, 21.177295], [-156.742188, 21.163525], [-156.712158, 21.155078], [-156.7479, 21.103564], [-156.859863, 21.056348], [-157.020898, 21.097803], [-157.290332, 21.112598], [-157.279492, 21.152344], [-157.253809, 21.180566]]], [[[-157.968311, 21.366895], [-157.978418, 21.378516], [-158.017285, 21.367725], [-157.980957, 21.316113], [-158.07915, 21.312256], [-158.110352, 21.318604], [-158.137842, 21.377148], [-158.239111, 21.489355], [-158.238672, 21.533057], [-158.273145, 21.585254], [-158.123096, 21.600244], [-158.020361, 21.691797], [-157.9625, 21.701367], [-157.851514, 21.553369], [-157.854346, 21.511914], [-157.82959, 21.471436], [-157.799365, 21.456641], [-157.76499, 21.450928], [-157.720898, 21.457715], [-157.705518, 21.378076], [-157.65415, 21.333936], [-157.6354, 21.307617], [-157.690869, 21.279736], [-157.798779, 21.268604], [-157.849316, 21.29082], [-157.901758, 21.340576], [-157.958447, 21.326904], [-157.968311, 21.366895]]], [[[-160.153418, 21.87876], [-160.180029, 21.841064], [-160.200244, 21.796875], [-160.234717, 21.803662], [-160.243457, 21.843066], [-160.220898, 21.897266], [-160.163867, 21.944043], [-160.100635, 22.015234], [-160.04873, 22.004639], [-160.076709, 21.958105], [-160.080029, 21.907422], [-160.153418, 21.87876]]], [[[-159.304785, 22.154053], [-159.300684, 22.105273], [-159.330176, 22.050684], [-159.34375, 21.973633], [-159.372754, 21.932373], [-159.460693, 21.876123], [-159.511865, 21.900391], [-159.608838, 21.909521], [-159.646387, 21.951758], [-159.747998, 21.989844], [-159.78916, 22.041797], [-159.726611, 22.140186], [-159.579199, 22.223145], [-159.352051, 22.21958], [-159.304785, 22.154053]]], [[[-169.691943, 52.847363], [-169.708105, 52.807129], [-169.722754, 52.792334], [-169.877344, 52.81377], [-169.980566, 52.806006], [-169.991846, 52.829834], [-169.982568, 52.851025], [-169.820654, 52.883398], [-169.754883, 52.883643], [-169.710986, 52.866748], [-169.691943, 52.847363]]], [[[-169.073096, 52.86416], [-168.973877, 52.909668], [-168.90918, 52.951172], [-168.836084, 53.019727], [-168.79585, 53.044922], [-168.783008, 53.079346], [-168.777783, 53.148779], [-168.759619, 53.175049], [-168.689844, 53.227246], [-168.639014, 53.255762], [-168.572168, 53.265625], [-168.436621, 53.256885], [-168.38042, 53.283447], [-168.362988, 53.303564], [-168.397266, 53.321924], [-168.405322, 53.353809], [-168.396436, 53.408789], [-168.357227, 53.457568], [-168.287695, 53.500146], [-168.193066, 53.533301], [-168.073291, 53.556982], [-167.985693, 53.558203], [-167.828076, 53.507959], [-167.804688, 53.484961], [-167.843115, 53.43457], [-167.865137, 53.387305], [-167.964355, 53.345117], [-168.270703, 53.238037], [-168.370117, 53.159766], [-168.445996, 53.084424], [-168.505615, 53.043164], [-168.549023, 53.036084], [-168.597412, 53.016113], [-168.698535, 52.963428], [-168.741016, 52.956885], [-169.065918, 52.833936], [-169.088916, 52.832031], [-169.073096, 52.86416]]], [[[-166.549219, 53.700977], [-166.384717, 53.720508], [-166.33877, 53.717676], [-166.309473, 53.69751], [-166.354541, 53.673535], [-166.444189, 53.651807], [-166.522021, 53.609668], [-166.702197, 53.53667], [-166.77041, 53.476025], [-166.850977, 53.452881], [-166.960742, 53.447363], [-167.153662, 53.407861], [-167.270801, 53.370605], [-167.300439, 53.350488], [-167.337256, 53.340967], [-167.381299, 53.341992], [-167.428809, 53.325684], [-167.479834, 53.291992], [-167.522461, 53.276221], [-167.592187, 53.272705], [-167.628613, 53.259424], [-167.669434, 53.259961], [-167.780859, 53.300244], [-167.808789, 53.323779], [-167.710107, 53.370898], [-167.638721, 53.386572], [-167.530176, 53.393701], [-167.423535, 53.437256], [-167.204102, 53.494971], [-167.136084, 53.526465], [-167.092334, 53.635937], [-167.042432, 53.65459], [-167.015723, 53.698389], [-166.894141, 53.697119], [-166.83833, 53.648047], [-166.81875, 53.641357], [-166.808984, 53.646143], [-166.803662, 53.6854], [-166.74126, 53.712939], [-166.777246, 53.733154], [-166.8896, 53.758594], [-166.972949, 53.770557], [-167.027246, 53.769141], [-167.071484, 53.783398], [-167.105615, 53.813379], [-167.121143, 53.843115], [-167.118164, 53.872607], [-167.090479, 53.905664], [-167.038086, 53.942187], [-166.978076, 53.962939], [-166.848682, 53.977881], [-166.734033, 54.002197], [-166.673291, 54.005957], [-166.627393, 53.995654], [-166.615332, 53.900928], [-166.572168, 53.853467], [-166.497461, 53.883545], [-166.442773, 53.924805], [-166.400049, 53.978125], [-166.372314, 53.998975], [-166.335645, 53.970898], [-166.230859, 53.932617], [-166.318994, 53.873779], [-166.48877, 53.785498], [-166.545605, 53.726465], [-166.549219, 53.700977]]], [[[-166.18374, 53.756885], [-166.209766, 53.723291], [-166.223828, 53.72041], [-166.249414, 53.745166], [-166.250732, 53.767773], [-166.187744, 53.822461], [-166.154541, 53.836133], [-166.113721, 53.843066], [-166.102686, 53.832812], [-166.138623, 53.787402], [-166.18374, 53.756885]]], [[[-165.966406, 54.211035], [-165.892871, 54.206982], [-165.764453, 54.1521], [-165.704248, 54.119922], [-165.692871, 54.099902], [-165.737891, 54.081104], [-165.841553, 54.070654], [-165.879395, 54.053027], [-165.909863, 54.04917], [-165.93291, 54.05918], [-166.036426, 54.047168], [-166.056641, 54.054346], [-166.102832, 54.113965], [-166.105811, 54.144824], [-166.087744, 54.169141], [-166.04126, 54.19126], [-165.966406, 54.211035]]], [[[-165.407861, 54.196826], [-165.467578, 54.180908], [-165.561133, 54.136719], [-165.604834, 54.12915], [-165.615381, 54.139551], [-165.620508, 54.183545], [-165.65415, 54.25332], [-165.590332, 54.278662], [-165.550635, 54.284521], [-165.533789, 54.273877], [-165.487695, 54.221875], [-165.407861, 54.196826]]], [[[-162.820557, 54.494531], [-162.64541, 54.462061], [-162.607959, 54.446631], [-162.554395, 54.401367], [-162.641113, 54.379541], [-162.733105, 54.402295], [-162.811719, 54.444385], [-162.820557, 54.494531]]], [[[-164.073291, 54.620996], [-164.171289, 54.603027], [-164.234619, 54.571338], [-164.34668, 54.482422], [-164.403516, 54.447852], [-164.463477, 54.427344], [-164.59082, 54.404346], [-164.743799, 54.407471], [-164.823438, 54.419092], [-164.866162, 54.461377], [-164.903955, 54.544775], [-164.903711, 54.567969], [-164.887646, 54.607813], [-164.751465, 54.662939], [-164.706201, 54.691992], [-164.529785, 54.880859], [-164.478613, 54.906836], [-164.424316, 54.913184], [-164.273682, 54.900049], [-164.145068, 54.955127], [-163.867969, 55.039111], [-163.807129, 55.049072], [-163.607471, 55.05083], [-163.553027, 55.037842], [-163.510889, 55.014307], [-163.476025, 54.980713], [-163.378955, 54.815527], [-163.336914, 54.783203], [-163.187109, 54.747754], [-163.135059, 54.723291], [-163.089258, 54.686084], [-163.083252, 54.668994], [-163.358105, 54.735693], [-163.530859, 54.63833], [-163.583008, 54.625684], [-164.073291, 54.620996]]], [[[-162.298145, 54.847021], [-162.321924, 54.842383], [-162.390771, 54.872998], [-162.415771, 54.895898], [-162.433887, 54.931543], [-162.293652, 54.982861], [-162.2646, 54.983496], [-162.238379, 54.954736], [-162.23374, 54.932031], [-162.272559, 54.867188], [-162.298145, 54.847021]]], [[[-132.705811, 54.68418], [-132.807275, 54.709131], [-132.8896, 54.762646], [-133.008936, 54.854834], [-133.075391, 54.921338], [-133.080566, 54.949414], [-133.122705, 54.969824], [-133.204639, 55.084473], [-133.251172, 55.175146], [-133.324854, 55.185498], [-133.417969, 55.210693], [-133.453809, 55.260352], [-133.429053, 55.303809], [-133.296582, 55.325732], [-133.097412, 55.213721], [-133.06709, 55.166211], [-132.995752, 55.110596], [-132.982178, 55.033008], [-132.945996, 55.002588], [-132.862256, 54.894434], [-132.837744, 54.880957], [-132.812891, 54.89043], [-132.772314, 54.926074], [-132.700635, 54.919043], [-132.648877, 54.90708], [-132.617236, 54.892432], [-132.634033, 54.840479], [-132.646973, 54.756152], [-132.67666, 54.726221], [-132.705811, 54.68418]]], [[[-159.458496, 55.034961], [-159.461914, 55.058789], [-159.39043, 55.040869], [-159.363184, 54.999512], [-159.362012, 54.972412], [-159.394482, 54.967334], [-159.421338, 54.978125], [-159.458496, 55.034961]]], [[[-160.13374, 55.120166], [-160.102197, 55.133887], [-160.03877, 55.192529], [-159.981641, 55.197754], [-159.920459, 55.267529], [-159.887354, 55.272998], [-159.871045, 55.263574], [-159.898242, 55.221289], [-159.839404, 55.182373], [-159.854102, 55.144678], [-159.872998, 55.12876], [-159.933936, 55.106836], [-159.953076, 55.078955], [-159.999414, 55.067187], [-160.038428, 55.044482], [-160.16958, 54.941699], [-160.227051, 54.922705], [-160.163574, 55.010449], [-160.153613, 55.03833], [-160.152393, 55.056885], [-160.17207, 55.123047], [-160.13374, 55.120166]]], [[[-159.574756, 55.217725], [-159.545068, 55.225977], [-159.515137, 55.151855], [-159.52041, 55.072168], [-159.534961, 55.059619], [-159.561475, 55.080908], [-159.617725, 55.057324], [-159.648486, 55.074561], [-159.6354, 55.102344], [-159.639648, 55.123975], [-159.597949, 55.125684], [-159.588037, 55.165332], [-159.595264, 55.182031], [-159.574756, 55.217725]]], [[[-160.609082, 55.159033], [-160.701807, 55.177637], [-160.750635, 55.171191], [-160.795068, 55.145215], [-160.825488, 55.173975], [-160.846533, 55.311328], [-160.839648, 55.3354], [-160.789209, 55.383105], [-160.723926, 55.404639], [-160.695654, 55.39834], [-160.672168, 55.379395], [-160.666357, 55.359424], [-160.684912, 55.314795], [-160.638818, 55.321924], [-160.573975, 55.378271], [-160.552783, 55.380762], [-160.55249, 55.363379], [-160.583154, 55.307617], [-160.531201, 55.233203], [-160.482666, 55.197412], [-160.487549, 55.184863], [-160.609082, 55.159033]]], [[[-160.49292, 55.352344], [-160.362305, 55.356982], [-160.329297, 55.337695], [-160.343311, 55.258789], [-160.480762, 55.308984], [-160.51748, 55.333838], [-160.49292, 55.352344]]], [[[-133.737109, 55.496924], [-133.634229, 55.539258], [-133.566699, 55.527197], [-133.454785, 55.522314], [-133.345557, 55.559082], [-133.305078, 55.54375], [-133.283203, 55.515625], [-133.281689, 55.497852], [-133.426465, 55.431445], [-133.429102, 55.417725], [-133.463086, 55.37666], [-133.493457, 55.36167], [-133.547363, 55.317236], [-133.650195, 55.269287], [-133.63501, 55.41333], [-133.737109, 55.496924]]], [[[-132.597607, 55.89502], [-132.533789, 55.84248], [-132.496973, 55.798096], [-132.430176, 55.687012], [-132.288867, 55.558105], [-132.214746, 55.518848], [-132.172705, 55.480615], [-132.196338, 55.47915], [-132.295898, 55.507471], [-132.511279, 55.593945], [-132.528857, 55.590479], [-132.54834, 55.543701], [-132.581738, 55.502637], [-132.631299, 55.473193], [-132.591602, 55.464355], [-132.417871, 55.48291], [-132.272021, 55.398633], [-132.215283, 55.383545], [-132.160254, 55.322998], [-132.158398, 55.299805], [-132.19043, 55.25498], [-132.214893, 55.236768], [-132.206689, 55.224414], [-132.165967, 55.218018], [-132.005078, 55.230615], [-131.976416, 55.208594], [-132.000391, 55.033838], [-131.977588, 54.969482], [-131.97793, 54.940234], [-131.996582, 54.901416], [-131.997217, 54.868604], [-131.982715, 54.834912], [-131.980859, 54.804834], [-132.02168, 54.726318], [-132.064746, 54.713135], [-132.134326, 54.712549], [-132.189258, 54.734863], [-132.266309, 54.802344], [-132.341309, 54.907227], [-132.370215, 54.922217], [-132.468652, 54.937939], [-132.486475, 54.950391], [-132.549365, 54.952588], [-132.593848, 54.995752], [-132.588477, 55.052344], [-132.626953, 55.110059], [-132.622168, 55.135937], [-132.665332, 55.146777], [-132.701758, 55.130518], [-132.682861, 55.073926], [-132.70415, 55.030078], [-132.782324, 55.048486], [-132.912598, 55.188477], [-133.060596, 55.300928], [-133.118555, 55.327637], [-133.103027, 55.360254], [-133.030029, 55.377539], [-132.970801, 55.376172], [-132.958887, 55.395557], [-133.082471, 55.504102], [-133.078418, 55.534912], [-133.033398, 55.589697], [-133.089648, 55.612598], [-133.24375, 55.59541], [-133.298242, 55.606885], [-133.342822, 55.65083], [-133.368994, 55.688965], [-133.502734, 55.695898], [-133.553271, 55.691162], [-133.640479, 55.748779], [-133.680176, 55.785156], [-133.664404, 55.803809], [-133.584082, 55.836523], [-133.537158, 55.831934], [-133.446973, 55.797021], [-133.411719, 55.79834], [-133.322119, 55.844629], [-133.308496, 55.886475], [-133.241504, 55.920801], [-133.252148, 55.95708], [-133.289209, 56.018701], [-133.37124, 56.035889], [-133.538623, 55.999268], [-133.684229, 55.942773], [-133.742529, 55.964844], [-133.755176, 55.999463], [-133.599219, 56.093652], [-133.530859, 56.145654], [-133.544092, 56.176514], [-133.594434, 56.216357], [-133.598633, 56.31626], [-133.566113, 56.339209], [-133.376611, 56.317773], [-133.202979, 56.319824], [-133.143701, 56.278564], [-133.104492, 56.235107], [-133.081738, 56.194189], [-133.075439, 56.155859], [-133.080127, 56.128711], [-133.101221, 56.099805], [-133.096631, 56.090039], [-132.757568, 55.99502], [-132.597607, 55.89502]]], [[[-155.680615, 55.791846], [-155.723193, 55.802197], [-155.737354, 55.829785], [-155.620605, 55.913086], [-155.593945, 55.924316], [-155.573242, 55.921094], [-155.563916, 55.88667], [-155.566016, 55.821191], [-155.604883, 55.789551], [-155.680615, 55.791846]]], [[[-132.629102, 56.411914], [-132.632275, 56.388281], [-132.652832, 56.364355], [-132.657568, 56.339307], [-132.646582, 56.313184], [-132.669385, 56.287305], [-132.779883, 56.247266], [-132.830957, 56.244141], [-132.891455, 56.259424], [-133.03501, 56.340918], [-133.037646, 56.364844], [-133.01709, 56.391992], [-132.935498, 56.441797], [-132.902051, 56.45376], [-132.706055, 56.448486], [-132.643359, 56.435156], [-132.629102, 56.411914]]], [[[-133.884619, 56.292139], [-133.938525, 56.193652], [-133.949707, 56.127734], [-133.970801, 56.10791], [-133.993994, 56.101123], [-134.024023, 56.118994], [-134.06748, 56.133008], [-134.122412, 56.077393], [-134.1896, 56.076953], [-134.245068, 56.203271], [-134.195459, 56.413525], [-134.084375, 56.456348], [-134.150488, 56.513477], [-134.290234, 56.580029], [-134.278369, 56.61709], [-134.384424, 56.724023], [-134.390625, 56.749463], [-134.373682, 56.838672], [-134.274414, 56.918164], [-134.143262, 56.932324], [-134.051807, 56.898291], [-134.000586, 56.869189], [-133.9896, 56.844971], [-133.924805, 56.775684], [-133.830859, 56.781299], [-133.778125, 56.728906], [-133.738379, 56.650439], [-133.767285, 56.600098], [-133.809033, 56.611328], [-133.855273, 56.582178], [-133.883594, 56.485498], [-133.870459, 56.388672], [-133.884619, 56.292139]]], [[[-154.511182, 56.521436], [-154.682813, 56.435791], [-154.751221, 56.412158], [-154.773926, 56.420264], [-154.777148, 56.439893], [-154.760938, 56.471143], [-154.729346, 56.502148], [-154.62373, 56.561328], [-154.517529, 56.600537], [-154.463379, 56.598193], [-154.444873, 56.573193], [-154.511182, 56.521436]]], [[[-154.257812, 56.512695], [-154.332129, 56.539014], [-154.322217, 56.570605], [-154.216748, 56.60874], [-154.1104, 56.60293], [-154.102246, 56.581641], [-154.107178, 56.557812], [-154.115967, 56.543896], [-154.149805, 56.52959], [-154.208643, 56.514893], [-154.257812, 56.512695]]], [[[-169.485693, 56.617725], [-169.474316, 56.594043], [-169.586865, 56.542432], [-169.632617, 56.545703], [-169.766162, 56.607959], [-169.755225, 56.635059], [-169.623926, 56.615137], [-169.550488, 56.628125], [-169.485693, 56.617725]]], [[[-132.95918, 56.677051], [-132.975879, 56.647266], [-133.004102, 56.62373], [-133.034912, 56.620752], [-133.132373, 56.683252], [-133.243994, 56.79585], [-133.328955, 56.830078], [-133.332422, 56.818506], [-133.309082, 56.78623], [-133.239697, 56.725684], [-133.227246, 56.689258], [-133.178467, 56.644824], [-133.156641, 56.611133], [-133.144238, 56.566895], [-133.144727, 56.528223], [-133.158154, 56.495166], [-133.180811, 56.473975], [-133.212646, 56.4646], [-133.382764, 56.473877], [-133.48418, 56.451758], [-133.602783, 56.464111], [-133.631348, 56.484033], [-133.649268, 56.516797], [-133.658301, 56.596289], [-133.688184, 56.71001], [-133.680957, 56.79751], [-133.75752, 56.87666], [-133.823047, 56.924365], [-133.917285, 56.96709], [-133.979443, 57.00957], [-133.962354, 57.043457], [-133.865967, 57.068701], [-133.707715, 57.062842], [-133.366211, 57.003516], [-133.299707, 56.972168], [-133.263525, 57.00498], [-133.195996, 57.003467], [-133.070801, 56.974268], [-132.99624, 56.93042], [-132.95415, 56.880273], [-132.950586, 56.850439], [-132.96333, 56.782568], [-132.954004, 56.713086], [-132.95918, 56.677051]]], [[[-134.65708, 56.523242], [-134.631689, 56.435645], [-134.630029, 56.302441], [-134.654004, 56.22749], [-134.681885, 56.216162], [-134.750293, 56.240771], [-134.806445, 56.28125], [-134.847998, 56.323486], [-134.950146, 56.456836], [-134.980566, 56.518945], [-134.982422, 56.563623], [-134.96665, 56.596143], [-134.933203, 56.616357], [-134.875098, 56.670459], [-134.883447, 56.679053], [-134.927588, 56.666992], [-135.017822, 56.660156], [-135.097168, 56.702832], [-135.159033, 56.725391], [-135.146582, 56.802344], [-135.163135, 56.824121], [-135.284814, 56.800342], [-135.330615, 56.821875], [-135.340625, 56.850781], [-135.338379, 56.893994], [-135.315137, 56.931836], [-135.199609, 57.027344], [-135.21123, 57.044922], [-135.267383, 57.048877], [-135.341357, 57.081592], [-135.375293, 57.188428], [-135.454932, 57.249414], [-135.501953, 57.243848], [-135.608936, 57.071436], [-135.661865, 57.03374], [-135.812305, 57.009521], [-135.781641, 57.05752], [-135.767725, 57.100391], [-135.821143, 57.23042], [-135.822754, 57.28042], [-135.787109, 57.317285], [-135.680908, 57.332568], [-135.624512, 57.354395], [-135.580566, 57.38999], [-135.569629, 57.424707], [-135.487305, 57.516504], [-135.448682, 57.534375], [-135.346289, 57.533105], [-135.130664, 57.431641], [-135.065234, 57.416699], [-134.969775, 57.351416], [-134.823193, 57.156543], [-134.768506, 57.054199], [-134.676855, 56.842285], [-134.634082, 56.762109], [-134.620703, 56.718311], [-134.610547, 56.603418], [-134.624316, 56.578711], [-134.651709, 56.556055], [-134.65708, 56.523242]]], [[[-152.907764, 57.139746], [-152.933447, 57.129248], [-153.00708, 57.124854], [-153.134229, 57.092578], [-153.156836, 57.093945], [-153.2354, 57.028613], [-153.29541, 57.000439], [-153.374609, 57.051904], [-153.354346, 57.131934], [-153.285205, 57.185059], [-152.935449, 57.167334], [-152.908398, 57.152441], [-152.907764, 57.139746]]], [[[-152.411475, 57.646094], [-152.236523, 57.614893], [-152.215283, 57.597705], [-152.216211, 57.577002], [-152.33667, 57.482227], [-152.380859, 57.460107], [-152.412207, 57.454785], [-152.630957, 57.471826], [-152.831152, 57.502881], [-152.912158, 57.508154], [-152.940771, 57.498096], [-152.997461, 57.468945], [-152.956836, 57.460352], [-152.781348, 57.453418], [-152.719531, 57.41084], [-152.692529, 57.37959], [-152.679053, 57.345117], [-152.714063, 57.330957], [-152.789111, 57.320654], [-152.879053, 57.320801], [-152.990283, 57.281982], [-153.051611, 57.237646], [-153.274365, 57.226367], [-153.443701, 57.167187], [-153.503564, 57.137988], [-153.524414, 57.103076], [-153.588281, 57.077686], [-153.732568, 57.052344], [-153.646533, 57.02959], [-153.633057, 57.010352], [-153.631445, 56.983691], [-153.643311, 56.960742], [-153.757227, 56.85835], [-153.972705, 56.774219], [-154.027344, 56.777979], [-154.050781, 56.788477], [-154.07002, 56.804541], [-154.07085, 56.820654], [-153.793213, 56.989502], [-153.804199, 56.997803], [-153.879736, 57.003516], [-153.999365, 57.049951], [-154.083789, 57.020068], [-154.102979, 57.02124], [-154.080469, 57.061035], [-154.025439, 57.108496], [-154.035059, 57.121826], [-154.065332, 57.133691], [-154.134863, 57.140771], [-154.24375, 57.143018], [-154.324414, 57.131787], [-154.376807, 57.107031], [-154.381104, 57.096533], [-154.269531, 57.099463], [-154.239209, 57.086865], [-154.209131, 57.06333], [-154.19082, 57.036133], [-154.184326, 57.005322], [-154.207715, 56.963818], [-154.260938, 56.911768], [-154.338965, 56.920898], [-154.498779, 57.036572], [-154.569336, 57.205908], [-154.705957, 57.335352], [-154.712207, 57.36626], [-154.673193, 57.446094], [-154.535303, 57.559424], [-154.387061, 57.590479], [-154.281445, 57.638086], [-154.179346, 57.652441], [-154.116162, 57.651221], [-154.029834, 57.630713], [-153.99502, 57.587305], [-154.015869, 57.566895], [-154.00791, 57.556152], [-153.947363, 57.530078], [-153.881885, 57.439014], [-153.80542, 57.358203], [-153.75459, 57.325342], [-153.687695, 57.305127], [-153.756934, 57.366846], [-153.797803, 57.443262], [-153.818359, 57.595605], [-153.838135, 57.63584], [-153.799463, 57.64668], [-153.690137, 57.640723], [-153.693164, 57.663428], [-153.808496, 57.714746], [-153.879443, 57.757178], [-153.906104, 57.790771], [-153.904443, 57.819873], [-153.841553, 57.862842], [-153.805811, 57.875098], [-153.768994, 57.880371], [-153.695605, 57.87124], [-153.662646, 57.857813], [-153.568555, 57.761084], [-153.524463, 57.731006], [-153.487939, 57.730957], [-153.454053, 57.747021], [-153.422705, 57.77915], [-153.39043, 57.798389], [-153.357129, 57.804688], [-153.252393, 57.790479], [-153.21748, 57.795752], [-153.200293, 57.82002], [-153.201025, 57.863281], [-153.175195, 57.878857], [-153.168848, 57.910645], [-153.225928, 57.957617], [-153.160449, 57.971973], [-152.943262, 57.936035], [-152.850391, 57.896777], [-152.898047, 57.823926], [-152.89082, 57.768994], [-152.850146, 57.775684], [-152.69624, 57.832275], [-152.616016, 57.848877], [-152.511572, 57.851465], [-152.42876, 57.825684], [-152.411914, 57.805908], [-152.419141, 57.782324], [-152.4854, 57.734424], [-152.482617, 57.70332], [-152.411475, 57.646094]]], [[[-134.031641, 57.820605], [-134.067236, 57.8396], [-134.104736, 57.879346], [-134.177539, 57.982178], [-134.180273, 58.011133], [-134.212598, 58.037939], [-134.249951, 58.04917], [-134.292334, 58.044727], [-134.306885, 58.034375], [-134.300391, 57.963428], [-134.26709, 57.884521], [-134.083691, 57.712256], [-133.961133, 57.61416], [-133.937012, 57.581592], [-133.92085, 57.491992], [-133.97373, 57.451367], [-133.908838, 57.368701], [-133.911133, 57.352539], [-133.925293, 57.336768], [-134.100049, 57.300098], [-134.260156, 57.146777], [-134.435303, 57.056982], [-134.516016, 57.042578], [-134.554785, 57.057568], [-134.591504, 57.091992], [-134.613086, 57.137939], [-134.619531, 57.195508], [-134.575879, 57.231738], [-134.489209, 57.420166], [-134.486768, 57.482031], [-134.594824, 57.567822], [-134.659863, 57.638086], [-134.695117, 57.736035], [-134.754102, 57.99502], [-134.781494, 58.077832], [-134.820117, 58.146875], [-134.869971, 58.2021], [-134.907666, 58.262793], [-134.933105, 58.328955], [-134.923486, 58.354639], [-134.836963, 58.320166], [-134.733203, 58.225], [-134.680273, 58.16167], [-134.426123, 58.138818], [-134.240088, 58.143994], [-134.070166, 57.994531], [-133.965527, 57.873779], [-133.904102, 57.789209], [-133.869287, 57.70752], [-133.822754, 57.628662], [-133.826904, 57.617578], [-133.925, 57.670801], [-133.995557, 57.778467], [-134.031641, 57.820605]]], [[[-135.346631, 58.124121], [-135.162842, 58.09585], [-135.0021, 58.051074], [-134.954688, 58.015332], [-134.927979, 57.952783], [-134.970654, 57.817236], [-135.102588, 57.793652], [-135.164746, 57.796094], [-135.231201, 57.81582], [-135.338477, 57.768652], [-135.249561, 57.732568], [-134.978857, 57.724365], [-134.896631, 57.647998], [-134.873096, 57.589209], [-134.931494, 57.481152], [-135.084863, 57.511035], [-135.220215, 57.573633], [-135.497852, 57.662256], [-135.564209, 57.666406], [-135.608545, 57.650732], [-135.620654, 57.596973], [-135.617822, 57.480371], [-135.691943, 57.419922], [-135.910791, 57.446582], [-135.99668, 57.534863], [-136.076611, 57.674561], [-136.378223, 57.83999], [-136.459912, 57.873096], [-136.568604, 57.972168], [-136.525098, 58.050586], [-136.512305, 58.095996], [-136.454395, 58.108008], [-136.369531, 58.143066], [-136.321973, 58.218896], [-136.245703, 58.157471], [-136.14375, 58.098486], [-136.142334, 58.153906], [-136.094385, 58.198145], [-135.994385, 58.196533], [-135.947412, 58.205811], [-135.881738, 58.247168], [-135.787061, 58.268506], [-135.730371, 58.244238], [-135.5875, 58.146777], [-135.586279, 58.124414], [-135.615381, 58.057471], [-135.693115, 58.038525], [-135.671143, 58.011914], [-135.613232, 57.991846], [-135.572021, 58.008545], [-135.421191, 58.102393], [-135.374707, 58.122119], [-135.346631, 58.124121]]], [[[-153.240625, 57.850098], [-153.268555, 57.822363], [-153.294971, 57.829492], [-153.35083, 57.861963], [-153.465039, 57.909375], [-153.51709, 57.941895], [-153.520068, 57.955762], [-153.481055, 57.971045], [-153.346973, 57.932812], [-153.290039, 57.8979], [-153.240625, 57.850098]]], [[[-151.98252, 58.244336], [-152.068896, 58.17793], [-152.109082, 58.161133], [-152.186523, 58.184668], [-152.223584, 58.214014], [-152.25166, 58.251123], [-152.268359, 58.251709], [-152.334375, 58.208057], [-152.332666, 58.186523], [-152.305225, 58.154053], [-152.309229, 58.133887], [-152.381152, 58.124268], [-152.451611, 58.129248], [-152.537646, 58.100977], [-152.558203, 58.118604], [-152.571338, 58.168213], [-152.598242, 58.162598], [-152.63877, 58.101807], [-152.683057, 58.06333], [-152.763867, 58.031396], [-152.781543, 58.015918], [-152.840723, 58.013818], [-152.928418, 57.993701], [-152.982568, 57.99707], [-153.305469, 58.063086], [-153.381348, 58.087207], [-153.11582, 58.238525], [-152.976123, 58.297021], [-152.895361, 58.293848], [-152.814551, 58.275635], [-152.771875, 58.278564], [-152.768701, 58.345605], [-152.843945, 58.395605], [-152.841113, 58.416406], [-152.674658, 58.450586], [-152.612305, 58.445703], [-152.543555, 58.428174], [-152.478467, 58.399707], [-152.416943, 58.360205], [-152.380762, 58.3521], [-152.343018, 58.411621], [-152.31626, 58.413477], [-152.197949, 58.363086], [-152.125244, 58.374268], [-152.078516, 58.312354], [-152.036621, 58.306689], [-151.997754, 58.314209], [-151.974365, 58.309863], [-151.98252, 58.244336]]], [[[-134.593994, 58.243115], [-134.661572, 58.290918], [-134.647998, 58.312402], [-134.519971, 58.33252], [-134.398877, 58.287207], [-134.312744, 58.228906], [-134.319873, 58.204102], [-134.45625, 58.206543], [-134.593994, 58.243115]]], [[[-152.486084, 58.48501], [-152.515527, 58.478613], [-152.588623, 58.509229], [-152.636621, 58.541699], [-152.604883, 58.566406], [-152.463184, 58.618506], [-152.395508, 58.619385], [-152.36792, 58.611084], [-152.356836, 58.594971], [-152.362256, 58.57085], [-152.392822, 58.540869], [-152.486084, 58.48501]]], [[[-161.070264, 58.569141], [-161.131494, 58.668213], [-161.08457, 58.671289], [-160.98623, 58.736426], [-160.768604, 58.789209], [-160.715137, 58.795215], [-160.918994, 58.5771], [-160.992383, 58.561035], [-161.070264, 58.569141]]], [[[-144.541553, 59.878223], [-144.444922, 59.950684], [-144.353955, 59.996191], [-144.235742, 60.015186], [-144.248975, 59.982129], [-144.403223, 59.921094], [-144.565625, 59.818408], [-144.613574, 59.812646], [-144.541553, 59.878223]]], [[[-165.712354, 60.069336], [-165.630566, 60.028369], [-165.605029, 59.972803], [-165.591797, 59.913135], [-165.769287, 59.893213], [-165.946729, 59.890039], [-166.099854, 59.849609], [-166.131201, 59.819775], [-166.106689, 59.775439], [-166.14873, 59.764111], [-166.187549, 59.773828], [-166.261621, 59.814893], [-166.342969, 59.834424], [-166.627637, 59.864648], [-166.985059, 59.983887], [-167.138867, 60.008545], [-167.295117, 60.095703], [-167.436426, 60.206641], [-167.344336, 60.224463], [-167.251709, 60.233545], [-166.836328, 60.216992], [-166.784375, 60.296436], [-166.730957, 60.31626], [-166.598975, 60.33877], [-166.475684, 60.382764], [-166.420361, 60.381689], [-166.363867, 60.364746], [-166.246973, 60.391162], [-166.184961, 60.396777], [-166.135449, 60.383545], [-166.043652, 60.333936], [-165.994922, 60.331152], [-165.840918, 60.34624], [-165.784473, 60.335596], [-165.729688, 60.314209], [-165.695801, 60.281543], [-165.689355, 60.224121], [-165.714404, 60.172852], [-165.706934, 60.100586], [-165.712354, 60.069336]]], [[[-147.12002, 60.363086], [-147.019873, 60.332227], [-146.957861, 60.288867], [-146.986719, 60.254346], [-147.318457, 60.075293], [-147.346338, 60.051953], [-147.376514, 59.991162], [-147.403809, 59.969971], [-147.447559, 59.960254], [-147.479395, 59.933691], [-147.499316, 59.890186], [-147.540234, 59.867529], [-147.602051, 59.865576], [-147.644922, 59.853613], [-147.66875, 59.831543], [-147.735889, 59.813232], [-147.846338, 59.798828], [-147.872461, 59.828369], [-147.814355, 59.901953], [-147.768066, 59.94375], [-147.733643, 59.953613], [-147.606689, 60.036621], [-147.46582, 60.097021], [-147.336523, 60.185352], [-147.205225, 60.311328], [-147.180859, 60.358252], [-147.12002, 60.363086]]], [[[-147.914209, 60.092334], [-148.021777, 60.065332], [-148.07417, 60.034717], [-148.271875, 60.053271], [-148.230664, 60.113525], [-148.07959, 60.15166], [-147.914209, 60.092334]]], [[[-147.805273, 60.230664], [-147.871338, 60.229785], [-147.891455, 60.299414], [-147.854883, 60.321436], [-147.837598, 60.371289], [-147.794531, 60.459863], [-147.77915, 60.466064], [-147.77417, 60.444971], [-147.760205, 60.43877], [-147.737305, 60.447412], [-147.702979, 60.486816], [-147.688574, 60.491406], [-147.658252, 60.450488], [-147.658691, 60.424121], [-147.690039, 60.398877], [-147.659961, 60.35249], [-147.712012, 60.272754], [-147.732129, 60.22207], [-147.759912, 60.190234], [-147.787842, 60.17793], [-147.81582, 60.185156], [-147.82168, 60.202734], [-147.805273, 60.230664]]], [[[-145.128125, 60.401123], [-145.102441, 60.388232], [-145.118506, 60.337109], [-145.150488, 60.312646], [-145.237646, 60.321338], [-145.284277, 60.336816], [-145.128125, 60.401123]]], [[[-146.650439, 60.335645], [-146.683008, 60.360693], [-146.702881, 60.395605], [-146.702539, 60.408545], [-146.670264, 60.432617], [-146.605908, 60.467822], [-146.560303, 60.480566], [-146.393945, 60.449658], [-146.37168, 60.422168], [-146.179541, 60.42876], [-146.124268, 60.423926], [-146.102246, 60.411182], [-146.128271, 60.392529], [-146.202393, 60.368018], [-146.419189, 60.325049], [-146.595313, 60.268457], [-146.618311, 60.273682], [-146.650439, 60.335645]]], [[[-151.899414, 60.490381], [-151.887305, 60.472705], [-151.986914, 60.373975], [-152.020752, 60.361719], [-152.069043, 60.358057], [-152.004492, 60.407422], [-151.959717, 60.50376], [-151.899414, 60.490381]]], [[[-148.11543, 60.830615], [-148.123779, 60.844336], [-148.099707, 60.894824], [-148.10166, 60.916113], [-148.037744, 60.924121], [-147.964404, 60.900146], [-147.943115, 60.875391], [-147.930713, 60.826172], [-148.057422, 60.81792], [-148.11543, 60.830615]]], [[[-168.761328, 63.21377], [-168.852393, 63.17124], [-169.109033, 63.184912], [-169.364697, 63.171143], [-169.47085, 63.121289], [-169.559277, 63.058203], [-169.571289, 62.996777], [-169.622852, 62.968555], [-169.676367, 62.956104], [-169.719824, 62.990088], [-169.777783, 63.09375], [-169.818604, 63.122363], [-169.863428, 63.140381], [-170.0, 63.175024851454644], [-170.0, 63.48857845798568], [-169.777441, 63.447998], [-169.624121, 63.430566], [-169.587207, 63.406592], [-169.554541, 63.373486], [-169.427588, 63.34834], [-169.295068, 63.35752], [-169.221094, 63.348584], [-168.996045, 63.347314], [-168.716016, 63.310596], [-168.761328, 63.21377]]], [[[-169.777881, 66.143115], [-169.72915, 66.058105], [-169.831689, 65.998926], [-169.891699, 66.006104], [-169.949316, 66.031006], [-170.0, 66.03332195177363], [-170.0, 66.16529597580302], [-169.888818, 66.163477], [-169.777881, 66.143115]]], [[[-166.03252, 66.277734], [-165.822217, 66.328076], [-165.829883, 66.317139], [-165.942285, 66.278174], [-166.109863, 66.227441], [-166.148633, 66.221826], [-166.146484, 66.237158], [-166.03252, 66.277734]]], [[[-139.291406, 69.597852], [-139.1396, 69.649609], [-139.072656, 69.647656], [-138.931543, 69.616943], [-138.878857, 69.589697], [-139.043115, 69.576904], [-139.125732, 69.539307], [-139.256982, 69.578564], [-139.291406, 69.597852]]], [[[-110.94209, 18.801709], [-110.914453, 18.741455], [-110.974805, 18.720361], [-111.063672, 18.781641], [-111.039941, 18.830127], [-110.989404, 18.863135], [-110.94209, 18.801709]]], [[[-109.900488, 24.330908], [-109.890332, 24.344824], [-109.793799, 24.183398], [-109.795605, 24.163574], [-109.805078, 24.151074], [-109.826758, 24.147559], [-109.87793, 24.200635], [-109.900488, 24.330908]]], [[[-111.698877, 24.393604], [-111.712305, 24.346387], [-112.013281, 24.533398], [-111.940869, 24.551123], [-111.856836, 24.537988], [-111.698877, 24.393604]]], [[[-112.19502, 24.841064], [-112.16377, 24.799658], [-112.130225, 24.72959], [-112.12627, 24.654004], [-112.06748, 24.583643], [-112.057275, 24.545703], [-112.077344, 24.53457], [-112.162891, 24.650293], [-112.175488, 24.72959], [-112.210498, 24.763135], [-112.296777, 24.789648], [-112.222314, 24.951123], [-112.159424, 25.285645], [-112.131689, 25.224365], [-112.198389, 24.885449], [-112.19502, 24.841064]]], [[[-110.657422, 24.968848], [-110.703418, 25.046631], [-110.699268, 25.081445], [-110.690234, 25.087842], [-110.595215, 25.042139], [-110.567383, 25.003467], [-110.538867, 24.891553], [-110.590186, 24.908057], [-110.657422, 24.968848]]], [[[-111.094434, 25.974072], [-111.135254, 25.99917], [-111.204492, 25.849707], [-111.224658, 25.835889], [-111.18291, 26.040625], [-111.139258, 26.069824], [-111.090869, 26.075684], [-111.100293, 26.020605], [-111.087744, 25.984521], [-111.094434, 25.974072]]], [[[-115.35293, 28.103955], [-115.2604, 28.220557], [-115.273975, 28.342773], [-115.233545, 28.368359], [-115.196973, 28.327881], [-115.148535, 28.172119], [-115.170605, 28.069385], [-115.184277, 28.037256], [-115.35293, 28.103955]]], [[[-112.203076, 29.005322], [-112.278418, 28.769336], [-112.355273, 28.773145], [-112.514062, 28.847607], [-112.531006, 28.893994], [-112.469824, 29.167725], [-112.423535, 29.203662], [-112.285059, 29.24043], [-112.263428, 29.206787], [-112.24873, 29.125977], [-112.203076, 29.005322]]], [[[-118.285498, 28.90376], [-118.400098, 29.112305], [-118.401367, 29.162744], [-118.367822, 29.187598], [-118.312305, 29.182861], [-118.312061, 29.130518], [-118.265527, 29.086426], [-118.247363, 29.043359], [-118.242773, 28.941943], [-118.285498, 28.90376]]], [[[-113.202148, 29.301855], [-113.17793, 29.131934], [-113.155615, 29.052246], [-113.162793, 29.034766], [-113.264746, 29.096729], [-113.496338, 29.307617], [-113.580615, 29.413232], [-113.594385, 29.462695], [-113.587207, 29.573047], [-113.507959, 29.559912], [-113.415918, 29.485937], [-113.37583, 29.41748], [-113.373828, 29.338916], [-113.202148, 29.301855]]], [[[-114.771094, 31.794092], [-114.709082, 31.756885], [-114.687939, 31.724219], [-114.694141, 31.705615], [-114.727246, 31.701367], [-114.789209, 31.747412], [-114.78457, 31.789795], [-114.771094, 31.794092]]], [[[-118.473193, 32.838916], [-118.528906, 32.935596], [-118.590186, 33.011182], [-118.55708, 33.032666], [-118.507471, 32.959912], [-118.383203, 32.849463], [-118.350391, 32.827588], [-118.408594, 32.818506], [-118.473193, 32.838916]]], [[[-119.575195, 33.27832], [-119.525146, 33.282031], [-119.478809, 33.274609], [-119.442041, 33.232422], [-119.438037, 33.217187], [-119.48252, 33.215332], [-119.543652, 33.224609], [-119.575195, 33.27832]]], [[[-118.554834, 33.4771], [-118.391699, 33.415088], [-118.347949, 33.385742], [-118.297461, 33.312109], [-118.370215, 33.32124], [-118.446289, 33.31709], [-118.469336, 33.357129], [-118.492041, 33.412793], [-118.507324, 33.427002], [-118.559424, 33.431982], [-118.56333, 33.437061], [-118.569434, 33.46416], [-118.554834, 33.4771]]], [[[-120.071826, 34.026514], [-119.994385, 33.984912], [-119.983936, 33.97334], [-120.043555, 33.918848], [-120.113916, 33.904883], [-120.167139, 33.918066], [-120.251904, 34.013867], [-120.071826, 34.026514]]], [[[-119.569141, 34.052979], [-119.549268, 34.028174], [-119.562207, 34.006592], [-119.80957, 33.967773], [-119.885498, 33.994922], [-119.892432, 34.032178], [-119.918066, 34.067822], [-119.882373, 34.079687], [-119.678857, 34.028467], [-119.569141, 34.052979]]], [[[-120.367725, 34.073291], [-120.306592, 34.024854], [-120.359717, 34.022266], [-120.441553, 34.03291], [-120.412939, 34.056299], [-120.367725, 34.073291]]], [[[-93.256348, 71.46084], [-93.031299, 71.335693], [-92.982568, 71.300342], [-92.948682, 71.262109], [-92.890186, 71.122363], [-92.882715, 71.069336], [-92.904199, 70.916064], [-92.921973, 70.887109], [-92.981445, 70.852246], [-92.960889, 70.838135], [-92.783008, 70.798145], [-92.641699, 70.718799], [-92.56748, 70.693213], [-92.388477, 70.650439], [-92.355811, 70.634277], [-92.315381, 70.60752], [-92.214453, 70.49292], [-92.049121, 70.389648], [-92.037207, 70.367383], [-92.072607, 70.31875], [-92.047363, 70.30332], [-91.983545, 70.285547], [-91.926221, 70.294775], [-91.875537, 70.331152], [-91.82041, 70.34165], [-91.76084, 70.32627], [-91.715625, 70.299219], [-91.654053, 70.232959], [-91.564062, 70.178271], [-91.571631, 70.161572], [-91.616113, 70.147852], [-91.858594, 70.132666], [-91.994971, 70.143213], [-92.121045, 70.169922], [-92.208643, 70.19751], [-92.290332, 70.239844], [-92.320508, 70.235352], [-92.363281, 70.20083], [-92.454687, 70.150439], [-92.511865, 70.103857], [-92.445752, 70.083154], [-92.127002, 70.084521], [-92.057715, 70.071436], [-91.976709, 70.038672], [-92.069043, 69.983984], [-92.284766, 69.892139], [-92.750928, 69.713916], [-92.887793, 69.668213], [-92.854541, 69.654883], [-92.802637, 69.651465], [-92.642822, 69.659277], [-92.493457, 69.683203], [-92.31167, 69.6729], [-92.230762, 69.653369], [-92.258301, 69.634326], [-92.209082, 69.60332], [-91.911963, 69.53125], [-91.724121, 69.545605], [-91.532373, 69.615039], [-91.384229, 69.649463], [-91.201807, 69.644775], [-91.150879, 69.637158], [-91.170312, 69.620312], [-91.305029, 69.581299], [-91.426855, 69.537939], [-91.439941, 69.525684], [-91.288135, 69.543213], [-90.950195, 69.515479], [-90.785742, 69.508594], [-90.66665, 69.515527], [-90.554932, 69.504492], [-90.450537, 69.475439], [-90.415576, 69.456982], [-90.513281, 69.445117], [-90.605566, 69.445312], [-90.683984, 69.427734], [-90.748535, 69.39248], [-90.79458, 69.346729], [-90.822119, 69.290479], [-90.892285, 69.267285], [-91.00498, 69.2771], [-91.049219, 69.293018], [-91.024854, 69.315234], [-91.057764, 69.318408], [-91.147852, 69.302588], [-91.217969, 69.3021], [-91.237207, 69.285547], [-90.744775, 69.105908], [-90.587305, 68.946875], [-90.479004, 68.881152], [-90.468359, 68.86377], [-90.538965, 68.81958], [-90.542529, 68.785986], [-90.510156, 68.688867], [-90.525244, 68.611279], [-90.573633, 68.474707], [-90.52832, 68.432227], [-90.423047, 68.394727], [-90.360059, 68.346729], [-90.317236, 68.330322], [-90.285254, 68.29165], [-90.247754, 68.267432], [-90.204785, 68.257471], [-90.174414, 68.270215], [-90.156836, 68.305518], [-90.116406, 68.338574], [-90.005322, 68.398047], [-89.897705, 68.490771], [-89.879492, 68.521533], [-89.896582, 68.594385], [-89.884229, 68.625586], [-89.783105, 68.735938], [-89.75083, 68.812451], [-89.720166, 68.931592], [-89.666602, 69.0146], [-89.552002, 69.084912], [-89.351904, 69.227002], [-89.279541, 69.255469], [-89.198486, 69.269482], [-89.056738, 69.266113], [-88.953516, 69.22041], [-88.814551, 69.135889], [-88.637744, 69.058838], [-88.315527, 68.954443], [-88.223535, 68.915039], [-88.041357, 68.811719], [-87.964355, 68.709277], [-87.911523, 68.564697], [-87.865967, 68.477637], [-87.827734, 68.448096], [-87.810303, 68.40415], [-87.813574, 68.345703], [-87.82793, 68.299951], [-87.853271, 68.266895], [-87.892676, 68.248145], [-87.990967, 68.242041], [-88.111133, 68.251172], [-88.145801, 68.266016], [-88.209082, 68.334863], [-88.235254, 68.339062], [-88.346973, 68.288281], [-88.360693, 68.259863], [-88.319629, 68.165771], [-88.325098, 67.98877], [-88.313818, 67.950342], [-88.195898, 67.76582], [-87.997168, 67.625684], [-87.499121, 67.355322], [-87.470801, 67.324609], [-87.41792, 67.21416], [-87.391943, 67.191064], [-87.359375, 67.177246], [-87.320264, 67.172852], [-87.26626, 67.183838], [-87.083203, 67.267773], [-86.923926, 67.35625], [-86.812793, 67.402393], [-86.749854, 67.406104], [-86.682031, 67.422314], [-86.609375, 67.45083], [-86.560791, 67.482129], [-86.536426, 67.516162], [-86.503516, 67.649463], [-86.475537, 67.713135], [-86.398047, 67.800098], [-86.369678, 67.824805], [-85.984473, 68.045361], [-85.952588, 68.072461], [-85.788867, 68.328027], [-85.731104, 68.44502], [-85.722803, 68.515479], [-85.744873, 68.578271], [-85.733838, 68.630127], [-85.689795, 68.670947], [-85.643164, 68.699707], [-85.562451, 68.728809], [-85.517773, 68.769824], [-85.491064, 68.773975], [-85.425049, 68.774268], [-85.338086, 68.746289], [-85.275098, 68.741357], [-84.867578, 68.77334], [-84.86748, 68.790381], [-85.106641, 68.844043], [-85.104346, 68.870947], [-85.083398, 68.90791], [-85.008301, 68.949219], [-84.916064, 68.962256], [-84.895312, 68.988525], [-84.892725, 69.020996], [-84.862207, 69.073975], [-84.890039, 69.092773], [-85.113525, 69.165869], [-85.242627, 69.162744], [-85.275488, 69.172314], [-85.386768, 69.231885], [-85.427539, 69.318408], [-85.431934, 69.353857], [-85.416406, 69.410889], [-85.402246, 69.426758], [-85.40918, 69.45249], [-85.437207, 69.488232], [-85.439502, 69.519922], [-85.415967, 69.547754], [-85.430127, 69.580664], [-85.482031, 69.61875], [-85.502441, 69.651514], [-85.4479, 69.748145], [-85.446094, 69.777783], [-85.497461, 69.819043], [-85.534814, 69.835059], [-85.507373, 69.845264], [-85.415137, 69.849512], [-85.30498, 69.836133], [-85.176807, 69.805127], [-85.019824, 69.804785], [-84.833984, 69.835059], [-84.645117, 69.849707], [-84.318799, 69.843701], [-84.24165, 69.83501], [-83.917187, 69.745361], [-83.665332, 69.699707], [-83.551709, 69.703955], [-82.991357, 69.685889], [-82.745605, 69.695117], [-82.618359, 69.691064], [-82.37417, 69.641797], [-82.390234, 69.600879], [-82.495703, 69.532227], [-82.633301, 69.518115], [-82.754834, 69.494385], [-82.642041, 69.458398], [-82.309863, 69.41001], [-82.231836, 69.332568], [-82.208154, 69.297021], [-82.246777, 69.26499], [-82.227539, 69.248877], [-82.150537, 69.248877], [-81.951807, 69.276074], [-81.732178, 69.258105], [-81.412305, 69.198145], [-81.377832, 69.185645], [-81.321582, 69.138916], [-81.328662, 69.119922], [-81.611426, 69.003027], [-81.75835, 68.956738], [-81.95166, 68.909082], [-81.95791, 68.883643], [-81.686914, 68.878955], [-81.476025, 68.865576], [-81.380908, 68.850049], [-81.331299, 68.827979], [-81.263525, 68.780615], [-81.25249, 68.743164], [-81.259131, 68.692432], [-81.281543, 68.657227], [-81.526855, 68.555957], [-81.639502, 68.524365], [-81.831396, 68.486865], [-81.914844, 68.458789], [-82.006494, 68.462646], [-82.106348, 68.498535], [-82.210156, 68.50625], [-82.397217, 68.477588], [-82.49873, 68.478613], [-82.548633, 68.468604], [-82.552686, 68.446484], [-82.46416, 68.382422], [-82.412988, 68.357178], [-82.392871, 68.33833], [-82.430664, 68.306592], [-82.422705, 68.296582], [-82.392529, 68.285254], [-82.222412, 68.145264], [-82.186572, 68.134424], [-82.151318, 68.139697], [-82.077637, 68.179688], [-82.033887, 68.195947], [-82.0125, 68.193896], [-82.013379, 68.173389], [-82.091895, 68.051465], [-82.102148, 68.018896], [-82.100488, 67.989844], [-82.062549, 67.928174], [-81.976465, 67.862012], [-81.869336, 67.80249], [-81.708594, 67.722363], [-81.492773, 67.636914], [-81.412305, 67.595361], [-81.294336, 67.497412], [-81.270117, 67.459912], [-81.301074, 67.356982], [-81.387207, 67.188574], [-81.442725, 67.092871], [-81.467578, 67.069873], [-81.630078, 67.002002], [-81.722363, 66.986084], [-81.874463, 66.987939], [-81.925537, 66.974707], [-82.005078, 66.92041], [-82.113184, 66.825098], [-82.19834, 66.764648], [-82.260547, 66.739111], [-82.374756, 66.709424], [-82.553662, 66.621387], [-82.641504, 66.5875], [-82.948877, 66.55083], [-83.198779, 66.431494], [-83.298389, 66.392139], [-83.406445, 66.37124], [-83.523096, 66.36875], [-83.590283, 66.387842], [-83.628369, 66.460693], [-83.651074, 66.484619], [-83.739209, 66.534375], [-83.920215, 66.679053], [-83.998047, 66.728516], [-84.05, 66.739502], [-84.154443, 66.731689], [-84.208008, 66.736328], [-84.324365, 66.781787], [-84.36626, 66.811133], [-84.361084, 66.822559], [-84.272559, 66.839209], [-84.310352, 66.862744], [-84.466064, 66.927441], [-84.530664, 66.961328], [-84.538477, 66.972803], [-84.692578, 67.016602], [-84.845752, 67.028711], [-85.040039, 66.956055], [-85.113721, 66.906934], [-85.111279, 66.890918], [-85.018262, 66.87207], [-84.977979, 66.88125], [-84.899023, 66.926563], [-84.857373, 66.940674], [-84.737744, 66.933594], [-84.638574, 66.902344], [-84.602539, 66.875146], [-84.589502, 66.856641], [-84.318945, 66.711816], [-84.223047, 66.682471], [-84.183105, 66.647852], [-84.152734, 66.590234], [-84.094238, 66.526221], [-83.964209, 66.420557], [-83.82583, 66.28999], [-83.797559, 66.238477], [-83.869043, 66.213574], [-83.905078, 66.211768], [-84.01167, 66.231201], [-84.293066, 66.291797], [-84.324268, 66.290674], [-84.398438, 66.25874], [-84.459375, 66.18623], [-84.478418, 66.179297], [-84.628076, 66.207715], [-84.908398, 66.271338], [-85.096191, 66.325342], [-85.191504, 66.369678], [-85.306836, 66.440332], [-85.442236, 66.537354], [-85.603857, 66.568262], [-85.791748, 66.532959], [-86.063232, 66.520361], [-86.633203, 66.531348], [-86.708154, 66.523047], [-86.737109, 66.510889], [-86.688623, 66.457471], [-86.700146, 66.442773], [-86.738379, 66.432861], [-86.746973, 66.41709], [-86.685107, 66.3604], [-86.584766, 66.321924], [-86.301025, 66.269922], [-86.113086, 66.225293], [-86.00083, 66.186816], [-85.964258, 66.154443], [-85.95874, 66.119043], [-86.012256, 66.048486], [-86.042871, 66.022559], [-86.701953, 65.670557], [-86.953174, 65.528271], [-87.081104, 65.44082], [-87.193799, 65.383057], [-87.291455, 65.354834], [-87.452881, 65.338965], [-87.678125, 65.335352], [-87.969971, 65.348926], [-88.120996, 65.39458], [-88.394873, 65.516211], [-88.586719, 65.587646], [-88.672461, 65.611572], [-88.743945, 65.67876], [-88.808496, 65.69165], [-88.946143, 65.703027], [-89.087744, 65.738965], [-89.420361, 65.860791], [-89.592676, 65.909326], [-89.749414, 65.936035], [-89.890479, 65.94082], [-89.943994, 65.933594], [-89.847754, 65.872266], [-89.889697, 65.868555], [-90.003809, 65.882568], [-90.116602, 65.882422], [-90.31626, 65.926367], [-90.513281, 65.920508], [-90.655469, 65.929346], [-90.825732, 65.953857], [-91.009521, 65.965723], [-91.305469, 65.964551], [-91.411523, 65.959375], [-91.427246, 65.9479], [-91.285156, 65.894434], [-91.041113, 65.829834], [-91.073633, 65.885547], [-91.064941, 65.899902], [-90.983447, 65.919238], [-90.596826, 65.884814], [-90.158643, 65.812695], [-90.047559, 65.805615], [-89.924072, 65.780273], [-89.787988, 65.736719], [-89.600391, 65.647754], [-89.241748, 65.446387], [-89.126562, 65.395605], [-88.974023, 65.348291], [-88.197803, 65.279883], [-87.929541, 65.280322], [-87.391943, 65.260547], [-87.108008, 65.224805], [-87.027539, 65.198096], [-87.002686, 65.108594], [-87.028516, 65.063623], [-87.18291, 64.926807], [-87.280518, 64.826172], [-87.88501, 64.400439], [-87.963574, 64.30249], [-87.997559, 64.243945], [-88.105615, 64.183301], [-88.378955, 64.089258], [-88.653027, 64.009375], [-88.817725, 63.992236], [-88.964404, 64.01123], [-89.059619, 64.034424], [-89.200635, 64.11377], [-89.209424, 64.10542], [-89.107666, 63.981104], [-89.131543, 63.968506], [-89.214551, 63.984131], [-89.403516, 64.03999], [-89.464746, 64.029687], [-89.500928, 64.014502], [-89.551318, 64.014795], [-89.61582, 64.030615], [-89.732715, 64.076953], [-89.763818, 64.099512], [-89.79209, 64.168262], [-89.811328, 64.180566], [-90.04165, 64.140869], [-90.080029, 64.127734], [-89.985596, 64.100195], [-89.953564, 64.080615], [-89.860596, 63.978809], [-89.855713, 63.956982], [-89.921875, 63.943555], [-90.141895, 63.981982], [-90.168164, 63.97876], [-90.059619, 63.87749], [-90.017969, 63.829346], [-90.013428, 63.804297], [-90.154736, 63.689648], [-90.245312, 63.641895], [-90.368848, 63.624414], [-90.44624, 63.636182], [-90.533496, 63.66543], [-90.596387, 63.661279], [-90.63501, 63.623779], [-90.706836, 63.596924], [-90.811914, 63.580908], [-90.945654, 63.587842], [-91.108057, 63.617822], [-91.538818, 63.725586], [-91.674658, 63.742236], [-91.926025, 63.75708], [-91.956006, 63.772314], [-91.953809, 63.786816], [-91.919434, 63.800586], [-91.928906, 63.812451], [-91.982227, 63.822412], [-92.037598, 63.813037], [-92.094873, 63.784424], [-92.195215, 63.775977], [-92.338428, 63.787646], [-92.550098, 63.829541], [-92.970215, 63.937646], [-93.429688, 64.028809], [-93.696338, 64.147168], [-93.596729, 64.040576], [-93.604883, 64.004492], [-93.655811, 63.972803], [-93.66416, 63.941406], [-93.559814, 63.865283], [-93.415576, 63.837988], [-93.270215, 63.840869], [-93.266211, 63.85332], [-93.326855, 63.872266], [-93.380273, 63.900049], [-93.405859, 63.941211], [-93.378516, 63.948486], [-93.250439, 63.926904], [-93.165918, 63.901758], [-92.529248, 63.76123], [-92.339209, 63.734912], [-92.196484, 63.707813], [-92.156885, 63.691699], [-92.205029, 63.656787], [-92.461035, 63.569434], [-92.465088, 63.555078], [-92.289551, 63.562988], [-92.076611, 63.63999], [-91.956836, 63.675635], [-91.841846, 63.697559], [-91.686035, 63.659717], [-91.489307, 63.562207], [-91.330078, 63.506836], [-91.103076, 63.475879], [-90.970068, 63.442773], [-90.746582, 63.351562], [-90.711279, 63.304053], [-90.690723, 63.110547], [-90.698584, 63.063867], [-90.727637, 63.01748], [-90.777881, 62.971631], [-90.871191, 62.945947], [-91.007715, 62.94043], [-91.114893, 62.921582], [-91.349463, 62.818896], [-91.448975, 62.804053], [-91.869629, 62.834717], [-92.034229, 62.863428], [-92.110059, 62.861719], [-92.1521, 62.839062], [-92.196143, 62.828809], [-92.361279, 62.819385], [-92.388135, 62.800879], [-92.377734, 62.772412], [-92.345264, 62.733838], [-92.305176, 62.71167], [-92.243164, 62.683643], [-92.149121, 62.665283], [-91.955859, 62.644775], [-91.93584, 62.592383], [-91.944434, 62.575488], [-92.007861, 62.540527], [-92.081152, 62.544092], [-92.207227, 62.585352], [-92.269531, 62.586963], [-92.324072, 62.5646], [-92.4, 62.557227], [-92.497363, 62.564844], [-92.551416, 62.546729], [-92.562207, 62.502881], [-92.594971, 62.470068], [-92.707422, 62.418213], [-92.767969, 62.37998], [-92.765967, 62.349951], [-92.701465, 62.328223], [-92.627441, 62.279053], [-92.544043, 62.202295], [-92.527979, 62.168408], [-92.579199, 62.177344], [-92.648096, 62.207764], [-92.734766, 62.259717], [-92.86582, 62.306201], [-93.154443, 62.366846], [-93.205371, 62.364941], [-93.179248, 62.349561], [-92.987793, 62.285938], [-92.914453, 62.244971], [-92.905518, 62.215137], [-93.065869, 62.149756], [-93.070264, 62.127832], [-93.027734, 62.108643], [-93.01626, 62.092676], [-93.073389, 62.060547], [-93.16748, 62.033643], [-93.349756, 62.029785], [-93.366357, 62.014551], [-93.296875, 61.981592], [-93.273438, 61.961084], [-93.333057, 61.93291], [-93.372021, 61.928955], [-93.581787, 61.942041], [-93.526709, 61.871631], [-93.494238, 61.846924], [-93.429932, 61.812109], [-93.314404, 61.779785], [-93.312012, 61.767285], [-93.352344, 61.739551], [-93.420605, 61.705811], [-93.709668, 61.602539], [-93.912744, 61.481445], [-93.940869, 61.443652], [-93.889258, 61.364063], [-93.888818, 61.344043], [-93.941992, 61.308008], [-94.060742, 61.317822], [-94.083447, 61.303662], [-94.055225, 61.266162], [-94.049951, 61.211279], [-94.067773, 61.138867], [-94.154053, 61.025439], [-94.308691, 60.870996], [-94.427197, 60.730713], [-94.509375, 60.604541], [-94.568896, 60.541992], [-94.67876, 60.537695], [-94.761719, 60.498242], [-94.705273, 60.477539], [-94.670654, 60.45332], [-94.646777, 60.416406], [-94.67041, 60.301074], [-94.741602, 60.107373], [-94.785791, 59.95332], [-94.77666, 59.478125], [-94.788281, 59.267871], [-94.819531, 59.151318], [-94.870264, 59.087988], [-94.957324, 59.068848], [-94.846582, 59.050342], [-94.776172, 59.020605], [-94.74375, 58.975439], [-94.713379, 58.90332], [-94.673389, 58.870117], [-94.62373, 58.875732], [-94.579199, 58.868457], [-94.539697, 58.848389], [-94.419238, 58.745508], [-94.287061, 58.716016], [-94.280811, 58.658936], [-94.332617, 58.339111], [-94.332227, 58.297363], [-94.272168, 58.378027], [-94.208936, 58.626367], [-94.123193, 58.736719], [-94.055762, 58.76001], [-93.780029, 58.772559], [-93.486182, 58.744482], [-93.375049, 58.741016], [-93.278125, 58.756396], [-93.17876, 58.725635], [-93.15459, 58.69458], [-93.126514, 58.564404], [-93.100195, 58.489844], [-92.925146, 58.224512], [-92.841748, 58.075879], [-92.739844, 57.844043], [-92.70166, 57.777783], [-92.489648, 57.468604], [-92.449414, 57.384863], [-92.432812, 57.320312], [-92.439795, 57.275049], [-92.478369, 57.205273], [-92.548486, 57.110937], [-92.614111, 57.039014], [-92.675244, 56.989551], [-92.737988, 56.952637], [-92.802393, 56.92832], [-92.798145, 56.921973], [-92.725293, 56.933545], [-92.650977, 56.958301], [-92.510303, 57.022314], [-92.456299, 57.036719], [-92.303369, 57.04585], [-92.298291, 57.022754], [-92.372119, 56.975146], [-92.355713, 56.970605], [-92.249023, 57.008984], [-92.018018, 57.06377], [-91.111279, 57.241211], [-90.897461, 57.256934], [-90.592187, 57.224463], [-90.344824, 57.149072], [-90.075195, 57.051904], [-89.79082, 56.981348], [-89.342334, 56.91543], [-89.211572, 56.883838], [-88.948486, 56.851318], [-88.826465, 56.814258], [-88.679883, 56.725049], [-88.44707, 56.608691], [-88.271338, 56.535693], [-88.075098, 56.467285], [-87.878125, 56.341602], [-87.560889, 56.056348], [-87.482422, 56.021289], [-87.286865, 55.974658], [-86.919385, 55.914551], [-86.376953, 55.773242], [-86.138672, 55.717871], [-85.984473, 55.695898], [-85.830518, 55.656934], [-85.67666, 55.601074], [-85.559326, 55.540186], [-85.478467, 55.474268], [-85.407275, 55.431152], [-85.282715, 55.383301], [-85.218018, 55.348975], [-85.212012, 55.297461], [-85.362012, 55.095459], [-85.365283, 55.079297], [-85.213574, 55.224365], [-85.128857, 55.266211], [-85.060937, 55.285645], [-84.919922, 55.28335], [-84.705762, 55.259229], [-84.517969, 55.258887], [-84.356494, 55.28252], [-84.218945, 55.293115], [-84.105371, 55.29082], [-84.022998, 55.297803], [-83.971777, 55.31416], [-83.910596, 55.314648], [-83.667676, 55.264502], [-83.569482, 55.261816], [-83.214355, 55.2146], [-82.986279, 55.231396], [-82.947021, 55.222217], [-82.867773, 55.160693], [-82.800684, 55.155908], [-82.6875, 55.165527], [-82.577441, 55.14873], [-82.393262, 55.067822], [-82.308252, 54.998145], [-82.226611, 54.855908], [-82.219385, 54.813477], [-82.370605, 54.483496], [-82.418066, 54.355811], [-82.42417, 54.24458], [-82.394141, 54.180469], [-82.263574, 54.072998], [-82.239893, 54.044824], [-82.162646, 53.885693], [-82.141455, 53.817627], [-82.15, 53.739551], [-82.190625, 53.610937], [-82.180371, 53.512842], [-82.146191, 53.3646], [-82.15918, 53.26416], [-82.219238, 53.211475], [-82.259912, 53.159814], [-82.291602, 53.066113], [-82.291553, 53.030713], [-82.260449, 52.961133], [-82.202686, 52.92168], [-82.107959, 52.877393], [-82.02002, 52.811621], [-81.859277, 52.651416], [-81.742334, 52.563623], [-81.599414, 52.432617], [-81.57168, 52.367285], [-81.611523, 52.324072], [-81.66123, 52.293896], [-81.776367, 52.253613], [-81.827881, 52.224219], [-81.814551, 52.217188], [-81.647998, 52.239062], [-81.549512, 52.236768], [-81.466211, 52.204492], [-81.398096, 52.142236], [-81.285059, 52.089209], [-81.127197, 52.04541], [-80.968506, 51.972217], [-80.705518, 51.79834], [-80.657959, 51.75835], [-80.588037, 51.667236], [-80.49585, 51.525098], [-80.447607, 51.432227], [-80.443311, 51.388574], [-80.495508, 51.344678], [-80.672705, 51.264746], [-80.851221, 51.125], [-80.794971, 51.131836], [-80.677246, 51.190869], [-80.47832, 51.307324], [-80.367969, 51.329883], [-80.265674, 51.316357], [-80.103564, 51.282861], [-79.9604, 51.235156], [-79.83623, 51.17334], [-79.651514, 51.007812], [-79.456152, 50.875586], [-79.3479, 50.762646], [-79.380713, 50.834521], [-79.452637, 50.917285], [-79.636182, 51.049023], [-79.714453, 51.117578], [-79.731396, 51.150488], [-79.737451, 51.186279], [-79.723242, 51.25166], [-79.688818, 51.346582], [-79.642969, 51.413525], [-79.585742, 51.452441], [-79.547461, 51.493848], [-79.528027, 51.537695], [-79.497559, 51.569922], [-79.338672, 51.628174], [-79.296973, 51.622803], [-79.264258, 51.552002], [-79.226123, 51.537305], [-79.152734, 51.526221], [-79.090869, 51.501709], [-79.040527, 51.46377], [-79.005029, 51.425342], [-78.984326, 51.386377], [-78.936914, 51.259131], [-78.903174, 51.200293], [-78.89751, 51.27168], [-78.858008, 51.383936], [-78.827441, 51.42998], [-78.731348, 51.497461], [-78.736426, 51.526611], [-78.776318, 51.565771], [-78.977734, 51.733789], [-78.981641, 51.774561], [-78.927881, 51.798828], [-78.891113, 51.845117], [-78.87124, 51.913428], [-78.828223, 51.962988], [-78.702002, 52.032715], [-78.593311, 52.139697], [-78.537354, 52.213281], [-78.49165, 52.2521], [-78.448096, 52.261377], [-78.513086, 52.291113], [-78.526074, 52.310693], [-78.529102, 52.39917], [-78.55708, 52.491895], [-78.600586, 52.535107], [-78.723779, 52.627734], [-78.744141, 52.655371], [-78.765771, 52.760059], [-78.753613, 52.812402], [-78.72168, 52.856445], [-78.739844, 52.898975], [-78.854102, 52.976074], [-78.898242, 53.043359], [-78.947119, 53.206201], [-78.992041, 53.410352], [-79.043115, 53.560498], [-79.100342, 53.656641], [-79.113135, 53.717188], [-79.081445, 53.742285], [-79.040332, 53.817969], [-79.003174, 53.836572], [-78.945703, 53.831592], [-78.944385, 53.840234], [-79.032031, 53.881055], [-79.075146, 53.932373], [-79.073291, 53.951416], [-78.996045, 54.00249], [-79.009912, 54.023975], [-79.067139, 54.051953], [-79.241797, 54.098877], [-79.178809, 54.116943], [-79.138818, 54.157227], [-79.146729, 54.169238], [-79.215967, 54.185693], [-79.295654, 54.216846], [-79.356152, 54.263379], [-79.430566, 54.336621], [-79.475977, 54.394775], [-79.520654, 54.491553], [-79.597949, 54.60166], [-79.631738, 54.629102], [-79.67041, 54.646826], [-79.713965, 54.65498], [-79.712354, 54.671826], [-79.665527, 54.697461], [-78.909229, 54.881494], [-78.84624, 54.908008], [-78.475049, 55.011035], [-78.303613, 55.068555], [-78.128857, 55.151318], [-77.891113, 55.236426], [-77.775293, 55.29126], [-77.702148, 55.344189], [-77.324951, 55.555518], [-77.165088, 55.663525], [-77.072559, 55.756299], [-76.938086, 55.867236], [-76.761816, 55.996436], [-76.650488, 56.107227], [-76.604053, 56.199561], [-76.546387, 56.358789], [-76.529834, 56.499951], [-76.519629, 56.706982], [-76.525586, 56.891797], [-76.572852, 57.181201], [-76.601416, 57.272266], [-76.65542, 57.380566], [-76.786279, 57.598584], [-76.809814, 57.657959], [-76.890918, 57.758105], [-77.156787, 58.018896], [-77.48916, 58.195312], [-77.552441, 58.2396], [-77.684082, 58.291357], [-77.884131, 58.350732], [-78.013574, 58.39917], [-78.351709, 58.580664], [-78.462988, 58.602441], [-78.505908, 58.649121], [-78.515088, 58.682373], [-78.502295, 58.769092], [-78.482617, 58.829102], [-78.458691, 58.873291], [-78.430518, 58.901758], [-78.244434, 59.035059], [-78.140234, 59.141748], [-78.067676, 59.200195], [-77.987646, 59.245508], [-77.842822, 59.305029], [-77.760693, 59.380029], [-77.779443, 59.4104], [-77.844678, 59.443506], [-77.859033, 59.475781], [-77.749023, 59.558154], [-77.733496, 59.580957], [-77.74751, 59.658496], [-77.726172, 59.675879], [-77.59043, 59.680518], [-77.39668, 59.569238], [-77.349072, 59.578955], [-77.411035, 59.609619], [-77.485303, 59.68457], [-77.474561, 59.715674], [-77.331641, 59.796631], [-77.327637, 59.833398], [-77.368408, 59.884375], [-77.372949, 59.925098], [-77.289209, 60.022021], [-77.311816, 60.042383], [-77.547168, 60.061133], [-77.585889, 60.088184], [-77.572168, 60.100977], [-77.461377, 60.133496], [-77.452881, 60.145801], [-77.648633, 60.3625], [-77.681445, 60.4271], [-77.598145, 60.506738], [-77.503564, 60.542725], [-77.515576, 60.563184], [-77.639453, 60.566895], [-77.71499, 60.577783], [-77.79082, 60.639844], [-77.76123, 60.679053], [-77.734229, 60.696973], [-77.660645, 60.789502], [-77.589551, 60.808594], [-77.603027, 60.825195], [-77.871533, 60.78584], [-77.998145, 60.818213], [-78.122461, 60.809619], [-78.181348, 60.819141], [-78.159668, 60.852197], [-77.93418, 61.002637], [-77.830127, 61.084033], [-77.765039, 61.15752], [-77.730615, 61.206396], [-77.726807, 61.230664], [-77.749609, 61.393018], [-77.736182, 61.437354], [-77.648877, 61.478662], [-77.514355, 61.556299], [-77.698437, 61.626416], [-77.81377, 61.694775], [-77.889893, 61.728711], [-77.947559, 61.761865], [-78.021387, 61.83208], [-78.07749, 61.923389], [-78.137158, 62.107373], [-78.146973, 62.208691], [-78.133398, 62.282275], [-78.108594, 62.318115], [-78.068115, 62.35542], [-77.899902, 62.426563], [-77.603955, 62.531396], [-77.372412, 62.57251], [-77.205273, 62.549951], [-76.879395, 62.525391], [-76.616357, 62.465674], [-75.816895, 62.315869], [-75.675537, 62.249512], [-75.809229, 62.193408], [-75.789844, 62.17959], [-75.488818, 62.286426], [-75.409229, 62.30708], [-75.341211, 62.312109], [-75.114014, 62.270752], [-75.022754, 62.264453], [-74.907568, 62.230029], [-74.632568, 62.115674], [-74.612891, 62.125195], [-74.689893, 62.183447], [-74.645801, 62.211133], [-74.429199, 62.271826], [-74.205469, 62.321387], [-74.046484, 62.37002], [-73.877832, 62.434375], [-73.763965, 62.46875], [-73.705078, 62.473145], [-73.62998, 62.454199], [-73.428369, 62.368848], [-73.298975, 62.325049], [-73.195166, 62.27915], [-73.049365, 62.198242], [-72.992383, 62.18042], [-72.881836, 62.125391], [-72.734961, 62.131104], [-72.686963, 62.124561], [-72.670801, 62.113867], [-72.645996, 62.076611], [-72.633105, 62.052783], [-72.632129, 62.027246], [-72.666016, 61.955322], [-72.771631, 61.84043], [-72.727393, 61.838623], [-72.660645, 61.863232], [-72.573877, 61.907129], [-72.505566, 61.922656], [-72.360742, 61.887793], [-72.226123, 61.831592], [-72.178467, 61.801807], [-72.126123, 61.753223], [-72.081445, 61.728271], [-72.040039, 61.680273], [-72.042969, 61.664697], [-72.082031, 61.641406], [-72.24707, 61.602051], [-72.215869, 61.587256], [-72.023096, 61.611963], [-71.964404, 61.636279], [-71.922266, 61.676953], [-71.866113, 61.688525], [-71.638281, 61.617188], [-71.604785, 61.592383], [-71.619434, 61.5729], [-71.656201, 61.550928], [-71.755762, 61.526758], [-71.841016, 61.466016], [-71.854395, 61.439795], [-71.793652, 61.421191], [-71.645312, 61.413135], [-71.646436, 61.39873], [-71.732129, 61.37207], [-71.743457, 61.337256], [-71.551514, 61.213281], [-71.422705, 61.158936], [-71.348437, 61.148975], [-71.175146, 61.146533], [-71.034961, 61.125537], [-70.723242, 61.055176], [-70.540771, 61.04248], [-70.383643, 61.063965], [-70.279297, 61.068652], [-70.187207, 61.040527], [-70.157959, 61.020654], [-70.144141, 60.981104], [-70.145898, 60.921826], [-70.095312, 60.880273], [-69.992432, 60.856494], [-69.909229, 60.860107], [-69.800439, 60.906689], [-69.708398, 60.914648], [-69.677588, 60.949561], [-69.650439, 61.01416], [-69.623633, 61.049512], [-69.556982, 61.059668], [-69.50332, 61.04043], [-69.471924, 61.010937], [-69.414355, 60.922461], [-69.39834, 60.882861], [-69.404736, 60.846777], [-69.433447, 60.814258], [-69.489941, 60.77959], [-69.574219, 60.742725], [-69.640479, 60.689795], [-69.721387, 60.567432], [-69.75127, 60.487451], [-69.759473, 60.440234], [-69.755908, 60.388525], [-69.740576, 60.332275], [-69.708496, 60.285938], [-69.633105, 60.220361], [-69.62876, 60.198584], [-69.623145, 60.145459], [-69.629785, 60.122119], [-69.67373, 60.075879], [-69.795654, 60.029736], [-69.962842, 60.017822], [-70.509326, 60.015186], [-70.654834, 60.026221], [-70.619727, 59.984277], [-70.46665, 59.97085], [-70.326855, 59.971387], [-69.805664, 59.944873], [-69.733936, 59.918018], [-69.673437, 59.870752], [-69.630225, 59.821826], [-69.587402, 59.722314], [-69.579395, 59.675098], [-69.602344, 59.622705], [-69.656201, 59.565088], [-69.692383, 59.488428], [-69.710889, 59.392529], [-69.681885, 59.341748], [-69.4, 59.337793], [-69.344043, 59.303076], [-69.350439, 59.277197], [-69.450488, 59.180029], [-69.459766, 59.152441], [-69.414111, 59.086865], [-69.420312, 59.068213], [-69.448096, 59.04917], [-69.474658, 59.0], [-69.500098, 58.920654], [-69.531641, 58.869238], [-69.608203, 58.829492], [-69.648389, 58.820801], [-69.677344, 58.831348], [-69.753027, 58.9396], [-69.78418, 58.955713], [-69.813672, 58.945557], [-69.828516, 58.92876], [-69.828613, 58.905371], [-69.841602, 58.881152], [-69.867578, 58.856152], [-69.97915, 58.816357], [-70.159961, 58.789404], [-70.154346, 58.760596], [-70.033008, 58.745166], [-69.878564, 58.696973], [-69.789893, 58.689307], [-69.650537, 58.728271], [-69.381836, 58.850732], [-69.271094, 58.883936], [-69.173486, 58.896631], [-69.063623, 58.898242], [-68.941504, 58.888916], [-68.698193, 58.904541], [-68.637305, 58.892871], [-68.562891, 58.865918], [-68.474902, 58.823486], [-68.414307, 58.782715], [-68.381152, 58.743506], [-68.326465, 58.59541], [-68.252979, 58.556641], [-68.235156, 58.528174], [-68.229395, 58.48457], [-68.233887, 58.399219], [-68.314697, 58.226904], [-68.356543, 58.163232], [-68.468164, 58.076318], [-68.596875, 58.036865], [-68.825781, 57.999854], [-68.945312, 57.968799], [-69.035449, 57.926025], [-69.04082, 57.90249], [-68.780957, 57.97583], [-68.495068, 58.01167], [-68.413574, 58.051758], [-68.351855, 58.090723], [-68.289111, 58.177686], [-68.175537, 58.402588], [-68.111035, 58.47334], [-68.021045, 58.485303], [-67.981152, 58.46123], [-67.887793, 58.329395], [-67.888281, 58.295752], [-67.911426, 58.267236], [-68.063867, 58.138965], [-68.008984, 58.152051], [-67.855859, 58.272607], [-67.82334, 58.310254], [-67.805225, 58.365479], [-67.755957, 58.40459], [-67.737061, 58.385449], [-67.689697, 58.243799], [-67.688184, 58.140234], [-67.680566, 58.107031], [-67.697656, 58.00874], [-67.678271, 57.991113], [-67.632227, 58.076123], [-67.617188, 58.140332], [-67.596338, 58.186133], [-67.569629, 58.213477], [-67.381982, 58.3], [-67.162842, 58.370361], [-67.019434, 58.43291], [-66.900391, 58.462793], [-66.722168, 58.491016], [-66.60791, 58.548926], [-66.557715, 58.636621], [-66.515039, 58.697314], [-66.47998, 58.730908], [-66.362402, 58.791162], [-66.298535, 58.794531], [-66.237402, 58.772266], [-66.168213, 58.7271], [-66.090918, 58.659033], [-66.044629, 58.605615], [-66.029541, 58.566797], [-66.017041, 58.430811], [-66.002393, 58.431201], [-65.93125, 58.535059], [-65.9229, 58.571973], [-65.92793, 58.610937], [-65.949658, 58.649854], [-66.021289, 58.734766], [-66.049365, 58.787891], [-66.043066, 58.820654], [-65.967041, 58.839209], [-65.854834, 58.846631], [-65.835938, 58.860498], [-65.918408, 58.895605], [-65.920703, 58.914648], [-65.841406, 58.977051], [-65.794824, 58.980469], [-65.703564, 58.970605], [-65.721924, 59.002588], [-65.720996, 59.023779], [-65.695264, 59.032031], [-65.543994, 59.011865], [-65.526318, 59.03623], [-65.39624, 59.038428], [-65.383545, 59.060205], [-65.495996, 59.091309], [-65.60625, 59.110742], [-65.639844, 59.127734], [-65.665625, 59.152783], [-65.7, 59.21333], [-65.691699, 59.229395], [-65.660742, 59.229687], [-65.607129, 59.213135], [-65.578027, 59.244971], [-65.545312, 59.319727], [-65.512793, 59.350391], [-65.411719, 59.31499], [-65.407275, 59.330225], [-65.489355, 59.447754], [-65.475098, 59.470312], [-65.349707, 59.478809], [-65.273779, 59.46416], [-65.074316, 59.378027], [-65.038232, 59.387891], [-65.068848, 59.411475], [-65.170947, 59.462256], [-65.263184, 59.495459], [-65.345508, 59.511035], [-65.407422, 59.539355], [-65.475195, 59.616797], [-65.486475, 59.648682], [-65.480859, 59.690234], [-65.433398, 59.776514], [-65.406152, 59.795215], [-65.35791, 59.809082], [-65.28877, 59.818066], [-65.212256, 59.809521], [-65.054492, 59.752783], [-65.028174, 59.770703], [-65.113281, 59.801611], [-65.159229, 59.830127], [-65.181396, 59.86665], [-65.171729, 59.908008], [-65.104883, 59.993408], [-65.073389, 60.062207], [-64.93125, 60.252002], [-64.889551, 60.286523], [-64.84502, 60.308301], [-64.817334, 60.331055], [-64.705859, 60.336133], [-64.499414, 60.268262], [-64.436328, 60.228125], [-64.41958, 60.171387], [-64.527734, 60.094531], [-64.713281, 60.037158], [-64.768457, 60.012109], [-64.732568, 59.997559], [-64.55918, 60.043408], [-64.407715, 60.064795], [-64.283496, 60.064062], [-64.182861, 59.972949], [-64.168799, 59.846533], [-64.226318, 59.741211], [-64.150684, 59.793604], [-64.056055, 59.822559], [-63.978711, 59.753711], [-63.969482, 59.697607], [-63.928809, 59.644922], [-63.84126, 59.574414], [-63.750195, 59.512598], [-63.850391, 59.447803], [-63.970703, 59.409082], [-63.945459, 59.380176], [-63.780859, 59.349268], [-63.758594, 59.318652], [-63.775879, 59.277148], [-63.752002, 59.277344], [-63.6375, 59.341455], [-63.539893, 59.332861], [-63.415137, 59.194385], [-63.506201, 59.115186], [-63.645508, 59.078906], [-63.756396, 59.063477], [-63.910498, 59.065576], [-63.971143, 59.053809], [-63.941016, 59.027393], [-63.793652, 59.027002], [-63.567871, 59.047021], [-63.398975, 59.079639], [-63.325537, 59.081592], [-63.248437, 59.068311], [-63.22251, 59.057178], [-63.303711, 59.034424], [-63.309863, 59.026465], [-63.279443, 59.003174], [-63.216406, 58.927979], [-63.221924, 58.911035], [-63.282129, 58.867383], [-63.185352, 58.857764], [-63.050293, 58.878174], [-63.00835, 58.85542], [-62.926074, 58.765039], [-62.873877, 58.672461], [-63.102344, 58.545752], [-63.218652, 58.519531], [-63.389941, 58.452539], [-63.437939, 58.398828], [-63.537061, 58.329932], [-63.473633, 58.330664], [-63.296484, 58.441211], [-63.209961, 58.466943], [-63.145508, 58.460449], [-63.119531, 58.441748], [-63.132129, 58.41084], [-63.075684, 58.414795], [-62.837402, 58.479395], [-62.737305, 58.492188], [-62.607861, 58.496387], [-62.593848, 58.474023], [-62.674316, 58.319189], [-62.812061, 58.200391], [-63.062793, 58.1271], [-63.15166, 58.08418], [-63.261523, 58.014697], [-63.22002, 58.002148], [-62.980908, 58.093311], [-62.817529, 58.129248], [-62.588086, 58.158105], [-62.48623, 58.154053], [-62.305664, 57.972266], [-62.201514, 57.954639], [-62.117432, 57.964111], [-61.958643, 57.911768], [-61.899072, 57.861328], [-61.914062, 57.825049], [-61.967773, 57.80332], [-61.994922, 57.769434], [-61.93125, 57.668555], [-61.967969, 57.611914], [-62.083984, 57.561914], [-62.166895, 57.536572], [-62.253613, 57.52876], [-62.338574, 57.484521], [-62.377148, 57.477979], [-62.495557, 57.489209], [-62.45498, 57.461963], [-62.396484, 57.448193], [-62.303223, 57.440674], [-62.194238, 57.45459], [-62.088086, 57.452832], [-61.921143, 57.420801], [-61.851074, 57.381299], [-61.849805, 57.37041], [-61.88584, 57.347852], [-61.938867, 57.274365], [-61.977441, 57.247949], [-61.944531, 57.228125], [-61.86084, 57.197559], [-61.79834, 57.18623], [-61.716309, 57.196191], [-61.628516, 57.183154], [-61.33374, 57.010596], [-61.345752, 56.921582], [-61.390479, 56.852979], [-61.372803, 56.77583], [-61.371631, 56.680811], [-61.531689, 56.65459], [-62.0625, 56.699072], [-62.366113, 56.766992], [-62.381738, 56.787695], [-62.295801, 56.832812], [-62.372021, 56.836182], [-62.460205, 56.818457], [-62.497266, 56.801709], [-62.395508, 56.730029], [-62.116504, 56.666846], [-61.991602, 56.59082], [-61.854932, 56.584277], [-61.813379, 56.570508], [-61.737744, 56.526025], [-61.760059, 56.510742], [-61.899414, 56.50542], [-62.009668, 56.453857], [-61.94043, 56.423584], [-61.69248, 56.39707], [-61.5146, 56.390332], [-61.425293, 56.360645], [-61.498682, 56.327588], [-61.707129, 56.288721], [-61.713086, 56.230957], [-61.558594, 56.207812], [-61.421094, 56.221826], [-61.364697, 56.216016], [-61.324414, 56.076221], [-61.301123, 56.047168], [-61.448926, 56.022363], [-61.449512, 55.995703], [-61.35127, 55.973682], [-61.187891, 55.955371], [-61.133887, 55.930273], [-61.122998, 55.888574], [-61.089355, 55.866357], [-60.995752, 55.862354], [-60.892676, 55.914209], [-60.831836, 55.957861], [-60.743262, 55.941455], [-60.736621, 55.886963], [-60.630957, 55.825], [-60.592578, 55.814844], [-60.562109, 55.727002], [-60.47583, 55.805127], [-60.412598, 55.788574], [-60.341016, 55.784668], [-60.36543, 55.709082], [-60.408301, 55.649561], [-60.351953, 55.612354], [-60.308301, 55.556982], [-60.192383, 55.480908], [-60.224023, 55.444385], [-60.360937, 55.366309], [-60.433105, 55.242773], [-60.450098, 55.199951], [-60.520508, 55.129004], [-60.617139, 55.060205], [-60.556543, 55.06748], [-60.340771, 55.193945], [-60.212549, 55.236426], [-59.930322, 55.259424], [-59.862109, 55.294873], [-59.758789, 55.30957], [-59.695508, 55.269141], [-59.689062, 55.196338], [-59.605469, 55.17334], [-59.517676, 55.197363], [-59.437891, 55.175928], [-59.48584, 55.130176], [-59.741699, 54.942578], [-59.816406, 54.867236], [-59.837793, 54.813965], [-59.749902, 54.887012], [-59.428564, 55.055518], [-59.394189, 55.080713], [-59.32417, 55.152832], [-59.25957, 55.199951], [-59.086328, 55.183252], [-58.997119, 55.149463], [-58.955811, 55.055078], [-58.885791, 54.952246], [-58.780176, 54.838379], [-58.499902, 54.783105], [-58.398145, 54.774121], [-58.222852, 54.812695], [-58.195264, 54.865918], [-58.058496, 54.882227], [-57.962451, 54.875732], [-57.929297, 54.773145], [-57.826855, 54.718652], [-57.724902, 54.67373], [-57.626611, 54.650342], [-57.483008, 54.640283], [-57.404492, 54.590869], [-57.404443, 54.57041], [-57.485352, 54.51748], [-57.563232, 54.44043], [-57.699268, 54.386572], [-57.889111, 54.384082], [-58.151367, 54.350439], [-58.161914, 54.319971], [-58.219727, 54.286475], [-58.359131, 54.25332], [-58.435205, 54.228125], [-58.558398, 54.102979], [-58.633203, 54.049561], [-58.719434, 54.039404], [-58.84082, 54.044482], [-58.920215, 54.033105], [-58.978467, 54.010254], [-59.012646, 53.97627], [-59.038818, 53.963623], [-59.201416, 53.929102], [-59.496533, 53.83418], [-59.652686, 53.83125], [-59.749463, 53.842285], [-59.823047, 53.834424], [-59.87334, 53.807764], [-60.01416, 53.761572], [-60.056543, 53.73335], [-60.081348, 53.701025], [-60.100488, 53.634229], [-60.117285, 53.610107], [-60.144922, 53.596143], [-60.26333, 53.610059], [-60.39541, 53.65332], [-60.369531, 53.607471], [-60.160254, 53.52998], [-60.100293, 53.486963], [-60.157129, 53.449805], [-60.290283, 53.391455], [-60.305762, 53.360107], [-60.251172, 53.343555], [-60.272705, 53.31709], [-60.345703, 53.289014], [-60.329492, 53.266113], [-60.14834, 53.306543], [-59.987109, 53.392822], [-59.881738, 53.480078], [-59.829053, 53.504541], [-59.621094, 53.536816], [-59.498145, 53.574756], [-59.322266, 53.64375], [-59.129395, 53.743945], [-58.91958, 53.875293], [-58.652051, 53.977881], [-58.326709, 54.051807], [-58.088086, 54.089502], [-57.935986, 54.091162], [-57.928271, 54.103564], [-58.064844, 54.126758], [-58.177441, 54.131299], [-58.31748, 54.114453], [-58.360791, 54.154492], [-58.356152, 54.171924], [-58.309961, 54.20166], [-58.19209, 54.228174], [-57.614941, 54.191113], [-57.416064, 54.162744], [-57.198877, 53.924365], [-57.148975, 53.847705], [-57.134961, 53.791846], [-57.156934, 53.756885], [-57.243994, 53.715479], [-57.489453, 53.633105], [-57.524072, 53.611426], [-57.527344, 53.599902], [-57.420215, 53.583252], [-57.386133, 53.560547], [-57.331738, 53.469092], [-57.221387, 53.528516], [-57.012158, 53.672607], [-56.840869, 53.739453], [-56.696582, 53.757666], [-56.524316, 53.766455], [-56.46499, 53.765039], [-56.444336, 53.718311], [-56.354004, 53.624463], [-56.270215, 53.600098], [-56.110156, 53.587598], [-55.966113, 53.471143], [-55.91123, 53.39082], [-55.859375, 53.343896], [-55.863379, 53.312256], [-55.854785, 53.28584], [-55.816895, 53.245752], [-55.797949, 53.211963], [-55.808203, 53.134668], [-55.892334, 53.000439], [-55.829883, 52.878418], [-55.85791, 52.823389], [-55.87251, 52.735693], [-55.818652, 52.677148], [-55.802832, 52.643164], [-55.848437, 52.62334], [-56.166992, 52.574756], [-56.292383, 52.573779], [-56.324902, 52.544531], [-56.228418, 52.535986], [-56.052588, 52.537402], [-55.840186, 52.507617], [-55.746484, 52.474561], [-55.705957, 52.428271], [-55.716211, 52.391504], [-55.777148, 52.364258], [-55.89668, 52.36958], [-56.011719, 52.394482], [-56.004639, 52.37041], [-55.833643, 52.3104], [-55.783496, 52.279932], [-55.691064, 52.241602], [-55.672803, 52.190137], [-55.695215, 52.137793], [-56.01748, 51.929297], [-56.282568, 51.79707], [-56.548584, 51.681006], [-56.975977, 51.457666], [-57.018262, 51.446777], [-57.095605, 51.442529], [-57.299219, 51.478271], [-57.46167, 51.469092], [-57.76958, 51.425928], [-57.85376, 51.399512], [-58.022656, 51.32207], [-58.089404, 51.310986], [-58.270459, 51.295215], [-58.442285, 51.305908], [-58.510352, 51.295068], [-58.593262, 51.257129], [-58.614746, 51.237061], [-58.637598, 51.17168], [-59.054932, 50.879102], [-59.165381, 50.779883], [-59.378027, 50.675439], [-59.611914, 50.49209], [-59.815332, 50.418262], [-59.886328, 50.316406], [-60.080176, 50.25459], [-60.438086, 50.238867], [-60.608203, 50.221143], [-60.807227, 50.249805], [-60.956299, 50.20542], [-61.180713, 50.191504], [-61.289746, 50.201953], [-61.724854, 50.104053], [-61.835352, 50.196973], [-61.919531, 50.232861], [-62.165234, 50.238916], [-62.36167, 50.277295], [-62.540918, 50.284521], [-62.71543, 50.30166], [-62.830225, 50.301465], [-62.949756, 50.291357], [-63.135645, 50.293799], [-63.238623, 50.242578], [-63.58667, 50.258203], [-63.733594, 50.304639], [-63.853955, 50.314355], [-64.01582, 50.303955], [-64.17041, 50.269434], [-64.508936, 50.308936], [-64.867871, 50.275488], [-65.180908, 50.2979], [-65.268604, 50.32002], [-65.762451, 50.259277], [-65.955371, 50.294141], [-66.125537, 50.201025], [-66.242188, 50.220361], [-66.368848, 50.206641], [-66.411084, 50.224268], [-66.495508, 50.211865], [-66.550049, 50.161182], [-66.621729, 50.15542], [-66.740869, 50.065527], [-66.941162, 49.993701], [-67.234375, 49.601758], [-67.261914, 49.451172], [-67.372021, 49.348437], [-67.469238, 49.334619], [-67.549268, 49.332275], [-68.05625, 49.256787], [-68.281934, 49.197168], [-68.220605, 49.149658], [-68.294531, 49.114355], [-68.414404, 49.099512], [-68.543848, 49.056152], [-68.627881, 49.007178], [-68.669043, 48.939502], [-68.929053, 48.828955], [-69.230762, 48.573633], [-69.374951, 48.386426], [-69.550098, 48.250781], [-69.673877, 48.19917], [-69.761914, 48.191162], [-69.851709, 48.207373], [-70.001025, 48.270947], [-70.110645, 48.277979], [-70.383691, 48.366504], [-71.018262, 48.455615], [-70.922607, 48.422314], [-70.83877, 48.367383], [-70.671094, 48.353223], [-70.500635, 48.354346], [-70.145312, 48.243555], [-69.971191, 48.205762], [-69.865527, 48.172266], [-69.775, 48.098096], [-69.839844, 47.952588], [-69.905566, 47.832227], [-69.994434, 47.739893], [-70.300098, 47.503027], [-70.448047, 47.423437], [-70.705859, 47.139795], [-70.972705, 47.006689], [-71.115625, 46.924951], [-71.267773, 46.795947], [-71.624756, 46.698389], [-71.757275, 46.673584], [-71.87959, 46.686816], [-72.028467, 46.607422], [-72.204639, 46.558887], [-72.256641, 46.485059], [-72.680127, 46.287305], [-72.842676, 46.262402], [-72.981006, 46.209717], [-73.021924, 46.120264], [-73.14541, 46.066309], [-73.283545, 45.899854], [-73.476611, 45.738232], [-73.711865, 45.711182], [-73.797852, 45.654932], [-73.897412, 45.56416], [-74.037842, 45.501855], [-74.315088, 45.531055], [-74.247656, 45.492871], [-73.999609, 45.43335], [-73.973828, 45.345117], [-74.098096, 45.324023], [-74.358301, 45.206396], [-74.708887, 45.003857], [-74.566309, 45.041602], [-74.269043, 45.188281], [-74.049805, 45.241406], [-73.764648, 45.395459], [-73.558105, 45.425098], [-73.518799, 45.458984], [-73.48418, 45.586768], [-73.465283, 45.632324], [-73.368848, 45.757812], [-73.253027, 45.863672], [-73.15957, 46.010059], [-72.989941, 46.103613], [-72.733447, 46.181836], [-72.496191, 46.352686], [-72.366162, 46.404785], [-72.240137, 46.44209], [-72.187207, 46.511523], [-72.109277, 46.551221], [-71.900928, 46.631934], [-71.671289, 46.65376], [-71.439209, 46.720752], [-71.261182, 46.75625], [-71.152002, 46.819092], [-70.993262, 46.852197], [-70.519482, 47.03252], [-70.388086, 47.116943], [-70.217773, 47.289844], [-70.06958, 47.377783], [-70.017139, 47.471436], [-69.802246, 47.623437], [-69.581055, 47.823682], [-69.471045, 47.967285], [-69.306348, 48.047021], [-68.987061, 48.275], [-68.815674, 48.366016], [-68.746045, 48.376416], [-68.552002, 48.457324], [-68.431494, 48.541699], [-68.238184, 48.626416], [-67.889014, 48.730908], [-67.560889, 48.855957], [-67.11748, 48.96416], [-66.598096, 49.126367], [-66.178174, 49.213135], [-65.882812, 49.225684], [-65.523389, 49.266162], [-65.396143, 49.262061], [-64.836328, 49.191748], [-64.567725, 49.104785], [-64.261816, 48.921875], [-64.216211, 48.873633], [-64.208789, 48.806201], [-64.370752, 48.838965], [-64.513721, 48.841113], [-64.414551, 48.803613], [-64.246094, 48.691113], [-64.25376, 48.550391], [-64.348828, 48.423193], [-64.633154, 48.360498], [-64.705762, 48.310596], [-64.764502, 48.228076], [-64.82207, 48.196484], [-64.959912, 48.159863], [-65.036084, 48.10625], [-65.259424, 48.02124], [-65.36001, 48.011133], [-65.475879, 48.031494], [-65.754687, 48.11167], [-65.926709, 48.188867], [-66.012549, 48.14668], [-66.083105, 48.102686], [-66.248633, 48.117334], [-66.324268, 48.0979], [-66.448975, 48.119629], [-66.704395, 48.022461], [-66.631543, 48.011084], [-66.428809, 48.066943], [-66.359619, 48.060645], [-66.210205, 47.988574], [-65.849414, 47.911035], [-65.755713, 47.859766], [-65.666455, 47.696143], [-65.607227, 47.67002], [-65.483496, 47.687012], [-65.343945, 47.76792], [-65.228174, 47.811279], [-65.00166, 47.846826], [-65.046387, 47.793018], [-64.873975, 47.797217], [-64.703223, 47.724854], [-64.766309, 47.673486], [-64.852148, 47.569873], [-64.912207, 47.368652], [-65.086133, 47.233789], [-65.318896, 47.101221], [-65.260205, 47.069238], [-65.19209, 47.049561], [-65.042383, 47.088818], [-64.942432, 47.086182], [-64.831396, 47.060791], [-64.865869, 46.957812], [-64.905762, 46.887939], [-64.88252, 46.822852], [-64.816699, 46.698682], [-64.725879, 46.671436], [-64.689502, 46.512305], [-64.641357, 46.425586], [-64.647852, 46.355957], [-64.556836, 46.311426], [-64.541504, 46.240332], [-64.211816, 46.220215], [-64.14502, 46.192871], [-63.915918, 46.16582], [-63.872656, 46.146191], [-63.831934, 46.107178], [-64.056396, 46.021338], [-63.874707, 45.959229], [-63.702881, 45.858008], [-63.567676, 45.87793], [-63.509229, 45.874707], [-63.358008, 45.811279], [-63.315918, 45.779883], [-63.292773, 45.751953], [-63.216895, 45.757959], [-63.10791, 45.782422], [-62.910791, 45.776367], [-62.700684, 45.740576], [-62.718359, 45.685986], [-62.750098, 45.648242], [-62.585645, 45.660693], [-62.483057, 45.621826], [-62.447266, 45.640527], [-62.421875, 45.664648], [-62.217725, 45.730859], [-61.955518, 45.868164], [-61.923584, 45.851172], [-61.911621, 45.799121], [-61.877246, 45.714209], [-61.776514, 45.655615], [-61.656885, 45.642187], [-61.492285, 45.687012], [-61.427637, 45.648291], [-61.350488, 45.573682], [-61.277051, 45.476025], [-61.281982, 45.441064], [-61.376123, 45.410596], [-61.460986, 45.366699], [-61.106738, 45.348633], [-61.070801, 45.330176], [-61.031543, 45.291748], [-61.067676, 45.252832], [-61.101074, 45.233447], [-61.165332, 45.256104], [-61.283789, 45.235498], [-61.387256, 45.185059], [-61.4979, 45.157031], [-61.56875, 45.153809], [-61.647412, 45.130518], [-61.719238, 45.094482], [-61.793896, 45.084424], [-62.026807, 44.994482], [-62.26499, 44.936475], [-62.514014, 44.843652], [-62.768066, 44.785107], [-63.031836, 44.714795], [-63.089209, 44.708545], [-63.155713, 44.711328], [-63.306299, 44.642578], [-63.380811, 44.651904], [-63.456836, 44.639941], [-63.544336, 44.655078], [-63.604004, 44.683203], [-63.558252, 44.610596], [-63.544824, 44.54375], [-63.567676, 44.514453], [-63.609766, 44.47998], [-63.761133, 44.486426], [-63.820654, 44.510645], [-63.891309, 44.546338], [-63.923682, 44.603857], [-63.999707, 44.644922], [-64.044922, 44.587891], [-64.044629, 44.54541], [-64.100879, 44.487451], [-64.166992, 44.58667], [-64.286084, 44.550342], [-64.338525, 44.444873], [-64.312256, 44.414746], [-64.275684, 44.334082], [-64.33457, 44.291992], [-64.378223, 44.303564], [-64.468799, 44.185156], [-64.578467, 44.142041], [-64.691602, 44.021338], [-64.825635, 43.929346], [-64.862354, 43.867871], [-65.086816, 43.727197], [-65.17207, 43.731396], [-65.234912, 43.726758], [-65.32959, 43.668115], [-65.344287, 43.549609], [-65.386084, 43.565283], [-65.428516, 43.561426], [-65.450439, 43.524219], [-65.481689, 43.518066], [-65.564453, 43.553271], [-65.661914, 43.534033], [-65.738135, 43.560742], [-65.835303, 43.734375], [-65.886914, 43.795215], [-65.978418, 43.814844], [-66.002148, 43.778125], [-66.037646, 43.742188], [-66.125732, 43.813818], [-66.192529, 44.079687], [-66.193066, 44.143848], [-66.099561, 44.36748], [-65.868018, 44.568799], [-65.941943, 44.575537], [-66.146387, 44.435937], [-66.125293, 44.469727], [-66.090625, 44.504932], [-66.02168, 44.561719], [-65.917041, 44.615088], [-65.777686, 44.646191], [-65.681836, 44.650928], [-65.615771, 44.68042], [-65.52002, 44.732666], [-65.502246, 44.7604], [-65.587158, 44.728516], [-65.728223, 44.697119], [-65.692041, 44.738281], [-65.656738, 44.760303], [-64.90293, 45.120801], [-64.75127, 45.180225], [-64.448828, 45.256055], [-64.406885, 45.305713], [-64.448145, 45.337451], [-64.330762, 45.309326], [-64.34043, 45.268213], [-64.358838, 45.238232], [-64.365723, 45.187256], [-64.354248, 45.138232], [-64.23501, 45.114307], [-64.135498, 45.023047], [-64.182715, 45.147021], [-64.093164, 45.21709], [-63.74834, 45.310889], [-63.460254, 45.321094], [-63.368018, 45.364795], [-63.614453, 45.394141], [-63.906445, 45.378174], [-64.087158, 45.410889], [-64.336426, 45.389551], [-64.600195, 45.410059], [-64.681104, 45.382959], [-64.74668, 45.324365], [-64.831934, 45.350244], [-64.873145, 45.35459], [-64.912891, 45.374805], [-64.827393, 45.475537], [-64.560059, 45.625488], [-64.39707, 45.755859], [-64.351123, 45.783203], [-64.314648, 45.835693], [-64.404053, 45.826904], [-64.482227, 45.806348], [-64.536328, 45.866602], [-64.632715, 45.946631], [-64.642041, 45.91333], [-64.593652, 45.813672], [-64.778516, 45.638428], [-64.8979, 45.625977], [-65.057275, 45.544238], [-65.282324, 45.473096], [-65.54502, 45.337305], [-65.884473, 45.2229], [-65.955615, 45.222461], [-66.109766, 45.316602], [-66.06665, 45.359473], [-66.026562, 45.417578], [-66.064893, 45.40083], [-66.089746, 45.375635], [-66.182715, 45.335205], [-66.107324, 45.256934], [-66.14375, 45.227588], [-66.251562, 45.189014], [-66.351953, 45.133203], [-66.439844, 45.095898], [-66.510937, 45.143359], [-66.707178, 45.083398], [-66.872461, 45.067285], [-66.908203, 45.097656], [-66.918701, 45.145605], [-66.976562, 45.157178], [-67.084082, 45.143945], [-67.124854, 45.169434], [-67.130371, 45.139014], [-67.102246, 45.087744], [-67.080469, 44.98916], [-67.113916, 44.944385], [-67.106738, 44.885059], [-67.014014, 44.867773], [-66.991455, 44.849609], [-66.987012, 44.827686], [-67.19126, 44.675586], [-67.364062, 44.696875], [-67.457812, 44.656543], [-67.556006, 44.644775], [-67.599072, 44.576807], [-67.652979, 44.562402], [-67.726807, 44.566504], [-67.790479, 44.585693], [-67.839062, 44.57627], [-67.907031, 44.453613], [-67.962695, 44.464307], [-67.984863, 44.420166], [-68.013965, 44.400879], [-68.056641, 44.384326], [-68.093701, 44.438818], [-68.117285, 44.490625], [-68.152051, 44.502002], [-68.198242, 44.515234], [-68.245752, 44.514795], [-68.277441, 44.507373], [-68.316748, 44.473877], [-68.37373, 44.445117], [-68.416846, 44.469092], [-68.450586, 44.507617], [-68.479443, 44.445654], [-68.521436, 44.380225], [-68.514453, 44.303906], [-68.53252, 44.258643], [-68.572363, 44.27085], [-68.612012, 44.310547], [-68.723291, 44.342285], [-68.811914, 44.339355], [-68.793896, 44.381738], [-68.710107, 44.442578], [-68.735889, 44.454492], [-68.777002, 44.446045], [-68.794922, 44.454492], [-68.765527, 44.509766], [-68.762695, 44.570752], [-68.800195, 44.549414], [-68.847363, 44.485059], [-68.961475, 44.433838], [-68.956152, 44.348096], [-69.063574, 44.172363], [-69.068359, 44.097559], [-69.137256, 44.037842], [-69.226074, 43.986475], [-69.344531, 44.000928], [-69.434961, 43.956299], [-69.480859, 43.905078], [-69.520752, 43.897363], [-69.541553, 43.962598], [-69.556689, 43.982764], [-69.58999, 43.886572], [-69.623926, 43.880615], [-69.636768, 43.948828], [-69.652881, 43.993896], [-69.699121, 43.955029], [-69.729834, 43.852002], [-69.762012, 43.860693], [-69.772266, 43.899023], [-69.795312, 43.910645], [-69.803223, 43.866846], [-69.791602, 43.805225], [-69.80835, 43.772314], [-69.840332, 43.789893], [-69.87251, 43.819531], [-69.925586, 43.797021], [-69.974316, 43.787891], [-69.974512, 43.818066], [-69.965234, 43.855078], [-70.062354, 43.834619], [-70.178809, 43.766357], [-70.269238, 43.671924], [-70.237891, 43.656201], [-70.202588, 43.626123], [-70.359668, 43.480225], [-70.520703, 43.348828], [-70.642334, 43.134424], [-70.691162, 43.109326], [-70.733105, 43.07002], [-70.777637, 42.940576], [-70.829053, 42.825342], [-70.800293, 42.774023], [-70.781348, 42.72124], [-70.735693, 42.669287], [-70.696875, 42.6646], [-70.654834, 42.673975], [-70.623975, 42.671777], [-70.60415, 42.649707], [-70.612939, 42.623242], [-70.661426, 42.61665], [-70.751855, 42.570361], [-70.831152, 42.552588], [-70.870898, 42.496631], [-70.930469, 42.431982], [-71.046191, 42.331104], [-70.996729, 42.3], [-70.817969, 42.264941], [-70.738281, 42.228857], [-70.617676, 42.04043], [-70.645215, 42.021582], [-70.656152, 41.987061], [-70.548926, 41.938623], [-70.514697, 41.80332], [-70.42666, 41.757275], [-70.295459, 41.728955], [-70.13501, 41.769873], [-70.001416, 41.826172], [-70.006104, 41.872314], [-70.090039, 41.979687], [-70.110254, 42.030127], [-70.172559, 42.062793], [-70.19624, 42.035107], [-70.236523, 42.071045], [-70.241064, 42.091211], [-70.203516, 42.101025], [-70.159863, 42.097119], [-70.108936, 42.07832], [-69.977881, 41.961279], [-69.941602, 41.807861], [-69.933838, 41.710449], [-69.948633, 41.677148], [-69.986768, 41.683984], [-70.059521, 41.677344], [-70.404687, 41.626904], [-70.481348, 41.582471], [-70.657129, 41.534229], [-70.668066, 41.558301], [-70.655371, 41.608105], [-70.666455, 41.710107], [-70.701123, 41.714844], [-70.974219, 41.548535], [-71.079785, 41.538086], [-71.168555, 41.489404], [-71.188428, 41.516406], [-71.204297, 41.641113], [-71.14873, 41.745703], [-71.17832, 41.744043], [-71.271094, 41.68125], [-71.310742, 41.719873], [-71.330615, 41.762256], [-71.35918, 41.78623], [-71.390137, 41.795312], [-71.363672, 41.702734], [-71.426562, 41.633301], [-71.443799, 41.453711], [-71.522852, 41.378955], [-71.769287, 41.330908], [-71.929932, 41.341064], [-72.073877, 41.326123], [-72.265283, 41.29165], [-72.371045, 41.312158], [-72.479395, 41.275781], [-72.847168, 41.265869], [-72.924707, 41.285156], [-73.02373, 41.216455], [-73.182275, 41.17583], [-73.583008, 41.021875], [-73.671387, 40.965869], [-73.779004, 40.878418], [-73.85127, 40.831396], [-73.910693, 40.816113], [-73.947217, 40.776953], [-73.987109, 40.751367], [-73.948584, 40.83877], [-73.906738, 40.912451], [-73.871973, 41.055176], [-73.882227, 41.170605], [-73.925342, 41.218066], [-73.969922, 41.249707], [-73.917676, 41.135791], [-73.909229, 40.996094], [-73.927197, 40.914258], [-74.025488, 40.756396], [-74.067334, 40.719629], [-74.11626, 40.687305], [-74.153125, 40.673242], [-74.187158, 40.647998], [-74.226709, 40.608008], [-74.264209, 40.528613], [-74.241504, 40.45625], [-74.049854, 40.429834], [-73.998437, 40.452148], [-73.972266, 40.400342], [-73.957617, 40.328369], [-73.971973, 40.250537], [-74.004004, 40.171338], [-74.02832, 40.072998], [-74.048926, 39.923047], [-74.079932, 39.788135], [-74.083984, 39.829102], [-74.0646, 39.993115], [-74.095996, 39.975977], [-74.117627, 39.938135], [-74.176123, 39.726611], [-74.256543, 39.613867], [-74.330615, 39.535889], [-74.407031, 39.548779], [-74.389844, 39.486816], [-74.41084, 39.454541], [-74.428809, 39.387207], [-74.474365, 39.342578], [-74.517187, 39.346875], [-74.578711, 39.316113], [-74.602979, 39.292578], [-74.604785, 39.24751], [-74.645947, 39.207861], [-74.794482, 39.001904], [-74.923437, 38.941113], [-74.954297, 38.949951], [-74.920312, 39.047168], [-74.897021, 39.145459], [-74.975293, 39.188232], [-75.050195, 39.21084], [-75.136133, 39.207861], [-75.231055, 39.284277], [-75.353418, 39.339844], [-75.524219, 39.490186], [-75.519238, 39.531885], [-75.523535, 39.601855], [-75.471631, 39.712402], [-75.421875, 39.789697], [-75.353174, 39.829736], [-75.153809, 39.870508], [-75.103809, 39.931836], [-75.07417, 39.983496], [-75.172949, 39.894775], [-75.320898, 39.864697], [-75.400635, 39.831592], [-75.464404, 39.780957], [-75.502148, 39.717383], [-75.587598, 39.640771], [-75.581592, 39.589453], [-75.567285, 39.552979], [-75.573877, 39.476953], [-75.519824, 39.402832], [-75.412646, 39.281396], [-75.392187, 39.092773], [-75.3104, 38.966553], [-75.185059, 38.819385], [-75.088672, 38.777539], [-75.083984, 38.722803], [-75.128467, 38.632422], [-75.187109, 38.591113], [-75.11084, 38.599365], [-75.072852, 38.578711], [-75.035889, 38.50332], [-75.03877, 38.426367], [-75.05127, 38.383008], [-75.074365, 38.365723], [-75.073389, 38.41001], [-75.089746, 38.425391], [-75.116748, 38.406201], [-75.134229, 38.384326], [-75.141504, 38.298145], [-75.16001, 38.255078], [-75.225439, 38.242285], [-75.291797, 38.129199], [-75.353516, 38.065039], [-75.596387, 37.631201], [-75.587109, 37.558691], [-75.631543, 37.535352], [-75.698828, 37.516357], [-75.766895, 37.472998], [-75.812061, 37.425195], [-75.854004, 37.296631], [-75.934375, 37.151904], [-75.984521, 37.212207], [-75.997363, 37.263818], [-75.975049, 37.398438], [-75.888135, 37.619141], [-75.792383, 37.756348], [-75.719336, 37.821387], [-75.659277, 37.953955], [-75.735156, 37.97373], [-75.85083, 37.971582], [-75.829053, 38.032764], [-75.795312, 38.08667], [-75.855615, 38.140381], [-75.891309, 38.147217], [-75.928076, 38.169238], [-75.884961, 38.213965], [-75.863916, 38.26123], [-75.876758, 38.31875], [-75.858691, 38.362061], [-75.888818, 38.355518], [-75.937256, 38.309668], [-75.967383, 38.291357], [-75.985742, 38.331934], [-76.006689, 38.322754], [-76.020312, 38.294873], [-76.051221, 38.279541], [-76.116504, 38.317676], [-76.21167, 38.361328], [-76.264648, 38.436426], [-76.294873, 38.494629], [-76.26416, 38.599951], [-76.198389, 38.618652], [-76.112939, 38.601562], [-76.000928, 38.601709], [-76.016943, 38.625098], [-76.056934, 38.62124], [-76.175, 38.706689], [-76.212988, 38.758301], [-76.27832, 38.772461], [-76.308105, 38.722852], [-76.341162, 38.709668], [-76.300342, 38.818213], [-76.246973, 38.822656], [-76.168164, 38.852734], [-76.191064, 38.915576], [-76.24082, 38.943066], [-76.330664, 38.908594], [-76.32959, 38.952783], [-76.312744, 39.009375], [-76.24502, 39.00918], [-76.185693, 38.990723], [-76.135205, 39.082129], [-76.132959, 39.122949], [-76.216846, 39.063623], [-76.235693, 39.191602], [-76.153125, 39.315039], [-76.074365, 39.368848], [-75.975977, 39.367285], [-75.875977, 39.375977], [-75.938721, 39.398584], [-76.003125, 39.41084], [-75.954736, 39.459619], [-75.913477, 39.468359], [-75.872949, 39.510889], [-75.97041, 39.50459], [-75.958936, 39.585059], [-76.006299, 39.568701], [-76.062988, 39.561133], [-76.085059, 39.527002], [-76.080713, 39.470312], [-76.097266, 39.433105], [-76.141357, 39.403223], [-76.21582, 39.379932], [-76.223047, 39.420312], [-76.247656, 39.438623], [-76.256836, 39.352148], [-76.276367, 39.322754], [-76.330811, 39.403906], [-76.347168, 39.387549], [-76.345068, 39.364502], [-76.358984, 39.324658], [-76.405664, 39.303906], [-76.402783, 39.252832], [-76.420898, 39.225], [-76.57041, 39.269336], [-76.573926, 39.254297], [-76.489355, 39.158691], [-76.427588, 39.126025], [-76.420068, 39.073877], [-76.473096, 39.030615], [-76.54624, 39.067969], [-76.558545, 39.065234], [-76.518799, 39.001172], [-76.49375, 38.945215], [-76.519531, 38.89834], [-76.515527, 38.840625], [-76.521094, 38.788281], [-76.536865, 38.742627], [-76.501318, 38.532178], [-76.416406, 38.420215], [-76.394092, 38.368994], [-76.43877, 38.361523], [-76.572412, 38.435791], [-76.646875, 38.538525], [-76.65918, 38.579541], [-76.677344, 38.611963], [-76.668555, 38.5375], [-76.641992, 38.454346], [-76.408789, 38.268262], [-76.33291, 38.140771], [-76.341162, 38.087012], [-76.401953, 38.125049], [-76.454395, 38.173535], [-76.593604, 38.22832], [-76.769141, 38.262939], [-76.868115, 38.390283], [-76.867773, 38.337158], [-76.889746, 38.29209], [-76.950244, 38.347021], [-76.988379, 38.393896], [-77.001172, 38.445264], [-77.076709, 38.441748], [-77.155908, 38.397119], [-77.23252, 38.407715], [-77.241602, 38.494824], [-77.220898, 38.540967], [-77.134912, 38.650098], [-77.053906, 38.705811], [-77.018164, 38.777734], [-77.030371, 38.889258], [-77.045605, 38.775781], [-77.091895, 38.719531], [-77.164648, 38.676562], [-77.2604, 38.6], [-77.283789, 38.529199], [-77.313672, 38.396631], [-77.273242, 38.351758], [-77.231934, 38.340039], [-77.109912, 38.370117], [-77.046777, 38.356689], [-76.906348, 38.19707], [-76.644873, 38.133936], [-76.549512, 38.094482], [-76.471777, 38.011182], [-76.354932, 37.963232], [-76.264258, 37.893555], [-76.261816, 37.848096], [-76.293213, 37.794336], [-76.305615, 37.721582], [-76.344141, 37.675684], [-76.436621, 37.67041], [-76.49248, 37.682227], [-76.792773, 37.937988], [-76.828613, 37.961523], [-76.93999, 38.095459], [-77.070654, 38.167187], [-77.111084, 38.165674], [-76.925098, 38.033008], [-76.84917, 37.940234], [-76.71543, 37.810156], [-76.619824, 37.755078], [-76.549463, 37.669141], [-76.484082, 37.628857], [-76.305566, 37.571484], [-76.367627, 37.530273], [-76.268555, 37.495166], [-76.254395, 37.430615], [-76.263477, 37.357031], [-76.400977, 37.386133], [-76.405469, 37.331934], [-76.393164, 37.299951], [-76.453906, 37.273535], [-76.538379, 37.309375], [-76.757715, 37.50542], [-76.755859, 37.479199], [-76.738086, 37.448779], [-76.610889, 37.322559], [-76.497363, 37.246875], [-76.401123, 37.212695], [-76.326953, 37.149268], [-76.300781, 37.110889], [-76.283301, 37.052686], [-76.338281, 37.013135], [-76.400879, 36.991309], [-76.462012, 37.030762], [-76.506836, 37.072314], [-76.602295, 37.142871], [-76.630908, 37.221729], [-76.703516, 37.217676], [-77.006982, 37.317676], [-77.250879, 37.329199], [-77.227051, 37.309082], [-77.196191, 37.295703], [-77.001953, 37.271045], [-76.925195, 37.225], [-76.76543, 37.184131], [-76.671875, 37.172949], [-76.633936, 37.047412], [-76.504639, 36.961035], [-76.487842, 36.897021], [-76.399561, 36.889844], [-76.244238, 36.952637], [-76.143994, 36.930615], [-75.999414, 36.912646], [-75.966357, 36.861963], [-75.941553, 36.765527], [-75.89043, 36.657031], [-75.757861, 36.229248], [-75.558691, 35.879346], [-75.53418, 35.819092], [-75.580469, 35.871973], [-75.728223, 36.103711], [-75.809766, 36.271045], [-75.893555, 36.566504], [-75.917871, 36.632666], [-75.946484, 36.659082], [-75.965332, 36.637598], [-75.973437, 36.599951], [-75.959766, 36.571045], [-75.992773, 36.473779], [-75.978467, 36.42915], [-75.924854, 36.383008], [-75.866602, 36.267871], [-75.820068, 36.112842], [-75.883008, 36.175684], [-75.950195, 36.208984], [-76.054736, 36.234521], [-76.147852, 36.279297], [-76.141064, 36.215088], [-76.15, 36.145752], [-76.221777, 36.166895], [-76.270605, 36.189893], [-76.227393, 36.116016], [-76.321191, 36.138184], [-76.383691, 36.133545], [-76.424316, 36.067969], [-76.478809, 36.028174], [-76.559375, 36.015332], [-76.678906, 36.075293], [-76.717627, 36.148096], [-76.733643, 36.22915], [-76.740039, 36.133301], [-76.71875, 36.033496], [-76.726221, 35.957617], [-76.611133, 35.943652], [-76.503516, 35.956055], [-76.358301, 35.952881], [-76.263574, 35.96709], [-76.206543, 35.991211], [-76.069775, 35.970312], [-76.060059, 35.878662], [-76.075684, 35.787549], [-76.083594, 35.690527], [-76.045703, 35.691162], [-76.001172, 35.722168], [-75.978906, 35.895947], [-75.853906, 35.960156], [-75.812012, 35.955762], [-75.772217, 35.899902], [-75.758838, 35.843262], [-75.744727, 35.765479], [-75.773926, 35.646973], [-75.965967, 35.508398], [-76.103516, 35.380273], [-76.173828, 35.35415], [-76.275244, 35.369043], [-76.390234, 35.40127], [-76.446631, 35.407764], [-76.489502, 35.397021], [-76.515625, 35.436475], [-76.532471, 35.508447], [-76.577197, 35.532324], [-76.611035, 35.529687], [-76.634131, 35.453223], [-76.741406, 35.431494], [-76.887256, 35.463086], [-77.03999, 35.527393], [-76.974463, 35.458398], [-76.595459, 35.329687], [-76.552783, 35.305615], [-76.512939, 35.27041], [-76.565967, 35.215186], [-76.60752, 35.152979], [-76.613379, 35.10415], [-76.628027, 35.07334], [-76.77915, 34.990332], [-76.861035, 35.00498], [-77.070264, 35.154639], [-76.974951, 35.025195], [-76.898633, 34.970264], [-76.744971, 34.940967], [-76.456738, 34.989355], [-76.362207, 34.936523], [-76.439795, 34.84292], [-76.516895, 34.777246], [-76.618018, 34.769922], [-76.70708, 34.752148], [-76.733203, 34.706982], [-77.049512, 34.697363], [-77.133887, 34.70791], [-77.251758, 34.615625], [-77.29624, 34.60293], [-77.358398, 34.620264], [-77.384473, 34.694385], [-77.412256, 34.730811], [-77.412939, 34.592139], [-77.402051, 34.554785], [-77.379785, 34.526611], [-77.517676, 34.451367], [-77.649658, 34.35752], [-77.696973, 34.331982], [-77.750732, 34.284961], [-77.86084, 34.14917], [-77.888037, 34.050146], [-77.927832, 33.939746], [-77.932861, 33.989453], [-77.926025, 34.073145], [-77.953271, 34.168994], [-77.970557, 33.993408], [-78.01333, 33.911816], [-78.405859, 33.917578], [-78.577686, 33.873242], [-78.841455, 33.724072], [-78.920312, 33.658691], [-79.138184, 33.405908], [-79.193799, 33.244141], [-79.238379, 33.312158], [-79.227344, 33.363184], [-79.226465, 33.404883], [-79.281348, 33.31543], [-79.229248, 33.185156], [-79.276025, 33.1354], [-79.419922, 33.042529], [-79.498682, 33.027295], [-79.587109, 33.000879], [-79.614941, 32.909277], [-79.73501, 32.824805], [-79.80498, 32.787402], [-79.933105, 32.810059], [-79.893652, 32.728711], [-79.940723, 32.667139], [-80.021777, 32.619922], [-80.122559, 32.589111], [-80.180322, 32.592871], [-80.229687, 32.576514], [-80.268359, 32.537354], [-80.362842, 32.500732], [-80.460986, 32.521338], [-80.572217, 32.533691], [-80.63418, 32.511719], [-80.530029, 32.475391], [-80.474268, 32.422754], [-80.485742, 32.351807], [-80.513623, 32.324414], [-80.579346, 32.287305], [-80.608203, 32.292822], [-80.62583, 32.32627], [-80.647217, 32.395947], [-80.677783, 32.381104], [-80.683057, 32.348633], [-80.709326, 32.337061], [-80.802539, 32.448047], [-80.7979, 32.363379], [-80.765332, 32.29834], [-80.733838, 32.265332], [-80.702051, 32.245898], [-80.694238, 32.215723], [-80.758008, 32.142187], [-80.79082, 32.12583], [-80.849219, 32.113916], [-80.88208, 32.068604], [-80.872363, 32.02959], [-80.923437, 31.944922], [-81.045557, 31.892041], [-81.082861, 31.894092], [-81.113281, 31.878613], [-81.095508, 31.840918], [-81.065039, 31.813477], [-81.066113, 31.787988], [-81.098389, 31.753369], [-81.162109, 31.743701], [-81.1979, 31.704199], [-81.186572, 31.666943], [-81.165527, 31.646143], [-81.169922, 31.610303], [-81.242383, 31.574316], [-81.259375, 31.538916], [-81.223389, 31.528467], [-81.195703, 31.538916], [-81.175439, 31.531299], [-81.218896, 31.472119], [-81.25791, 31.436035], [-81.294971, 31.371191], [-81.380957, 31.353271], [-81.377734, 31.332324], [-81.32915, 31.31377], [-81.288477, 31.263916], [-81.364893, 31.171875], [-81.412598, 31.179443], [-81.441748, 31.199707], [-81.460352, 31.127051], [-81.453223, 31.088281], [-81.471387, 31.009033], [-81.500586, 30.91377], [-81.52041, 30.874658], [-81.516211, 30.801807], [-81.503955, 30.731445], [-81.457178, 30.640771], [-81.385742, 30.269971], [-81.337109, 30.141211], [-81.249512, 29.793799], [-81.104541, 29.456982], [-80.9, 29.049854], [-80.564307, 28.556396], [-80.524121, 28.486084], [-80.567822, 28.426465], [-80.581152, 28.364697], [-80.584961, 28.271582], [-80.572852, 28.180859], [-80.533154, 28.070068], [-80.456885, 27.900684], [-80.499561, 27.934473], [-80.61001, 28.177588], [-80.622852, 28.320361], [-80.606934, 28.5229], [-80.632861, 28.518018], [-80.653906, 28.452197], [-80.665479, 28.374902], [-80.693506, 28.344971], [-80.731738, 28.462891], [-80.729053, 28.516211], [-80.688477, 28.578516], [-80.700244, 28.600928], [-80.765918, 28.632812], [-80.779883, 28.682959], [-80.770996, 28.732471], [-80.808691, 28.758936], [-80.838184, 28.757666], [-80.818408, 28.635596], [-80.787207, 28.560645], [-80.748633, 28.381006], [-80.686377, 28.272168], [-80.226123, 27.207031], [-80.125781, 27.083008], [-80.088672, 26.993945], [-80.050049, 26.807715], [-80.041309, 26.568604], [-80.110596, 26.131592], [-80.126367, 25.833496], [-80.136279, 25.842627], [-80.14292, 25.874023], [-80.158936, 25.87832], [-80.219092, 25.741748], [-80.30083, 25.618555], [-80.327734, 25.4271], [-80.366943, 25.33125], [-80.484668, 25.229834], [-80.557617, 25.232422], [-80.736523, 25.156348], [-80.862207, 25.176172], [-81.011963, 25.133252], [-81.110498, 25.138037], [-81.167383, 25.228516], [-81.158691, 25.268994], [-81.136035, 25.309668], [-81.097656, 25.319141], [-80.965381, 25.224316], [-80.94043, 25.264209], [-80.980371, 25.31167], [-81.056836, 25.338135], [-81.11333, 25.367236], [-81.227148, 25.583398], [-81.345068, 25.731836], [-81.364941, 25.831055], [-81.568262, 25.891553], [-81.715479, 25.983154], [-81.811475, 26.146094], [-81.866553, 26.43501], [-81.931494, 26.46748], [-81.958936, 26.489941], [-81.895508, 26.597168], [-81.828662, 26.687061], [-81.881543, 26.664697], [-81.920557, 26.631445], [-81.970166, 26.552051], [-82.006396, 26.539844], [-82.0396, 26.552051], [-82.077881, 26.704346], [-82.066943, 26.891553], [-82.013281, 26.961572], [-82.095703, 26.963428], [-82.181104, 26.936768], [-82.168604, 26.874365], [-82.180664, 26.840088], [-82.242871, 26.848877], [-82.290039, 26.870801], [-82.354053, 26.935742], [-82.441357, 27.059668], [-82.620459, 27.401074], [-82.655371, 27.449219], [-82.7146, 27.499609], [-82.686719, 27.515283], [-82.63584, 27.524561], [-82.52085, 27.678271], [-82.430518, 27.771143], [-82.400537, 27.8354], [-82.405762, 27.862891], [-82.445703, 27.902832], [-82.498145, 27.86792], [-82.520605, 27.877881], [-82.57959, 27.958447], [-82.635937, 27.981201], [-82.675195, 27.96377], [-82.633789, 27.897754], [-82.596582, 27.873242], [-82.610986, 27.777246], [-82.626025, 27.745996], [-82.660889, 27.718408], [-82.715332, 27.733105], [-82.742871, 27.709375], [-82.775293, 27.734375], [-82.807568, 27.776562], [-82.843506, 27.845996], [-82.748535, 28.236816], [-82.660645, 28.48584], [-82.650586, 28.769922], [-82.644043, 28.812012], [-82.651465, 28.8875], [-82.769336, 29.051562], [-83.290479, 29.451904], [-83.694385, 29.925977], [-84.044238, 30.103809], [-84.309668, 30.064746], [-84.355615, 30.029004], [-84.375342, 29.982275], [-84.358691, 29.929395], [-84.382812, 29.907373], [-84.454053, 29.910156], [-84.55, 29.897852], [-84.800537, 29.773047], [-84.888916, 29.777637], [-85.029297, 29.721094], [-85.186035, 29.70791], [-85.318945, 29.680225], [-85.376367, 29.695215], [-85.413818, 29.767578], [-85.413818, 29.84248], [-85.383447, 29.785059], [-85.336426, 29.740137], [-85.314893, 29.758105], [-85.306836, 29.797852], [-85.353613, 29.875732], [-85.504297, 29.975781], [-85.675781, 30.121924], [-85.623486, 30.11709], [-85.610254, 30.148389], [-85.663428, 30.189453], [-85.640967, 30.236914], [-85.603516, 30.286768], [-85.675879, 30.279297], [-85.74082, 30.244385], [-85.742969, 30.20127], [-85.755811, 30.166992], [-85.790771, 30.171973], [-85.855664, 30.214404], [-86.175146, 30.33252], [-86.454443, 30.399121], [-86.240088, 30.429102], [-86.123828, 30.405811], [-86.137695, 30.441553], [-86.165674, 30.464258], [-86.257373, 30.493018], [-86.37417, 30.48208], [-86.447949, 30.495605], [-86.523389, 30.46709], [-86.606055, 30.424707], [-86.679639, 30.402881], [-86.967627, 30.372363], [-87.201172, 30.339258], [-87.163721, 30.374219], [-87.123779, 30.39668], [-86.985791, 30.430859], [-86.965137, 30.501904], [-86.997559, 30.570312], [-87.033887, 30.553906], [-87.072021, 30.500439], [-87.118799, 30.538965], [-87.170605, 30.53877], [-87.184668, 30.453711], [-87.251074, 30.39668], [-87.281055, 30.339258], [-87.475781, 30.294287], [-87.500732, 30.309277], [-87.44375, 30.363818], [-87.448291, 30.394141], [-87.513281, 30.368115], [-87.622266, 30.264746], [-88.005957, 30.230908], [-87.98501, 30.254395], [-87.904004, 30.259082], [-87.790283, 30.291797], [-87.813281, 30.346875], [-87.857129, 30.407422], [-87.897607, 30.41416], [-87.924316, 30.449658], [-87.922998, 30.561523], [-87.948877, 30.626904], [-88.011328, 30.694189], [-88.032422, 30.68125], [-88.078369, 30.566211], [-88.116553, 30.415332], [-88.135449, 30.366602], [-88.249219, 30.363184], [-88.349902, 30.373486], [-88.69209, 30.355371], [-88.819922, 30.406494], [-88.872949, 30.416309], [-88.905225, 30.415137], [-89.054053, 30.368262], [-89.223633, 30.332373], [-89.263574, 30.343652], [-89.320557, 30.345312], [-89.443506, 30.223145], [-89.588477, 30.165967], [-89.954248, 30.26875], [-90.045215, 30.351416], [-90.125977, 30.369092], [-90.225293, 30.379297], [-90.331982, 30.277588], [-90.413037, 30.140332], [-90.284961, 30.065088], [-90.175342, 30.029102], [-89.994189, 30.059277], [-89.894043, 30.125879], [-89.812256, 30.123682], [-89.773145, 30.137207], [-89.737451, 30.171973], [-89.667529, 30.144531], [-89.665039, 30.117041], [-89.714697, 30.07832], [-89.777246, 30.045703], [-89.815186, 30.007275], [-89.743799, 29.929834], [-89.631689, 29.903809], [-89.589502, 29.915039], [-89.563379, 30.0021], [-89.494434, 30.058154], [-89.400732, 30.046045], [-89.414062, 30.010889], [-89.400928, 29.977686], [-89.357861, 29.920996], [-89.362793, 29.839795], [-89.354443, 29.820215], [-89.45542, 29.784375], [-89.530664, 29.772217], [-89.590869, 29.725293], [-89.559326, 29.698047], [-89.620654, 29.674121], [-89.662109, 29.683691], [-89.682959, 29.674854], [-89.689209, 29.646045], [-89.720898, 29.619287], [-89.674805, 29.538672], [-89.580322, 29.486035], [-89.513672, 29.420068], [-89.245703, 29.333203], [-89.180762, 29.335693], [-89.116846, 29.248242], [-89.065332, 29.218164], [-89.015723, 29.202881], [-89.021387, 29.142725], [-89.109521, 29.098682], [-89.13335, 29.046143], [-89.155518, 29.016602], [-89.195264, 29.054004], [-89.236084, 29.081104], [-89.330566, 28.998682], [-89.376123, 28.981348], [-89.353516, 29.070215], [-89.389209, 29.105029], [-89.443164, 29.194141], [-89.521777, 29.249268], [-89.577148, 29.267529], [-89.620264, 29.302393], [-89.672461, 29.316504], [-89.716992, 29.312891], [-89.792383, 29.333203], [-89.797363, 29.380615], [-89.818262, 29.416113], [-89.877246, 29.458008], [-90.159082, 29.537158], [-90.160791, 29.504395], [-90.14126, 29.479736], [-90.100781, 29.46333], [-90.052344, 29.431396], [-90.052783, 29.336816], [-90.07373, 29.296777], [-90.082715, 29.239746], [-90.101367, 29.181787], [-90.13584, 29.136084], [-90.212793, 29.104932], [-90.246729, 29.131006], [-90.301611, 29.255811], [-90.379199, 29.295117], [-90.50249, 29.299756], [-90.58623, 29.271533], [-90.67749, 29.150635], [-90.751025, 29.130859], [-91.002734, 29.193506], [-91.290137, 29.288965], [-91.282715, 29.320752], [-91.2375, 29.330957], [-91.150781, 29.31792], [-91.155371, 29.350684], [-91.243994, 29.457324], [-91.260254, 29.505469], [-91.248828, 29.564209], [-91.277734, 29.562891], [-91.330957, 29.513574], [-91.514209, 29.555371], [-91.564795, 29.605322], [-91.672461, 29.746094], [-91.824414, 29.750684], [-91.893164, 29.836035], [-92.017334, 29.800293], [-92.080225, 29.760742], [-92.135498, 29.699463], [-92.113965, 29.667676], [-92.058887, 29.617188], [-92.084033, 29.592822], [-92.26084, 29.556836], [-92.671289, 29.59707], [-92.791309, 29.634668], [-92.952393, 29.71416], [-93.175684, 29.778955], [-93.283203, 29.789404], [-93.388477, 29.776562], [-93.694824, 29.769922], [-93.765918, 29.752686], [-93.826465, 29.725146], [-93.865723, 29.755615], [-93.883887, 29.81001], [-93.84834, 29.818848], [-93.808789, 29.85083], [-93.773096, 29.914062], [-93.769043, 29.952295], [-93.793994, 29.977246], [-93.841455, 29.979736], [-93.946289, 29.81499], [-93.886377, 29.722656], [-93.890479, 29.689355], [-94.099658, 29.67041], [-94.574463, 29.484521], [-94.759619, 29.384277], [-94.750146, 29.418018], [-94.52627, 29.547949], [-94.605322, 29.567822], [-94.732617, 29.535352], [-94.778271, 29.547852], [-94.724365, 29.655273], [-94.741943, 29.75], [-94.832324, 29.752588], [-94.889893, 29.676953], [-94.929883, 29.680176], [-94.982275, 29.712598], [-95.022852, 29.702344], [-94.992822, 29.530957], [-94.935889, 29.460449], [-94.888281, 29.370557], [-95.018311, 29.259473], [-95.139062, 29.167822], [-95.152148, 29.079248], [-95.273486, 28.963867], [-95.655859, 28.744629], [-95.732373, 28.711719], [-95.853418, 28.640332], [-96.02041, 28.586816], [-96.180518, 28.501855], [-96.234521, 28.488965], [-96.132275, 28.560889], [-96.011035, 28.631934], [-96.115039, 28.622217], [-96.275342, 28.655127], [-96.373437, 28.657031], [-96.374121, 28.631104], [-96.44873, 28.594482], [-96.526025, 28.648291], [-96.559717, 28.684473], [-96.575684, 28.715723], [-96.608496, 28.723291], [-96.640039, 28.708789], [-96.524658, 28.488721], [-96.475488, 28.479199], [-96.421094, 28.457324], [-96.488818, 28.406055], [-96.561719, 28.367139], [-96.676367, 28.341309], [-96.773535, 28.421631], [-96.79458, 28.32085], [-96.806885, 28.220215], [-96.839502, 28.194385], [-96.891602, 28.157568], [-96.919873, 28.185352], [-96.933301, 28.224268], [-96.96665, 28.189551], [-97.015479, 28.163477], [-97.096045, 28.158252], [-97.156494, 28.144336], [-97.155078, 28.102637], [-97.14126, 28.060742], [-97.034326, 28.093848], [-97.073096, 27.986084], [-97.171436, 27.87959], [-97.251562, 27.854443], [-97.374121, 27.87002], [-97.404395, 27.859326], [-97.431494, 27.837207], [-97.288721, 27.670605], [-97.380469, 27.419336], [-97.439111, 27.328271], [-97.479785, 27.316602], [-97.523877, 27.313965], [-97.682129, 27.394922], [-97.768457, 27.45752], [-97.692383, 27.287158], [-97.485107, 27.237402], [-97.474512, 27.172949], [-97.475684, 27.117871], [-97.516504, 27.053223], [-97.554688, 26.967334], [-97.526514, 26.90752], [-97.493799, 26.759619], [-97.46582, 26.691748], [-97.435059, 26.48584], [-97.402344, 26.396533], [-97.213916, 26.067871], [-97.150391, 26.065332], [-97.140186, 26.029736], [-97.164453, 25.754932], [-97.224902, 25.585449], [-97.424072, 25.233105], [-97.50708, 25.014551], [-97.667676, 24.38999], [-97.717041, 23.980615], [-97.728613, 23.787939], [-97.742676, 23.760645], [-97.727393, 23.732227], [-97.765869, 23.306152], [-97.745215, 22.942383], [-97.75835, 22.886035], [-97.816699, 22.776318], [-97.857812, 22.624512], [-97.841602, 22.55708], [-97.84248, 22.510303], [-97.782373, 22.279297], [-97.763281, 22.105859], [-97.584766, 21.808545], [-97.484521, 21.704834], [-97.360156, 21.614941], [-97.314502, 21.564209], [-97.336865, 21.437891], [-97.387549, 21.373926], [-97.40918, 21.272559], [-97.434131, 21.356494], [-97.424414, 21.465332], [-97.384814, 21.523828], [-97.383447, 21.566699], [-97.456592, 21.612402], [-97.590381, 21.762012], [-97.753809, 22.02666], [-97.637549, 21.603662], [-97.597607, 21.535889], [-97.566553, 21.507715], [-97.514551, 21.477979], [-97.501074, 21.432031], [-97.500586, 21.398047], [-97.357129, 21.104004], [-97.194971, 20.800098], [-97.186328, 20.717041], [-97.121436, 20.61499], [-96.708691, 20.188281], [-96.456055, 19.869775], [-96.368359, 19.567236], [-96.315332, 19.472852], [-96.289551, 19.34375], [-96.123975, 19.199072], [-96.073389, 19.105664], [-95.984668, 19.05376], [-95.913037, 18.897168], [-95.778125, 18.805518], [-95.810352, 18.803857], [-95.928223, 18.850098], [-95.920361, 18.81958], [-95.821094, 18.754639], [-95.626807, 18.690576], [-95.57832, 18.69043], [-95.654932, 18.723682], [-95.719824, 18.768359], [-95.697119, 18.774902], [-95.561426, 18.719141], [-95.181836, 18.700732], [-95.014697, 18.570605], [-94.798145, 18.5146], [-94.681641, 18.348486], [-94.546191, 18.174854], [-94.459766, 18.16665], [-94.392285, 18.165967], [-94.189014, 18.195264], [-93.873145, 18.304443], [-93.764404, 18.35791], [-93.552344, 18.430469], [-93.22793, 18.443799], [-93.127344, 18.423437], [-92.884766, 18.468652], [-92.769092, 18.524121], [-92.728955, 18.574512], [-92.710107, 18.61167], [-92.441016, 18.675293], [-92.213184, 18.684863], [-92.103223, 18.704395], [-91.973779, 18.715869], [-91.880371, 18.637793], [-91.880469, 18.599658], [-91.942676, 18.563428], [-91.913574, 18.528516], [-91.802979, 18.470605], [-91.599707, 18.447168], [-91.533984, 18.456543], [-91.440479, 18.541846], [-91.275244, 18.624463], [-91.27876, 18.720654], [-91.308301, 18.773291], [-91.356299, 18.776562], [-91.367773, 18.806104], [-91.334229, 18.876807], [-91.343066, 18.900586], [-91.445557, 18.832813], [-91.469189, 18.833008], [-91.457861, 18.864648], [-91.43667, 18.889795], [-91.135937, 19.0375], [-91.058936, 19.098193], [-90.955029, 19.15166], [-90.739258, 19.352246], [-90.693164, 19.729883], [-90.650098, 19.795947], [-90.50708, 19.911865], [-90.491699, 19.946777], [-90.482422, 20.025732], [-90.486377, 20.224023], [-90.47832, 20.37998], [-90.484131, 20.556348], [-90.458447, 20.713721], [-90.435156, 20.75752], [-90.353125, 21.009424], [-90.18291, 21.120898], [-89.887646, 21.252637], [-89.819775, 21.274609], [-88.878711, 21.414111], [-88.74668, 21.448145], [-88.584912, 21.538672], [-88.466699, 21.569385], [-88.251025, 21.566895], [-88.184766, 21.578955], [-88.171729, 21.591455], [-88.171387, 21.603516], [-88.131641, 21.615869], [-88.006836, 21.604053], [-87.77373, 21.549512], [-87.688818, 21.53584], [-87.480469, 21.472461], [-87.250879, 21.446973], [-87.21792, 21.458008], [-87.187598, 21.477295], [-87.164307, 21.514209], [-87.188281, 21.546436], [-87.210596, 21.543945], [-87.249463, 21.526611], [-87.295752, 21.524951], [-87.38667, 21.551465], [-87.368506, 21.57373], [-87.275732, 21.571631], [-87.216455, 21.582422], [-87.128467, 21.621484], [-87.034766, 21.592236], [-86.911719, 21.462842], [-86.824072, 21.42168], [-86.81709, 21.234229], [-86.803857, 21.200049], [-86.771777, 21.150537], [-86.815527, 21.005225], [-86.864697, 20.885059], [-86.926221, 20.786475], [-87.05957, 20.63125], [-87.22124, 20.507275], [-87.421387, 20.231396], [-87.467187, 20.102148], [-87.46582, 19.998535], [-87.431934, 19.898486], [-87.441748, 19.861523], [-87.466211, 19.82417], [-87.506885, 19.82749], [-87.585791, 19.779492], [-87.687695, 19.637109], [-87.690088, 19.593701], [-87.645312, 19.553906], [-87.587305, 19.572998], [-87.51167, 19.574707], [-87.469385, 19.586475], [-87.424756, 19.58335], [-87.434717, 19.501709], [-87.482666, 19.44375], [-87.512891, 19.425586], [-87.566992, 19.415723], [-87.627539, 19.382715], [-87.658691, 19.352344], [-87.655762, 19.257861], [-87.62207, 19.250488], [-87.550781, 19.320947], [-87.509473, 19.31748], [-87.501074, 19.287793], [-87.593555, 19.046387], [-87.653027, 18.798535], [-87.733545, 18.655029], [-87.761816, 18.446143], [-87.804102, 18.35708], [-87.853223, 18.268994], [-87.881982, 18.273877], [-87.959668, 18.440869], [-88.039062, 18.483887], [-88.056445, 18.524463], [-88.011133, 18.726855], [-88.031738, 18.838916], [-88.073779, 18.834473], [-88.126758, 18.773047], [-88.196777, 18.719678], [-88.195312, 18.642627], [-88.275732, 18.514551], [-88.349268, 18.358838], [-88.295654, 18.344092], [-88.247266, 18.354687], [-88.130273, 18.350732], [-88.085254, 18.226123], [-88.097217, 18.121631], [-88.207471, 17.846094], [-88.221436, 17.751367], [-88.271729, 17.609863], [-88.203467, 17.516602], [-88.267187, 17.392578], [-88.288818, 17.312695], [-88.293994, 17.192139], [-88.261816, 16.963037], [-88.313428, 16.632764], [-88.404541, 16.488623], [-88.461133, 16.433789], [-88.562305, 16.29043], [-88.695166, 16.247656], [-88.879102, 16.01665], [-88.911719, 15.956006], [-88.894043, 15.890625], [-88.83999, 15.868994], [-88.79834, 15.8625], [-88.708643, 15.806543], [-88.603369, 15.76416], [-88.53623, 15.849609], [-88.571582, 15.901074], [-88.597998, 15.927344], [-88.593945, 15.950293], [-88.22832, 15.729004], [-88.131104, 15.701025], [-88.05459, 15.764844], [-88.0104, 15.786182], [-87.907031, 15.862598], [-87.874951, 15.879346], [-87.701855, 15.910645], [-87.618164, 15.909863], [-87.544971, 15.832373], [-87.486914, 15.790186], [-87.37749, 15.826465], [-87.285889, 15.834424], [-86.907227, 15.762354], [-86.757031, 15.794238], [-86.480811, 15.801074], [-86.356641, 15.783203], [-86.181201, 15.885156], [-86.068555, 15.905664], [-85.936279, 15.953418], [-85.953906, 16.002246], [-85.985645, 16.02417], [-85.783984, 16.002832], [-85.483691, 15.899512], [-85.163672, 15.918164], [-85.048242, 15.973975], [-84.97373, 15.989893], [-84.646094, 15.883594], [-84.559668, 15.802002], [-84.492285, 15.793945], [-84.440039, 15.812598], [-84.425977, 15.829492], [-84.490381, 15.847266], [-84.519629, 15.872754], [-84.261426, 15.822607], [-83.775488, 15.436865], [-83.765283, 15.405469], [-83.972803, 15.519629], [-84.082764, 15.510889], [-84.111328, 15.492432], [-84.105176, 15.430127], [-84.095068, 15.400928], [-84.047949, 15.397607], [-84.013184, 15.414404], [-83.927441, 15.394043], [-83.870654, 15.352734], [-83.80166, 15.289258], [-83.760449, 15.220361], [-83.715918, 15.219238], [-83.672168, 15.260742], [-83.589648, 15.265771], [-83.535937, 15.219385], [-83.497949, 15.222119], [-83.551074, 15.293994], [-83.676123, 15.36543], [-83.646387, 15.368408], [-83.369189, 15.23999], [-83.290869, 15.078906], [-83.225586, 15.042285], [-83.15752, 14.993066], [-83.185352, 14.956396], [-83.215918, 14.932373], [-83.279883, 14.812793], [-83.302002, 14.8021], [-83.306348, 14.890527], [-83.344385, 14.9021], [-83.389014, 14.870654], [-83.413721, 14.825342], [-83.374854, 14.766113], [-83.340723, 14.765283], [-83.299219, 14.749023], [-83.187744, 14.340088], [-83.211719, 14.267139], [-83.280811, 14.153613], [-83.346582, 14.056982], [-83.412305, 13.996484], [-83.49375, 13.738818], [-83.567334, 13.320312], [-83.514453, 12.943945], [-83.541211, 12.596289], [-83.517969, 12.514111], [-83.510937, 12.411816], [-83.565234, 12.393408], [-83.595898, 12.396484], [-83.627197, 12.459326], [-83.623682, 12.514551], [-83.591211, 12.579346], [-83.578076, 12.667139], [-83.593359, 12.713086], [-83.625342, 12.612891], [-83.681641, 12.568115], [-83.718359, 12.552637], [-83.754248, 12.501953], [-83.716211, 12.406738], [-83.667334, 12.337061], [-83.65127, 12.287061], [-83.669238, 12.227539], [-83.68042, 12.024316], [-83.697705, 12.02998], [-83.715576, 12.057422], [-83.767187, 12.059277], [-83.77334, 11.977393], [-83.769336, 11.931641], [-83.813184, 11.896387], [-83.828906, 11.861035], [-83.792969, 11.836182], [-83.753369, 11.821289], [-83.70459, 11.824561], [-83.664307, 11.723877], [-83.651758, 11.642041], [-83.744971, 11.566504], [-83.776611, 11.503955], [-83.829395, 11.428174], [-83.859082, 11.353662], [-83.867871, 11.300049], [-83.831836, 11.130518], [-83.76792, 11.010254], [-83.714062, 10.933838], [-83.641992, 10.917236], [-83.617285, 10.87749], [-83.588184, 10.81499], [-83.575293, 10.734717], [-83.448242, 10.465918], [-83.346826, 10.315381], [-83.124609, 10.041602], [-83.028516, 9.99126], [-82.866309, 9.770947], [-82.810303, 9.73457], [-82.778418, 9.669531], [-82.610156, 9.616016], [-82.500342, 9.523242], [-82.370801, 9.428564], [-82.363184, 9.381934], [-82.375391, 9.337256], [-82.339746, 9.20918], [-82.272461, 9.190625], [-82.204883, 9.21543], [-82.188135, 9.191748], [-82.200684, 9.168115], [-82.235449, 9.14165], [-82.244189, 9.031494], [-82.133301, 8.980078], [-82.077881, 8.934863], [-81.894141, 8.956104], [-81.826416, 8.944092], [-81.780225, 8.957227], [-81.831494, 9.045605], [-81.900146, 9.111035], [-81.894482, 9.14043], [-81.842383, 9.118701], [-81.802588, 9.074121], [-81.712207, 9.018945], [-81.545605, 8.827002], [-81.354785, 8.780566], [-81.20376, 8.786719], [-81.063086, 8.812646], [-80.838672, 8.887207], [-80.676465, 9.021875], [-80.546875, 9.081934], [-80.1271, 9.209912], [-79.977979, 9.343701], [-79.855078, 9.378076], [-79.723096, 9.479297], [-79.652246, 9.558203], [-79.577295, 9.597852], [-79.355469, 9.569238], [-79.211621, 9.531934], [-79.112256, 9.536768], [-79.016699, 9.510449], [-78.975, 9.452979], [-78.931641, 9.428467], [-78.696924, 9.434766], [-78.504346, 9.406299], [-78.082764, 9.236279], [-77.830811, 9.068115], [-77.697217, 8.889453], [-77.344141, 8.636719], [-77.261572, 8.493701], [-77.130127, 8.400586], [-76.992285, 8.250342], [-76.93584, 8.146826], [-76.890967, 8.127979], [-76.851855, 8.090479], [-76.869092, 8.062695], [-76.912207, 8.033398], [-76.924658, 7.973193], [-76.896631, 7.939453], [-76.866895, 7.917969], [-76.786572, 7.931592], [-76.742334, 8.002148], [-76.77207, 8.310547], [-76.818604, 8.464697], [-76.872217, 8.512744], [-76.920459, 8.57373], [-76.887988, 8.619873], [-76.802246, 8.640674], [-76.689355, 8.694727], [-76.276855, 8.989111], [-76.135498, 9.265625], [-76.027246, 9.365771], [-75.905029, 9.430908], [-75.755566, 9.415625], [-75.639355, 9.450439], [-75.603613, 9.538477], [-75.635352, 9.657812], [-75.680029, 9.729785], [-75.637109, 9.834277], [-75.592676, 9.992725], [-75.595898, 10.12583], [-75.538574, 10.205176], [-75.558398, 10.236426], [-75.642187, 10.172168], [-75.70835, 10.143408], [-75.670898, 10.196338], [-75.553711, 10.327734], [-75.492773, 10.527637], [-75.445996, 10.610889], [-75.280615, 10.727197], [-75.247949, 10.783252], [-75.123047, 10.87041], [-74.921582, 11.057568], [-74.84458, 11.109717], [-74.454248, 10.989062], [-74.330225, 10.99668], [-74.352393, 10.974658], [-74.40957, 10.967187], [-74.492285, 10.934473], [-74.51626, 10.8625], [-74.460254, 10.787061], [-74.400879, 10.765234], [-74.350195, 10.813721], [-74.299951, 10.952246], [-74.219141, 11.105322], [-74.200195, 11.265723], [-74.14292, 11.32085], [-74.059131, 11.340625], [-73.90957, 11.308887], [-73.795703, 11.275684], [-73.676904, 11.271484], [-73.313379, 11.295752], [-72.721826, 11.712158], [-72.44707, 11.801709], [-72.275, 11.889258], [-72.165234, 12.060205], [-72.135742, 12.188574], [-72.055078, 12.238428], [-71.970117, 12.238281], [-71.93125, 12.269531], [-71.919141, 12.309082], [-71.714551, 12.419971], [-71.597461, 12.434375], [-71.493994, 12.432275], [-71.262109, 12.335303], [-71.155029, 12.16416], [-71.137305, 12.046338], [-71.28418, 11.918311], [-71.349414, 11.814941], [-71.414551, 11.755176], [-71.488379, 11.71875], [-71.868652, 11.627344], [-71.90752, 11.607959], [-71.956934, 11.569922], [-71.957227, 11.482812], [-71.946973, 11.414453], [-71.835107, 11.190332], [-71.791455, 11.135059], [-71.641602, 11.013525], [-71.675684, 10.996729], [-71.730908, 10.994678], [-71.69043, 10.835498], [-71.598437, 10.726221], [-71.594336, 10.657373], [-71.664844, 10.44375], [-71.793506, 10.315967], [-71.884766, 10.167236], [-71.955713, 10.108057], [-72.112842, 9.815576], [-71.993262, 9.641504], [-71.97627, 9.553223], [-71.873047, 9.427637], [-71.805664, 9.386426], [-71.760742, 9.335742], [-71.781348, 9.25], [-71.740137, 9.133887], [-71.686719, 9.07251], [-71.619531, 9.047949], [-71.536621, 9.048291], [-71.297949, 9.125635], [-71.241406, 9.160449], [-71.205371, 9.222461], [-71.08584, 9.348242], [-71.078418, 9.510791], [-71.052686, 9.705811], [-71.081738, 9.833203], [-71.207227, 10.0146], [-71.262207, 10.143604], [-71.386621, 10.26377], [-71.462793, 10.469238], [-71.494238, 10.533203], [-71.517871, 10.621826], [-71.544629, 10.778711], [-71.461133, 10.835645], [-71.469531, 10.96416], [-71.264355, 10.999512], [-70.820508, 11.208447], [-70.545605, 11.261377], [-70.23252, 11.372998], [-70.159961, 11.428076], [-70.097119, 11.519775], [-70.048535, 11.530322], [-69.885352, 11.444336], [-69.804785, 11.474219], [-69.7729, 11.541309], [-69.817334, 11.67207], [-69.910937, 11.672119], [-70.192578, 11.624609], [-70.220117, 11.680859], [-70.22002, 11.730078], [-70.286523, 11.886035], [-70.245117, 12.003516], [-70.202783, 12.098389], [-70.122021, 12.136621], [-70.003955, 12.177881], [-69.914355, 12.1146], [-69.860107, 12.054199], [-69.830615, 11.995605], [-69.810547, 11.836865], [-69.762402, 11.676025], [-69.711914, 11.564209], [-69.631592, 11.479932], [-69.569824, 11.485449], [-69.525732, 11.499512], [-69.232568, 11.518457], [-69.05459, 11.461035], [-68.827979, 11.431738], [-68.616211, 11.309375], [-68.398633, 11.160986], [-68.343164, 11.052832], [-68.324805, 10.949316], [-68.27207, 10.880029], [-68.324707, 10.80874], [-68.296289, 10.689355], [-68.234082, 10.569141], [-68.139941, 10.492725], [-67.871631, 10.47207], [-67.581348, 10.52373], [-67.133301, 10.57041], [-66.989062, 10.610645], [-66.247217, 10.632227], [-66.105859, 10.574609], [-66.092139, 10.51709], [-66.090479, 10.472949], [-65.851758, 10.257764], [-65.655859, 10.228467], [-65.489355, 10.159424], [-65.317383, 10.122363], [-65.129102, 10.070068], [-65.023291, 10.07666], [-64.944043, 10.09502], [-64.850488, 10.098096], [-64.18833, 10.457812], [-63.833691, 10.448535], [-63.779053, 10.471924], [-63.731885, 10.503418], [-63.862695, 10.558154], [-64.15791, 10.579248], [-64.24751, 10.542578], [-64.298193, 10.635156], [-64.201953, 10.632666], [-63.873437, 10.66377], [-63.496777, 10.643262], [-63.189893, 10.70918], [-63.035498, 10.720117], [-62.946729, 10.70708], [-62.702344, 10.749805], [-62.242285, 10.699561], [-61.879492, 10.741016], [-61.921387, 10.681445], [-62.04043, 10.645361], [-62.23291, 10.633984], [-62.37998, 10.546875], [-62.693555, 10.562988], [-62.913574, 10.531494], [-62.842969, 10.507227], [-62.843018, 10.41792], [-62.812939, 10.399902], [-62.78125, 10.399219], [-62.706299, 10.333057], [-62.68584, 10.289795], [-62.661621, 10.198584], [-62.694678, 10.100098], [-62.740576, 10.056152], [-62.651172, 10.070654], [-62.600488, 10.116943], [-62.60791, 10.163428], [-62.600488, 10.217285], [-62.550342, 10.200439], [-62.515137, 10.176123], [-62.400928, 9.918408], [-62.32041, 9.783057], [-62.280664, 9.792969], [-62.256738, 9.818896], [-62.221143, 9.882568], [-62.19043, 9.842187], [-62.171973, 9.826709], [-62.153369, 9.821777], [-62.170312, 9.879492], [-62.147461, 9.953418], [-62.155322, 9.979248], [-62.119629, 9.984863], [-62.0771, 9.975049], [-62.016504, 9.954687], [-61.908594, 9.869922], [-61.837256, 9.78208], [-61.831152, 9.733057], [-61.805371, 9.705518], [-61.75874, 9.676514], [-61.735937, 9.631201], [-61.731738, 9.70249], [-61.75918, 9.754443], [-61.765918, 9.813818], [-61.625391, 9.816455], [-61.588867, 9.894531], [-61.512305, 9.84751], [-61.309375, 9.633057], [-61.234424, 9.597607], [-61.013379, 9.556445], [-60.874072, 9.45332], [-60.79248, 9.360742], [-60.840967, 9.263672], [-60.971045, 9.215186], [-61.023145, 9.15459], [-61.053076, 9.095117], [-61.053564, 9.035254], [-61.092969, 8.965771], [-61.122363, 8.843359], [-61.175879, 8.725391], [-61.247266, 8.600342], [-61.618701, 8.597461], [-61.526904, 8.546143], [-61.442578, 8.508691], [-61.304004, 8.4104], [-61.19375, 8.487598], [-61.035986, 8.493115], [-60.865234, 8.578809], [-60.800977, 8.592139], [-60.481494, 8.547266], [-60.404492, 8.610254], [-60.340234, 8.62876], [-60.16748, 8.616992], [-59.980615, 8.532617], [-59.836523, 8.373828], [-59.756738, 8.339502], [-59.739941, 8.338721], [-59.739307, 8.37998], [-59.666113, 8.362598], [-59.476904, 8.254004], [-59.200244, 8.074609], [-58.811572, 7.735596], [-58.701074, 7.606641], [-58.626611, 7.545898], [-58.511084, 7.398047], [-58.477295, 7.325781], [-58.480566, 7.038135], [-58.58291, 6.843652], [-58.60791, 6.697314], [-58.613477, 6.502539], [-58.672949, 6.390771], [-58.593994, 6.451514], [-58.569482, 6.627246], [-58.502295, 6.733984], [-58.41499, 6.851172], [-58.298437, 6.879297], [-58.172852, 6.829395], [-58.071777, 6.820605], [-57.982568, 6.785889], [-57.792871, 6.598535], [-57.607568, 6.450391], [-57.540137, 6.331543], [-57.343652, 6.272119], [-57.227539, 6.178418], [-57.190234, 6.097314], [-57.167236, 5.88501], [-57.205273, 5.5646], [-57.182129, 5.528906], [-57.14082, 5.643799], [-57.136035, 5.737207], [-57.10459, 5.829395], [-57.056641, 5.938672], [-56.969824, 5.992871], [-56.466016, 5.937744], [-56.235596, 5.885352], [-55.939551, 5.795459], [-55.897607, 5.699316], [-55.895508, 5.795459], [-55.909912, 5.892627], [-55.828174, 5.96167], [-55.64834, 5.985889], [-55.379297, 5.952637], [-55.148291, 5.993457], [-54.833691, 5.98833], [-54.356152, 5.909863], [-54.142334, 5.856348], [-54.054199, 5.80791], [-54.037402, 5.720508], [-54.045947, 5.608887], [-54.080469, 5.502246], [-54.155957, 5.358984], [-54.085303, 5.411816], [-53.9896, 5.676025], [-53.919922, 5.768994], [-53.847168, 5.782227], [-53.454443, 5.563477], [-53.270361, 5.543262], [-52.899316, 5.425049], [-52.76499, 5.273486], [-52.453955, 5.021338], [-52.40989710226024, 5.0], [-77.35796886150473, 5.0], [-77.366748, 5.076562], [-77.35918, 5.215186], [-77.373291, 5.323975], [-77.401758, 5.416162], [-77.534424, 5.537109], [-77.324609, 5.675635], [-77.249268, 5.780176], [-77.344678, 5.995361], [-77.469434, 6.176758], [-77.473047, 6.285645], [-77.440088, 6.271729], [-77.398242, 6.275], [-77.359863, 6.504492], [-77.368799, 6.575586], [-77.438867, 6.690332], [-77.525977, 6.693115], [-77.602148, 6.837305], [-77.64585, 6.869629], [-77.680957, 6.9604], [-77.803711, 7.137256], [-77.929785, 7.256348], [-78.170117, 7.543799], [-78.378223, 7.899902], [-78.421582, 8.060986], [-78.367627, 8.070557], [-78.31543, 8.066943], [-78.287354, 8.091797], [-78.254883, 8.138623], [-78.281201, 8.247559], [-78.180029, 8.330273], [-78.141895, 8.386084], [-78.113867, 8.37959], [-78.047754, 8.284766], [-77.95166, 8.230273], [-77.833643, 8.151172], [-77.760547, 8.133252], [-77.85293, 8.216211], [-78.0125, 8.325391], [-78.057178, 8.397119], [-78.099463, 8.496973], [-78.161816, 8.453711], [-78.190771, 8.417334], [-78.223047, 8.396631], [-78.251123, 8.421436], [-78.256104, 8.453711], [-78.350146, 8.46001], [-78.374316, 8.489258], [-78.399219, 8.505664], [-78.387891, 8.443408], [-78.369385, 8.404932], [-78.379297, 8.358594], [-78.409863, 8.355322], [-78.436035, 8.40332], [-78.469434, 8.44668], [-78.514062, 8.628174], [-78.620898, 8.713721], [-78.669824, 8.742188], [-78.710205, 8.75293], [-78.769678, 8.811084], [-78.848242, 8.842187], [-78.955176, 8.93252], [-79.086377, 8.997168], [-79.24668, 9.020068], [-79.441504, 9.006006], [-79.50708, 8.970068], [-79.572363, 8.903271], [-79.687451, 8.850977], [-79.731055, 8.775342], [-79.758545, 8.711572], [-79.815918, 8.639209], [-79.750439, 8.595508], [-80.125781, 8.349658], [-80.200098, 8.313965], [-80.368701, 8.28877], [-80.407568, 8.262451], [-80.458984, 8.213867], [-80.465869, 8.139941], [-80.458105, 8.077051], [-80.409131, 8.028564], [-80.365576, 7.997998], [-80.260937, 7.85166], [-80.075195, 7.667041], [-80.040039, 7.599805], [-80.01123, 7.500049], [-80.067285, 7.453223], [-80.110596, 7.433447], [-80.287305, 7.425635], [-80.348242, 7.385693], [-80.372949, 7.324658], [-80.438867, 7.274951], [-80.666699, 7.225684], [-80.845557, 7.220068], [-80.901221, 7.277148], [-80.914648, 7.4375], [-81.035107, 7.711133], [-81.063867, 7.899756], [-81.093945, 7.876318], [-81.157812, 7.854395], [-81.179395, 7.80752], [-81.195459, 7.668408], [-81.219043, 7.620947], [-81.268408, 7.625488], [-81.36958, 7.675293], [-81.50415, 7.721191], [-81.675684, 8.015918], [-81.694287, 8.071387], [-81.727637, 8.137549], [-81.860254, 8.16543], [-81.973291, 8.215088], [-82.096729, 8.222754], [-82.159863, 8.194824], [-82.224316, 8.230371], [-82.235449, 8.311035], [-82.364844, 8.274854], [-82.530957, 8.287402], [-82.679541, 8.321973], [-82.781152, 8.303516], [-82.866113, 8.246338], [-82.854346, 8.099512], [-82.879346, 8.070654], [-82.947266, 8.181738], [-83.041455, 8.287744], [-83.12334, 8.353076], [-83.12959, 8.505469], [-83.162402, 8.588184], [-83.285791, 8.664355], [-83.391406, 8.717725], [-83.469727, 8.706836], [-83.421777, 8.619238], [-83.297754, 8.506885], [-83.289551, 8.463818], [-83.291504, 8.406006], [-83.376807, 8.414893], [-83.452051, 8.438477], [-83.54375, 8.44585], [-83.604736, 8.480322], [-83.734082, 8.614453], [-83.642187, 8.728906], [-83.613721, 8.804053], [-83.616162, 8.959814], [-83.637256, 9.035352], [-83.736914, 9.150293], [-83.895557, 9.276416], [-84.117871, 9.379443], [-84.222363, 9.4625], [-84.482666, 9.526172], [-84.581592, 9.568359], [-84.658887, 9.64668], [-84.670459, 9.702881], [-84.643066, 9.789404], [-84.714941, 9.899414], [-85.025049, 10.115723], [-85.198437, 10.195312], [-85.235645, 10.24209], [-85.263184, 10.256641], [-85.236523, 10.107373], [-85.160742, 10.017432], [-84.962793, 9.933447], [-84.90835, 9.88457], [-84.886426, 9.820947], [-85.00127, 9.699268], [-85.059717, 9.668311], [-85.077051, 9.601953], [-85.114502, 9.581787], [-85.154004, 9.620068], [-85.314551, 9.810937], [-85.624854, 9.902441], [-85.681006, 9.958594], [-85.796484, 10.132861], [-85.849658, 10.292041], [-85.830615, 10.398145], [-85.703125, 10.563477], [-85.66333, 10.635449], [-85.671436, 10.679785], [-85.667236, 10.74502], [-85.714844, 10.790576], [-85.832861, 10.849951], [-85.908008, 10.897559], [-85.887402, 10.921289], [-85.752246, 10.985254], [-85.743701, 11.042969], [-85.745215, 11.088574], [-85.828516, 11.19873], [-85.961133, 11.331348], [-86.468896, 11.738281], [-86.655518, 11.981543], [-86.755615, 12.156641], [-86.850977, 12.247754], [-87.125195, 12.434131], [-87.188428, 12.50835], [-87.460156, 12.757568], [-87.667529, 12.903564], [-87.670166, 12.965674], [-87.585059, 13.043311], [-87.543311, 13.039697], [-87.497949, 12.98418], [-87.424365, 12.921143], [-87.389648, 12.920654], [-87.338574, 12.949951], [-87.33252, 13.084717], [-87.412793, 13.127441], [-87.458447, 13.21543], [-87.498389, 13.274902], [-87.485156, 13.310596], [-87.489111, 13.35293], [-87.602246, 13.385596], [-87.70835, 13.360059], [-87.769385, 13.37666], [-87.814209, 13.39917], [-87.838379, 13.385791], [-87.820703, 13.285156], [-87.878076, 13.224414], [-87.930859, 13.180664], [-88.023438, 13.16875], [-88.180664, 13.164014], [-88.417139, 13.213525], [-88.591553, 13.281055], [-88.685645, 13.281494], [-88.655859, 13.25918], [-88.581543, 13.244971], [-88.483887, 13.197168], [-88.512012, 13.183936], [-88.867041, 13.283252], [-89.277637, 13.478076], [-89.523242, 13.509131], [-89.804199, 13.560107], [-89.970459, 13.683154], [-90.479102, 13.900928], [-90.606934, 13.929004], [-91.146045, 13.925586], [-91.377344, 13.990186], [-91.640918, 14.114941], [-91.819092, 14.228223], [-92.264551, 14.567773], [-92.530957, 14.839648], [-92.808936, 15.138574], [-92.918408, 15.236133], [-93.024414, 15.310254], [-93.166895, 15.448047], [-93.541162, 15.750391], [-93.734375, 15.888477], [-93.916064, 16.053564], [-94.078955, 16.145264], [-94.239893, 16.205078], [-94.311279, 16.239355], [-94.37417, 16.284766], [-94.409033, 16.287354], [-94.426416, 16.22627], [-94.370166, 16.19541], [-94.302832, 16.169336], [-94.249512, 16.167529], [-94.193408, 16.145605], [-94.02832, 16.062061], [-94.00127, 16.018945], [-94.470752, 16.186572], [-94.661523, 16.201904], [-94.682275, 16.228223], [-94.587109, 16.31582], [-94.616846, 16.347559], [-94.650781, 16.351807], [-94.752832, 16.291211], [-94.79082, 16.287158], [-94.797461, 16.327051], [-94.79292, 16.3646], [-94.858691, 16.419727], [-94.900439, 16.41748], [-94.934717, 16.379102], [-95.023535, 16.30625], [-95.02085, 16.277637], [-94.846045, 16.246582], [-94.785791, 16.229102], [-94.799414, 16.209668], [-94.949316, 16.21001], [-95.134375, 16.176953], [-95.464404, 15.974707], [-95.771777, 15.887793], [-96.213574, 15.693066], [-96.408643, 15.683105], [-96.51084, 15.651904], [-96.807959, 15.726416], [-97.184668, 15.909277], [-97.754785, 15.966846], [-98.138965, 16.206299], [-98.520312, 16.304834], [-98.762207, 16.534766], [-98.907959, 16.54458], [-99.00166, 16.581445], [-99.348047, 16.664746], [-99.690674, 16.719629], [-100.024512, 16.920508], [-100.243018, 16.98418], [-100.431885, 17.064062], [-100.847803, 17.200488], [-101.001953, 17.276123], [-101.147852, 17.393115], [-101.385498, 17.514209], [-101.487061, 17.615332], [-101.600293, 17.651562], [-101.762402, 17.841992], [-101.84707, 17.922266], [-101.918701, 17.959766], [-101.995508, 17.972705], [-102.216602, 17.957422], [-102.546973, 18.041406], [-102.699561, 18.062842], [-103.018506, 18.186865], [-103.441602, 18.325391], [-103.580273, 18.484375], [-103.698926, 18.632959], [-103.912451, 18.828467], [-104.045654, 18.911816], [-104.277002, 19.010986], [-104.405176, 19.091211], [-104.602979, 19.152881], [-104.938477, 19.309375], [-105.045215, 19.443262], [-105.107666, 19.562207], [-105.286377, 19.706494], [-105.48208, 19.976074], [-105.532422, 20.075391], [-105.57041, 20.227832], [-105.615918, 20.316309], [-105.669434, 20.385596], [-105.642139, 20.435986], [-105.542578, 20.497949], [-105.377051, 20.511865], [-105.260156, 20.579053], [-105.244678, 20.63418], [-105.252295, 20.668506], [-105.327051, 20.752979], [-105.420117, 20.775391], [-105.492383, 20.776611], [-105.51084, 20.80874], [-105.456348, 20.843799], [-105.393994, 20.926123], [-105.301953, 21.026562], [-105.237061, 21.119189], [-105.225, 21.249707], [-105.233252, 21.38042], [-105.208691, 21.49082], [-105.431445, 21.618262], [-105.527441, 21.818457], [-105.649121, 21.988086], [-105.645508, 22.326904], [-105.791797, 22.62749], [-105.943359, 22.777002], [-106.021729, 22.829053], [-106.23457, 23.060937], [-106.402246, 23.195605], [-106.566504, 23.449463], [-106.72876, 23.610693], [-106.935498, 23.88125], [-107.084863, 24.016113], [-107.764941, 24.471924], [-107.726611, 24.471924], [-107.527246, 24.360059], [-107.493701, 24.369385], [-107.488916, 24.423975], [-107.511914, 24.48916], [-107.548877, 24.504785], [-107.602002, 24.490137], [-107.673682, 24.503564], [-107.709521, 24.525049], [-107.816699, 24.539014], [-107.951172, 24.614893], [-108.008789, 24.693555], [-108.015088, 24.783398], [-108.207666, 24.974805], [-108.280762, 25.081543], [-108.243311, 25.073682], [-108.192041, 25.030664], [-108.140088, 25.018408], [-108.079639, 25.018066], [-108.035693, 25.035352], [-108.051465, 25.067041], [-108.092822, 25.093506], [-108.373682, 25.194336], [-108.46626, 25.265137], [-108.696387, 25.38291], [-108.750977, 25.424219], [-108.787256, 25.538037], [-108.843604, 25.543311], [-108.893164, 25.511572], [-109.028809, 25.480469], [-109.063477, 25.516699], [-109.068457, 25.551563], [-108.972754, 25.588477], [-108.884863, 25.696045], [-108.886572, 25.733447], [-108.935156, 25.690283], [-109.00835, 25.641992], [-109.084082, 25.615039], [-109.196484, 25.592529], [-109.253955, 25.608789], [-109.304297, 25.633154], [-109.384961, 25.727148], [-109.425635, 26.032568], [-109.35415, 26.138477], [-109.270654, 26.243115], [-109.199707, 26.305225], [-109.158789, 26.25835], [-109.116699, 26.252734], [-109.146338, 26.305713], [-109.216016, 26.355273], [-109.240625, 26.404687], [-109.243262, 26.449951], [-109.27627, 26.533887], [-109.482861, 26.710352], [-109.676074, 26.696826], [-109.754785, 26.70293], [-109.828369, 26.770117], [-109.890918, 26.883398], [-109.921729, 26.978174], [-109.925635, 27.028662], [-109.943994, 27.079346], [-110.277148, 27.162207], [-110.377295, 27.233301], [-110.477783, 27.322656], [-110.519385, 27.395605], [-110.560645, 27.450146], [-110.592676, 27.544336], [-110.615479, 27.653906], [-110.578271, 27.795654], [-110.529883, 27.864209], [-110.759033, 27.915186], [-110.848633, 27.917578], [-110.920801, 27.888867], [-110.986084, 27.925977], [-111.121387, 27.966992], [-111.282422, 28.115234], [-111.47168, 28.383984], [-111.680078, 28.470557], [-111.747217, 28.563965], [-111.832422, 28.648145], [-111.907031, 28.75249], [-111.918604, 28.7979], [-111.94082, 28.823193], [-112.044873, 28.895898], [-112.161768, 29.018896], [-112.192041, 29.117969], [-112.223486, 29.269482], [-112.301416, 29.3229], [-112.378223, 29.347705], [-112.393213, 29.419727], [-112.388672, 29.460107], [-112.414551, 29.536426], [-112.5729, 29.719531], [-112.653125, 29.870068], [-112.697168, 29.916846], [-112.738379, 29.985449], [-112.759229, 30.125684], [-112.824805, 30.300146], [-112.951758, 30.51001], [-113.057666, 30.651025], [-113.110449, 30.793311], [-113.087012, 30.938086], [-113.10498, 31.027197], [-113.118604, 31.048096], [-113.107959, 31.077295], [-113.072803, 31.060889], [-113.04292, 31.087012], [-113.046729, 31.179248], [-113.083643, 31.207178], [-113.186182, 31.236035], [-113.231445, 31.255957], [-113.480811, 31.293604], [-113.623486, 31.345898], [-113.633008, 31.467627], [-113.699951, 31.52334], [-113.759424, 31.557764], [-113.947754, 31.629346], [-113.97749, 31.592725], [-114.002686, 31.525146], [-114.080908, 31.510352], [-114.149316, 31.507373], [-114.264062, 31.554443], [-114.548682, 31.733545], [-114.608789, 31.762256], [-114.697607, 31.777441], [-114.741309, 31.806494], [-114.933594, 31.900732], [-114.895068, 31.850635], [-114.839502, 31.798535], [-114.789893, 31.647119], [-114.848145, 31.537939], [-114.881885, 31.156396], [-114.844678, 31.080469], [-114.761035, 30.95874], [-114.703369, 30.765186], [-114.685449, 30.621191], [-114.633301, 30.506885], [-114.649756, 30.238135], [-114.629932, 30.156299], [-114.550488, 30.022266], [-114.403418, 29.896484], [-114.372607, 29.830225], [-114.179199, 29.734326], [-114.061914, 29.609521], [-113.828955, 29.439453], [-113.755469, 29.36748], [-113.545312, 29.102246], [-113.538477, 29.023389], [-113.499707, 28.926709], [-113.381836, 28.94668], [-113.328906, 28.873047], [-113.33501, 28.839062], [-113.320703, 28.813135], [-113.258887, 28.818848], [-113.205566, 28.798779], [-113.093652, 28.511768], [-113.033594, 28.472607], [-112.956641, 28.455859], [-112.87085, 28.424219], [-112.865234, 28.350635], [-112.868457, 28.291992], [-112.795703, 28.207129], [-112.808057, 28.092187], [-112.749316, 27.994873], [-112.758203, 27.900635], [-112.734033, 27.825977], [-112.552637, 27.657471], [-112.329199, 27.523438], [-112.282617, 27.347461], [-112.191455, 27.18667], [-112.098145, 27.145947], [-112.003955, 27.079102], [-112.015576, 27.009717], [-112.009082, 26.96709], [-111.883154, 26.840186], [-111.862646, 26.678516], [-111.754004, 26.572705], [-111.723389, 26.564404], [-111.699414, 26.580957], [-111.778516, 26.687256], [-111.816846, 26.75625], [-111.821777, 26.865088], [-111.795264, 26.879687], [-111.569678, 26.707617], [-111.545898, 26.579199], [-111.470166, 26.506641], [-111.464502, 26.408447], [-111.418506, 26.349951], [-111.40459, 26.265039], [-111.332129, 26.125439], [-111.330371, 25.931348], [-111.291602, 25.789795], [-111.149561, 25.572607], [-111.034424, 25.526953], [-111.013623, 25.420312], [-110.893945, 25.144238], [-110.755664, 24.99458], [-110.686768, 24.867676], [-110.677246, 24.788525], [-110.729004, 24.671533], [-110.734521, 24.589844], [-110.659326, 24.341455], [-110.546973, 24.21416], [-110.421484, 24.183398], [-110.399658, 24.165137], [-110.409619, 24.130957], [-110.367432, 24.100488], [-110.319971, 24.139453], [-110.296826, 24.194873], [-110.320898, 24.25918], [-110.325098, 24.305957], [-110.30376, 24.339453], [-110.262891, 24.344531], [-110.022803, 24.174609], [-109.98252, 24.109375], [-109.893164, 24.033008], [-109.811328, 23.939014], [-109.775977, 23.864893], [-109.710547, 23.803809], [-109.676563, 23.661572], [-109.509619, 23.5979], [-109.42085, 23.480127], [-109.41499, 23.405566], [-109.458057, 23.214746], [-109.495703, 23.159814], [-109.630469, 23.078662], [-109.728418, 22.981836], [-109.823047, 22.922168], [-109.923437, 22.885889], [-110.00625, 22.894043], [-110.086035, 23.005469], [-110.180615, 23.341504], [-110.244092, 23.412256], [-110.28877, 23.517676], [-110.362695, 23.604932], [-110.62998, 23.737305], [-110.764893, 23.877002], [-110.895557, 23.970264], [-111.036182, 24.105273], [-111.419336, 24.329004], [-111.578223, 24.443018], [-111.68291, 24.555811], [-111.750391, 24.55415], [-111.80249, 24.542529], [-111.822266, 24.573389], [-111.825195, 24.631787], [-111.848242, 24.670068], [-112.072559, 24.840039], [-112.119043, 24.934033], [-112.128516, 25.043115], [-112.077979, 25.323975], [-112.055762, 25.488232], [-112.069873, 25.572852], [-112.093359, 25.584375], [-112.1146, 25.630371], [-112.119775, 25.765527], [-112.173828, 25.912598], [-112.377246, 26.213916], [-112.526074, 26.273486], [-112.658398, 26.316748], [-113.020752, 26.583252], [-113.119238, 26.716504], [-113.143213, 26.792187], [-113.155811, 26.94624], [-113.205762, 26.856982], [-113.272266, 26.790967], [-113.425879, 26.795801], [-113.598535, 26.721289], [-113.70127, 26.791357], [-113.756641, 26.87085], [-113.840967, 26.966504], [-113.935937, 26.985254], [-113.996484, 26.987695], [-114.110059, 27.105957], [-114.201855, 27.143506], [-114.333398, 27.158008], [-114.445264, 27.218164], [-114.479687, 27.283594], [-114.498291, 27.376221], [-114.539893, 27.431104], [-114.715625, 27.539551], [-114.85874, 27.65918], [-114.993506, 27.736035], [-115.033203, 27.798877], [-115.036475, 27.841846], [-114.823535, 27.829932], [-114.57002, 27.783936], [-114.448486, 27.796875], [-114.372705, 27.841211], [-114.300586, 27.872998], [-114.289062, 27.838574], [-114.302246, 27.775732], [-114.232666, 27.718115], [-114.137207, 27.671436], [-114.069336, 27.675684], [-114.135059, 27.726611], [-114.175391, 27.830566], [-114.157324, 27.867969], [-114.158398, 27.919678], [-114.252637, 27.908008], [-114.265869, 27.934473], [-114.185254, 28.013281], [-114.092725, 28.221338], [-114.048486, 28.426172], [-114.145508, 28.60542], [-114.309229, 28.729932], [-114.664014, 29.09458], [-114.875928, 29.281885], [-114.937305, 29.351611], [-114.993506, 29.384424], [-115.166357, 29.427246], [-115.311182, 29.531934], [-115.565283, 29.680029], [-115.673828, 29.756396], [-115.748682, 29.935742], [-115.808301, 29.960205], [-115.789551, 30.08418], [-115.815625, 30.303613], [-115.858203, 30.359814], [-115.995801, 30.414453], [-116.028564, 30.563574], [-116.035352, 30.705469], [-116.062158, 30.80415], [-116.296289, 30.970508], [-116.309619, 31.050977], [-116.309668, 31.127344], [-116.333447, 31.202783], [-116.458496, 31.360986], [-116.60957, 31.499072], [-116.662158, 31.564893], [-116.668457, 31.698633], [-116.72207, 31.73457], [-116.701709, 31.743652], [-116.6521, 31.740332], [-116.623877, 31.758008], [-116.620801, 31.851074], [-116.847998, 31.997363], [-116.913672, 32.198535], [-117.034766, 32.305029], [-117.063135, 32.343604], [-117.130469, 32.539746], [-117.137402, 32.64917], [-117.18374, 32.687891], [-117.243457, 32.664014], [-117.270703, 32.80625], [-117.255762, 32.873389], [-117.262988, 32.938867], [-117.318848, 33.100049], [-117.467432, 33.295508], [-117.788525, 33.538477], [-117.9521, 33.619629], [-118.080518, 33.722168], [-118.161914, 33.750684], [-118.264404, 33.758594], [-118.294189, 33.712305], [-118.410449, 33.743945], [-118.392969, 33.858301], [-118.506201, 34.017383], [-118.598828, 34.03501], [-118.832031, 34.024463], [-119.14375, 34.112012], [-119.23584, 34.164111], [-119.267676, 34.257422], [-119.413672, 34.338574], [-119.606055, 34.418018], [-119.713184, 34.399658], [-119.85332, 34.411963], [-120.052979, 34.469287], [-120.169531, 34.476465], [-120.396484, 34.45957], [-120.481201, 34.471631], [-120.559814, 34.543896], [-120.644678, 34.57998], [-120.626709, 34.668945], [-120.637598, 34.749365], [-120.624902, 34.811963], [-120.663037, 34.949268], [-120.633594, 35.076465], [-120.659082, 35.122412], [-120.707031, 35.157666], [-120.857373, 35.209668], [-120.884863, 35.274951], [-120.860303, 35.36543], [-120.899609, 35.425098], [-121.022852, 35.480762], [-121.137939, 35.607129], [-121.283838, 35.676318], [-121.343848, 35.792236], [-121.43374, 35.863867], [-121.46499, 35.927393], [-121.664355, 36.154053], [-121.877393, 36.331055], [-121.910156, 36.43291], [-121.918652, 36.572363], [-121.835156, 36.657471], [-121.78999, 36.732275], [-121.794531, 36.800977], [-121.807422, 36.851221], [-121.880664, 36.938916], [-122.164209, 36.990967], [-122.394922, 37.20752], [-122.408447, 37.373145], [-122.499219, 37.542627], [-122.500439, 37.652783], [-122.514209, 37.771973], [-122.445605, 37.797998], [-122.384082, 37.788525], [-122.390283, 37.741064], [-122.369727, 37.655859], [-122.297607, 37.591846], [-122.228662, 37.563916], [-122.166016, 37.50166], [-122.119043, 37.482812], [-122.070508, 37.478271], [-122.096533, 37.518213], [-122.124121, 37.543799], [-122.158057, 37.626465], [-122.222217, 37.732031], [-122.295996, 37.790332], [-122.333447, 37.896582], [-122.365479, 37.921191], [-122.385449, 37.960596], [-122.314258, 38.007324], [-122.217041, 38.040625], [-122.086719, 38.049609], [-121.716846, 38.034082], [-121.638086, 38.061279], [-121.572998, 38.052393], [-121.525342, 38.055908], [-121.625732, 38.083936], [-121.682227, 38.074805], [-121.748633, 38.080469], [-121.880762, 38.075], [-121.93418, 38.086816], [-121.993115, 38.120117], [-122.031494, 38.123535], [-122.15376, 38.065527], [-122.208301, 38.072559], [-122.337109, 38.135889], [-122.393359, 38.144824], [-122.483887, 38.108838], [-122.494922, 37.953564], [-122.466895, 37.838184], [-122.521338, 37.826416], [-122.58418, 37.874072], [-122.680713, 37.902344], [-122.7604, 37.945654], [-122.872949, 38.026074], [-122.931982, 38.055469], [-122.998779, 37.988623], [-123.001465, 38.019287], [-122.968164, 38.097021], [-122.977588, 38.227344], [-122.876807, 38.12334], [-122.908154, 38.196582], [-122.986523, 38.2771], [-123.046191, 38.305078], [-123.121143, 38.449268], [-123.289746, 38.53584], [-123.424805, 38.675635], [-123.701123, 38.907275], [-123.719531, 39.110986], [-123.820312, 39.368408], [-123.777783, 39.514941], [-123.783496, 39.618701], [-123.83291, 39.775488], [-123.884473, 39.860791], [-124.108496, 40.094531], [-124.324023, 40.251953], [-124.356543, 40.371094], [-124.37168, 40.491211], [-124.324512, 40.598096], [-124.283691, 40.710547], [-124.253906, 40.740283], [-124.242334, 40.727881], [-124.250586, 40.703906], [-124.22002, 40.696484], [-124.208447, 40.746094], [-124.190234, 40.771729], [-124.22251, 40.775049], [-124.219189, 40.790723], [-124.199902, 40.82207], [-124.133105, 40.969775], [-124.140039, 41.155908], [-124.068506, 41.38418], [-124.071924, 41.459521], [-124.117676, 41.621729], [-124.163232, 41.718994], [-124.244629, 41.787939], [-124.20874, 41.888574], [-124.21167, 41.984619], [-124.355273, 42.1229], [-124.41001, 42.304346], [-124.420508, 42.381006], [-124.406152, 42.583691], [-124.443799, 42.670215], [-124.539648, 42.812891], [-124.498584, 42.936865], [-124.454443, 43.012354], [-124.346582, 43.34165], [-124.320605, 43.368213], [-124.275488, 43.367383], [-124.196924, 43.42334], [-124.233154, 43.436377], [-124.287988, 43.409717], [-124.239209, 43.540039], [-124.184375, 43.651562], [-124.14873, 43.691748], [-124.130664, 44.055664], [-124.09917, 44.333789], [-124.047461, 44.425488], [-124.06543, 44.520068], [-124.044531, 44.648242], [-124.05918, 44.777734], [-123.948584, 45.40083], [-123.963086, 45.476074], [-123.929346, 45.576953], [-123.96123, 45.842969], [-123.947119, 46.140576], [-123.975244, 46.17832], [-123.989307, 46.219385], [-123.962939, 46.225439], [-123.91167, 46.182178], [-123.673633, 46.182617], [-123.521631, 46.222656], [-123.466357, 46.209424], [-123.402295, 46.15498], [-123.321582, 46.143994], [-123.220605, 46.153613], [-123.251318, 46.167285], [-123.298682, 46.17085], [-123.404736, 46.220996], [-123.464844, 46.271094], [-123.650342, 46.267725], [-123.688379, 46.299854], [-123.895703, 46.267773], [-123.959766, 46.300732], [-124.072754, 46.279443], [-124.045117, 46.3729], [-124.050195, 46.490527], [-124.044336, 46.605078], [-124.016406, 46.521387], [-123.946143, 46.432568], [-123.912402, 46.53335], [-123.88916, 46.66001], [-123.957715, 46.708691], [-124.07168, 46.744775], [-124.112549, 46.862695], [-123.842871, 46.963184], [-123.986035, 46.984473], [-124.042236, 47.029687], [-124.111719, 47.035205], [-124.116797, 47.000342], [-124.139258, 46.954687], [-124.163574, 47.015332], [-124.170508, 47.08667], [-124.198828, 47.208545], [-124.309277, 47.40459], [-124.376025, 47.658643], [-124.460059, 47.784229], [-124.621094, 47.90415], [-124.663086, 47.974121], [-124.70166, 48.15166], [-124.67998, 48.285889], [-124.709961, 48.380371], [-124.632617, 48.375049], [-124.429053, 48.300781], [-124.175488, 48.242432], [-124.098779, 48.2], [-123.975781, 48.168457], [-123.294434, 48.119531], [-123.249902, 48.124219], [-123.161865, 48.154541], [-123.124414, 48.150928], [-123.024219, 48.081592], [-122.973877, 48.073291], [-122.908887, 48.076904], [-122.860889, 48.090039], [-122.778613, 48.137598], [-122.767529, 48.12002], [-122.769092, 48.075977], [-122.739746, 48.013232], [-122.679492, 47.931787], [-122.656641, 47.881152], [-122.778418, 47.738428], [-122.801758, 47.735352], [-122.805371, 47.783643], [-122.821387, 47.793164], [-123.050635, 47.551953], [-123.131055, 47.437744], [-123.139062, 47.386084], [-123.136328, 47.355811], [-123.104199, 47.348389], [-123.030908, 47.360205], [-122.922168, 47.407666], [-122.916895, 47.417969], [-123.018213, 47.401074], [-123.066797, 47.399658], [-123.060156, 47.453662], [-123.048633, 47.479346], [-122.982471, 47.559375], [-122.912891, 47.607373], [-122.814063, 47.658545], [-122.757129, 47.700537], [-122.717871, 47.762109], [-122.608154, 47.835498], [-122.587891, 47.855957], [-122.592676, 47.916406], [-122.585742, 47.927881], [-122.532813, 47.919727], [-122.510791, 47.815723], [-122.523926, 47.769336], [-122.618408, 47.712793], [-122.630176, 47.692822], [-122.613623, 47.615625], [-122.628271, 47.608154], [-122.664307, 47.617236], [-122.675488, 47.612354], [-122.58584, 47.528418], [-122.557422, 47.463184], [-122.553564, 47.404932], [-122.577881, 47.293164], [-122.603906, 47.274609], [-122.648633, 47.281445], [-122.707715, 47.316406], [-122.720898, 47.305127], [-122.767773, 47.218359], [-122.783301, 47.225977], [-122.812549, 47.328955], [-122.828467, 47.336572], [-122.919531, 47.289648], [-122.956201, 47.24458], [-122.987646, 47.172559], [-123.027588, 47.138916], [-122.91416, 47.131494], [-122.811963, 47.145996], [-122.729883, 47.111816], [-122.701953, 47.110889], [-122.627051, 47.144238], [-122.60415, 47.166992], [-122.542187, 47.275586], [-122.511084, 47.29502], [-122.464844, 47.295801], [-122.420117, 47.312109], [-122.353809, 47.371582], [-122.351123, 47.395215], [-122.375244, 47.528369], [-122.368359, 47.603906], [-122.380762, 47.627832], [-122.410498, 47.652637], [-122.406787, 47.676758], [-122.383643, 47.716455], [-122.381982, 47.752344], [-122.401807, 47.784277], [-122.392871, 47.820557], [-122.330322, 47.898633], [-122.318457, 47.933057], [-122.241992, 48.010742], [-122.261279, 48.042041], [-122.31748, 48.080176], [-122.352979, 48.113818], [-122.388672, 48.166357], [-122.41582, 48.183936], [-122.424707, 48.175928], [-122.386621, 48.089941], [-122.394775, 48.084131], [-122.494043, 48.130469], [-122.516992, 48.159668], [-122.52915, 48.199316], [-122.520312, 48.229102], [-122.467041, 48.258496], [-122.403369, 48.269189], [-122.408545, 48.293896], [-122.488428, 48.374316], [-122.54165, 48.410937], [-122.582568, 48.428662], [-122.637793, 48.433301], [-122.6625, 48.446387], [-122.668994, 48.465234], [-122.657275, 48.48999], [-122.627979, 48.4979], [-122.542676, 48.487988], [-122.496777, 48.505566], [-122.501074, 48.5375], [-122.514795, 48.555176], [-122.512744, 48.669434], [-122.545117, 48.762305], [-122.562012, 48.777979], [-122.580176, 48.77959], [-122.599414, 48.76709], [-122.653027, 48.763867], [-122.685937, 48.794287], [-122.722461, 48.853027], [-122.78877, 48.993018], [-122.826709, 49.028418], [-122.92417, 49.074658], [-122.962695, 49.074609], [-123.002295, 49.060889], [-123.027246, 49.038525], [-123.049219, 48.993018], [-123.063281, 48.977734], [-123.077295, 48.980225], [-123.117627, 49.056348], [-123.109326, 49.084619], [-123.077295, 49.118359], [-123.079541, 49.130615], [-123.150146, 49.121045], [-123.181885, 49.129492], [-123.196338, 49.147705], [-123.191064, 49.219531], [-123.229443, 49.260498], [-123.183936, 49.277734], [-123.067285, 49.291553], [-122.947656, 49.293262], [-122.912988, 49.323193], [-122.879102, 49.398926], [-122.964453, 49.329346], [-123.015527, 49.322168], [-123.174268, 49.348193], [-123.276758, 49.343945], [-123.290527, 49.359473], [-123.286279, 49.374951], [-123.264062, 49.390479], [-123.247705, 49.443018], [-123.222998, 49.590479], [-123.190674, 49.644287], [-123.17959, 49.673535], [-123.1875, 49.680322], [-123.325, 49.577686], [-123.33667, 49.545117], [-123.322412, 49.516992], [-123.335645, 49.45918], [-123.398975, 49.441895], [-123.436963, 49.451318], [-123.508203, 49.402441], [-123.530566, 49.397314], [-123.891846, 49.494727], [-123.948389, 49.534717], [-124.028613, 49.602881], [-124.053809, 49.661719], [-124.024023, 49.711328], [-123.992627, 49.736182], [-123.959521, 49.736182], [-123.922754, 49.717529], [-123.847119, 49.63667], [-123.817187, 49.586572], [-123.739062, 49.593555], [-123.612744, 49.657568], [-123.582471, 49.68125], [-123.708301, 49.656934], [-123.762695, 49.658496], [-123.818018, 49.685156], [-123.874414, 49.736816], [-123.903809, 49.795459], [-123.904248, 49.981152], [-123.884961, 50.017041], [-123.823828, 50.043701], [-123.784668, 50.087988], [-123.787695, 50.106738], [-123.825439, 50.144238], [-123.880127, 50.173633], [-123.933594, 50.188281], [-123.945898, 50.183936], [-123.863037, 50.102588], [-123.865723, 50.07207], [-123.957422, 49.992773], [-123.971387, 49.969531], [-123.972119, 49.892041], [-123.984912, 49.875586], [-124.058789, 49.853662], [-124.141602, 49.792676], [-124.28125, 49.772119], [-124.412598, 49.778125], [-124.483252, 49.808203], [-124.702295, 49.957666], [-124.782373, 50.020117], [-124.784277, 50.072803], [-124.93418, 50.258057], [-124.93335, 50.2979], [-124.985596, 50.355615], [-125.043604, 50.36377], [-125.056689, 50.418652], [-124.936816, 50.537402], [-124.862646, 50.637305], [-124.854248, 50.668652], [-124.85752, 50.717334], [-124.875439, 50.825635], [-124.859863, 50.872412], [-124.933594, 50.810596], [-124.949268, 50.764697], [-124.931055, 50.718408], [-124.942529, 50.665674], [-124.9854, 50.591943], [-125.058789, 50.513867], [-125.209863, 50.476318], [-125.476318, 50.497168], [-125.507178, 50.507275], [-125.525977, 50.534131], [-125.539355, 50.649023], [-125.555566, 50.634863], [-125.58584, 50.573633], [-125.610156, 50.486035], [-125.641309, 50.466211], [-125.697559, 50.464551], [-125.741211, 50.478564], [-125.772412, 50.508203], [-125.8396, 50.510645], [-125.965039, 50.487354], [-126.024121, 50.496729], [-126.094336, 50.497607], [-126.236572, 50.523291], [-126.404492, 50.529883], [-126.449951, 50.549707], [-126.447461, 50.587744], [-126.416113, 50.606982], [-126.238916, 50.623828], [-126.067236, 50.664307], [-125.897607, 50.684375], [-125.904102, 50.704932], [-125.980713, 50.711377], [-126.370312, 50.666748], [-126.492969, 50.672119], [-126.514355, 50.679395], [-126.517334, 50.724463], [-126.472217, 50.767285], [-126.397119, 50.80708], [-126.374609, 50.837354], [-126.418213, 50.850195], [-126.488184, 50.841846], [-126.521777, 50.866064], [-126.484619, 50.960498], [-126.517334, 51.056836], [-126.562891, 50.965479], [-126.631787, 50.915137], [-126.9604, 50.893701], [-127.014062, 50.866797], [-127.057568, 50.867529], [-127.26748, 50.916064], [-127.356934, 50.945557], [-127.441211, 50.989404], [-127.590869, 51.087549], [-127.708105, 51.151172], [-127.714307, 51.268652], [-127.68916, 51.343457], [-127.632715, 51.427295], [-127.419678, 51.608057], [-127.346582, 51.642383], [-127.280664, 51.654102], [-126.968115, 51.669922], [-126.7354, 51.692627], [-126.691455, 51.703418], [-127.034082, 51.716699], [-127.338721, 51.707373], [-127.442725, 51.678955], [-127.575732, 51.562939], [-127.60957, 51.514062], [-127.644873, 51.478467], [-127.668701, 51.477588], [-127.714062, 51.490186], [-127.728711, 51.505518], [-127.74751, 51.543555], [-127.818945, 51.603906], [-127.850537, 51.673193], [-127.869141, 51.775244], [-127.863232, 51.820801], [-127.82998, 51.879004], [-127.727637, 51.993213], [-127.858789, 51.990283], [-127.843311, 52.086475], [-127.795361, 52.191016], [-127.67334, 52.25293], [-127.549707, 52.297607], [-127.437939, 52.356152], [-127.242236, 52.395117], [-127.175732, 52.314844], [-127.007959, 52.290674], [-126.959473, 52.254541], [-126.9, 52.18833], [-126.826318, 52.125146], [-126.738574, 52.064941], [-126.713965, 52.060693], [-126.752637, 52.112354], [-126.895215, 52.225488], [-126.901416, 52.265332], [-126.938184, 52.308594], [-127.127051, 52.370947], [-127.160596, 52.394873], [-127.193994, 52.457666], [-127.208252, 52.498242], [-127.187109, 52.537695], [-126.995215, 52.65791], [-126.951318, 52.72124], [-126.951367, 52.751025], [-126.966406, 52.784668], [-127.008252, 52.842578], [-127.019336, 52.84248], [-127.006396, 52.75459], [-127.013232, 52.719971], [-127.034863, 52.681738], [-127.066211, 52.652686], [-127.10708, 52.632812], [-127.519238, 52.359277], [-127.560303, 52.343213], [-127.713379, 52.318506], [-127.791895, 52.289355], [-127.834326, 52.250977], [-127.902197, 52.150879], [-127.99541, 51.950537], [-128.102246, 51.788428], [-128.193555, 51.998291], [-128.357617, 52.158887], [-128.0375, 52.318164], [-128.02915, 52.34248], [-128.060303, 52.427539], [-128.051562, 52.45332], [-128.021289, 52.490674], [-127.940234, 52.545166], [-127.943359, 52.550732], [-128.038232, 52.531152], [-128.183984, 52.40791], [-128.240967, 52.368262], [-128.271533, 52.362988], [-128.275146, 52.435498], [-128.196777, 52.623291], [-128.132373, 52.805811], [-128.108789, 52.858057], [-128.053271, 52.910693], [-128.105957, 52.906885], [-128.365039, 52.825781], [-128.451953, 52.876611], [-128.524707, 53.140674], [-128.652344, 53.243848], [-128.868555, 53.328125], [-129.080908, 53.367285], [-129.129541, 53.442285], [-129.171582, 53.533594], [-129.114453, 53.641113], [-129.021436, 53.692139], [-128.935596, 53.715186], [-128.85459, 53.704541], [-128.850439, 53.665186], [-128.905615, 53.559326], [-128.833057, 53.549414], [-128.542139, 53.420654], [-128.478613, 53.410303], [-128.358057, 53.459814], [-128.291064, 53.457861], [-128.132715, 53.417773], [-128.079199, 53.369434], [-127.927832, 53.274707], [-127.950049, 53.329834], [-128.115137, 53.445947], [-128.207227, 53.483203], [-128.369141, 53.490381], [-128.469629, 53.470898], [-128.511768, 53.476562], [-128.600342, 53.506104], [-128.675537, 53.55459], [-128.750781, 53.66084], [-128.767871, 53.710205], [-128.763672, 53.746875], [-128.745947, 53.780176], [-128.714746, 53.81001], [-128.652881, 53.831641], [-128.560449, 53.845068], [-128.532129, 53.858105], [-128.650879, 53.918848], [-128.704785, 53.918604], [-128.890186, 53.829785], [-128.927832, 53.822803], [-128.943994, 53.840039], [-128.959375, 53.841455], [-129.013965, 53.797461], [-129.056396, 53.777783], [-129.208105, 53.641602], [-129.231738, 53.576416], [-129.240332, 53.479053], [-129.257861, 53.417969], [-129.284277, 53.393164], [-129.462402, 53.346582], [-129.563721, 53.251465], [-129.686719, 53.333545], [-129.821777, 53.412744], [-129.911865, 53.551367], [-130.074365, 53.575635], [-130.263281, 53.65415], [-130.335254, 53.723926], [-130.232861, 53.867432], [-130.085938, 53.975781], [-130.063525, 54.105664], [-130.043311, 54.133545], [-129.790771, 54.165771], [-129.626025, 54.230273], [-129.794971, 54.236133], [-129.898438, 54.226367], [-130.084229, 54.181396], [-130.290332, 54.270361], [-130.396777, 54.35166], [-130.430273, 54.420996], [-130.393457, 54.479639], [-130.388623, 54.539355], [-130.37002, 54.62002], [-130.350488, 54.655322], [-130.307227, 54.700293], [-130.218945, 54.730273], [-130.140869, 54.822754], [-130.108643, 54.887256], [-129.948535, 55.081055], [-129.890137, 55.164648], [-129.780762, 55.280469], [-129.560645, 55.462549], [-129.630127, 55.452246], [-129.66665, 55.43667], [-129.701318, 55.438574], [-129.73418, 55.458008], [-129.765479, 55.498242], [-129.795166, 55.55957], [-129.811914, 55.532617], [-129.815625, 55.417578], [-129.837744, 55.319092], [-129.877148, 55.250635], [-129.985205, 55.111475], [-130.048486, 55.057275], [-130.091797, 55.107764], [-130.058398, 55.194775], [-129.99585, 55.264063], [-129.985156, 55.358838], [-130.044043, 55.471924], [-130.07998, 55.562891], [-130.092969, 55.631836], [-130.094678, 55.694775], [-130.085107, 55.751709], [-130.060352, 55.813721], [-130.020312, 55.880762], [-130.025098, 55.888232], [-130.074658, 55.836035], [-130.111963, 55.779785], [-130.137061, 55.719385], [-130.146533, 55.654492], [-130.14043, 55.58501], [-130.12041, 55.524414], [-130.059473, 55.412305], [-130.039258, 55.343604], [-130.036572, 55.2979], [-130.171826, 55.137012], [-130.218506, 55.060254], [-130.203906, 54.947021], [-130.349414, 54.814551], [-130.535498, 54.74873], [-130.61582, 54.790918], [-130.849609, 54.807617], [-130.934619, 54.950391], [-130.979688, 55.061182], [-131.047852, 55.157666], [-131.045898, 55.17959], [-130.983936, 55.243945], [-130.750391, 55.296973], [-130.748193, 55.318018], [-130.835059, 55.33208], [-130.855957, 55.355127], [-130.879785, 55.459521], [-130.873389, 55.551123], [-130.879639, 55.611816], [-130.918555, 55.735986], [-130.977002, 55.811963], [-131.127686, 55.960156], [-131.140381, 55.99751], [-131.074023, 56.044385], [-131.032764, 56.088086], [-131.287598, 56.012109], [-131.635254, 55.932227], [-131.78418, 55.876562], [-131.815479, 55.854199], [-131.826172, 55.835352], [-131.799072, 55.782812], [-131.803271, 55.765967], [-131.833594, 55.734912], [-131.869434, 55.647168], [-131.94502, 55.55415], [-131.983398, 55.53501], [-132.118994, 55.569775], [-132.15542, 55.599561], [-132.223437, 55.721045], [-132.20752, 55.753418], [-132.157959, 55.780664], [-132.090674, 55.839551], [-132.005713, 55.930078], [-131.843848, 56.160107], [-131.738037, 56.16123], [-131.551367, 56.206787], [-131.844238, 56.229639], [-131.887891, 56.24165], [-131.927295, 56.272998], [-131.962305, 56.323682], [-132.021924, 56.380078], [-132.133252, 56.399854], [-132.182031, 56.420654], [-132.255566, 56.489111], [-132.30498, 56.519873], [-132.332031, 56.55791], [-132.33667, 56.603125], [-132.357666, 56.625879], [-132.434424, 56.634131], [-132.475928, 56.649658], [-132.487109, 56.766406], [-132.639502, 56.796436], [-132.701953, 56.822266], [-132.802197, 56.895166], [-132.829883, 56.930615], [-132.838818, 56.960205], [-132.814258, 57.040723], [-132.824609, 57.055811], [-132.913428, 57.047461], [-133.465869, 57.172168], [-133.43667, 57.336865], [-133.538965, 57.55415], [-133.64873, 57.642285], [-133.626953, 57.676514], [-133.603369, 57.694678], [-133.554199, 57.695068], [-133.342334, 57.631104], [-133.142822, 57.555127], [-133.117041, 57.566211], [-133.435742, 57.727051], [-133.515479, 57.775146], [-133.535205, 57.832959], [-133.536426, 57.863867], [-133.511133, 57.880127], [-133.212061, 57.865674], [-133.194336, 57.877686], [-133.497412, 57.924658], [-133.559375, 57.924463], [-133.625732, 57.856982], [-133.657275, 57.841016], [-133.722314, 57.844238], [-133.744141, 57.85459], [-133.821387, 57.936377], [-133.894482, 57.993262], [-134.031104, 58.072168], [-134.056738, 58.128369], [-134.06333, 58.211084], [-134.045264, 58.289258], [-133.933643, 58.467871], [-133.888525, 58.49873], [-133.876758, 58.518164], [-133.911133, 58.515234], [-133.943848, 58.498291], [-134.036133, 58.415332], [-134.131201, 58.279346], [-134.208838, 58.232959], [-134.257617, 58.244189], [-134.331445, 58.299609], [-134.485449, 58.367188], [-134.663623, 58.384717], [-134.776123, 58.453857], [-134.942529, 58.646289], [-134.964795, 58.742188], [-134.986133, 58.765625], [-135.076465, 58.796777], [-135.131836, 58.842871], [-135.217383, 59.076611], [-135.330322, 59.239063], [-135.358447, 59.324902], [-135.348926, 59.410059], [-135.363672, 59.419434], [-135.402539, 59.353076], [-135.412744, 59.318457], [-135.484082, 59.308691], [-135.416943, 59.241504], [-135.400146, 59.20791], [-135.43374, 59.210693], [-135.502344, 59.202295], [-135.386133, 59.087549], [-135.334082, 58.909619], [-135.257031, 58.777734], [-135.20708, 58.670898], [-135.18457, 58.589746], [-135.151904, 58.512207], [-135.062012, 58.340869], [-135.049707, 58.306787], [-135.060498, 58.278906], [-135.090234, 58.24585], [-135.141553, 58.233398], [-135.302539, 58.255908], [-135.363135, 58.298291], [-135.449951, 58.376123], [-135.571777, 58.412061], [-135.873437, 58.394238], [-135.897559, 58.400195], [-135.896338, 58.463818], [-135.861719, 58.577051], [-135.889551, 58.622705], [-136.045508, 58.789111], [-136.043115, 58.821631], [-135.826367, 58.897949], [-135.931689, 58.90376], [-136.016602, 58.873975], [-136.049365, 58.893213], [-136.100635, 58.999854], [-136.133691, 59.039551], [-136.150049, 59.048096], [-136.159473, 58.946777], [-136.123535, 58.893457], [-136.118408, 58.862598], [-136.12417, 58.819629], [-136.146826, 58.788818], [-136.186328, 58.770166], [-136.22583, 58.765479], [-136.299023, 58.786914], [-136.380273, 58.827295], [-136.451172, 58.846338], [-136.477588, 58.8625], [-136.511182, 58.90708], [-136.566211, 58.940918], [-136.830957, 58.983838], [-136.989014, 59.034473], [-137.002148, 59.021143], [-136.952832, 58.966943], [-136.948047, 58.934912], [-136.987891, 58.925146], [-137.059033, 58.87373], [-137.038379, 58.86665], [-136.963037, 58.883545], [-136.879102, 58.881543], [-136.740137, 58.850195], [-136.613916, 58.809277], [-136.568213, 58.786328], [-136.549316, 58.752393], [-136.533496, 58.740234], [-136.410107, 58.700635], [-136.404199, 58.679785], [-136.48374, 58.617676], [-136.319873, 58.624463], [-136.224609, 58.602246], [-136.102881, 58.506299], [-136.061475, 58.452734], [-136.055957, 58.38418], [-136.08125, 58.364209], [-136.129639, 58.350391], [-136.462402, 58.327979], [-136.582617, 58.245215], [-136.607422, 58.243994], [-136.698926, 58.266455], [-136.86499, 58.332422], [-137.071924, 58.395215], [-137.543994, 58.581201], [-137.556934, 58.589941], [-137.5646, 58.625879], [-137.59707, 58.644238], [-137.661084, 58.659912], [-137.75, 58.70708], [-137.863721, 58.785547], [-137.933984, 58.846875], [-137.960889, 58.891016], [-138.026904, 58.941455], [-138.240723, 59.046826], [-138.35249, 59.087305], [-138.451318, 59.110107], [-138.537158, 59.115088], [-138.560303, 59.12915], [-138.520703, 59.152246], [-138.514893, 59.165918], [-138.704199, 59.187549], [-138.884326, 59.236914], [-139.340967, 59.375635], [-139.576807, 59.462451], [-139.714453, 59.503955], [-139.773291, 59.527295], [-139.799121, 59.54624], [-139.766064, 59.566064], [-139.674121, 59.586816], [-139.611621, 59.610303], [-139.513037, 59.698096], [-139.505566, 59.726318], [-139.558496, 59.790186], [-139.582178, 59.848291], [-139.581152, 59.880518], [-139.569141, 59.912354], [-139.554102, 59.933301], [-139.512305, 59.953564], [-139.483008, 59.96377], [-139.446875, 59.956836], [-139.330957, 59.877002], [-139.314648, 59.847949], [-139.32002, 59.738721], [-139.286719, 59.610937], [-139.27627, 59.620361], [-139.265625, 59.662598], [-139.25874, 59.743311], [-139.245703, 59.78208], [-139.220801, 59.819873], [-139.178857, 59.839844], [-139.048291, 59.828223], [-138.988086, 59.83501], [-139.24248, 59.892773], [-139.40249, 60.000977], [-139.431445, 60.012256], [-139.518945, 60.01709], [-139.61167, 59.973438], [-139.850195, 59.830713], [-139.916895, 59.805664], [-140.216748, 59.72666], [-140.419824, 59.710742], [-140.648389, 59.723193], [-140.843164, 59.748877], [-141.331934, 59.873779], [-141.408301, 59.902783], [-141.294629, 59.980029], [-141.289941, 60.00415], [-141.329541, 60.082813], [-141.362158, 60.105273], [-141.40874, 60.117676], [-141.42168, 60.108838], [-141.422168, 60.085498], [-141.409717, 60.042285], [-141.44707, 60.019434], [-141.530176, 59.994775], [-141.670166, 59.969873], [-142.104102, 60.033447], [-142.548584, 60.086035], [-142.945654, 60.096973], [-143.506104, 60.055029], [-143.805078, 60.012891], [-143.979492, 60.008789], [-144.147217, 60.016406], [-144.160937, 60.045801], [-144.084277, 60.063037], [-144.088525, 60.084326], [-144.185498, 60.150732], [-144.332617, 60.191016], [-144.52998, 60.205225], [-144.642969, 60.224658], [-144.671582, 60.249219], [-144.741406, 60.272705], [-144.852441, 60.295068], [-144.901318, 60.335156], [-144.862451, 60.45918], [-144.824414, 60.533594], [-144.786572, 60.584619], [-144.691113, 60.669092], [-144.724414, 60.662842], [-144.863086, 60.600879], [-144.984033, 60.536914], [-145.095996, 60.453662], [-145.162695, 60.415381], [-145.248291, 60.380127], [-145.381787, 60.388574], [-145.563135, 60.440723], [-145.718457, 60.467578], [-145.847754, 60.469238], [-145.898877, 60.478174], [-145.810645, 60.524658], [-145.759814, 60.562012], [-145.690234, 60.621973], [-145.674902, 60.651123], [-146.149023, 60.660693], [-146.166406, 60.692285], [-146.16709, 60.715527], [-146.182324, 60.734766], [-146.251025, 60.749072], [-146.347168, 60.738135], [-146.502979, 60.700781], [-146.570459, 60.72915], [-146.546387, 60.745117], [-146.495508, 60.756787], [-146.391992, 60.81084], [-146.531934, 60.838867], [-146.603564, 60.870947], [-146.638428, 60.897314], [-146.636035, 60.992529], [-146.599121, 61.053516], [-146.284912, 61.112646], [-146.384375, 61.13584], [-146.582715, 61.127832], [-146.715918, 61.077539], [-146.874023, 61.004883], [-146.980176, 60.977783], [-147.034326, 60.996191], [-147.105957, 61.002539], [-147.19502, 60.996826], [-147.254883, 60.978271], [-147.285596, 60.946777], [-147.321094, 60.925488], [-147.361377, 60.914502], [-147.390576, 60.918018], [-147.433398, 60.950293], [-147.523291, 60.970312], [-147.567285, 60.994922], [-147.592578, 60.979443], [-147.623291, 60.933008], [-147.655664, 60.909521], [-147.807617, 60.8854], [-147.891113, 60.889893], [-147.990771, 60.948291], [-148.005127, 60.968555], [-147.971191, 61.019043], [-147.751855, 61.218945], [-147.773779, 61.217822], [-147.844824, 61.186377], [-147.986377, 61.106494], [-148.049414, 61.082666], [-148.15791, 61.079687], [-148.208691, 61.088281], [-148.27002, 61.081787], [-148.341895, 61.0604], [-148.38877, 61.036963], [-148.410742, 61.011475], [-148.39585, 61.007129], [-148.287402, 61.03623], [-148.225879, 61.044043], [-148.208691, 61.029932], [-148.293164, 60.939697], [-148.344434, 60.853564], [-148.393311, 60.831885], [-148.471045, 60.835498], [-148.556152, 60.827002], [-148.557373, 60.80293], [-148.398682, 60.734033], [-148.34126, 60.724316], [-148.267871, 60.699707], [-148.256738, 60.675293], [-148.284229, 60.609326], [-148.30498, 60.58335], [-148.338428, 60.569824], [-148.467773, 60.57207], [-148.50957, 60.565234], [-148.596631, 60.523779], [-148.640137, 60.489453], [-148.624268, 60.486426], [-148.549121, 60.514795], [-148.439844, 60.52998], [-148.296387, 60.53208], [-148.189453, 60.547119], [-148.119189, 60.575146], [-148.050684, 60.567188], [-147.984033, 60.52334], [-147.964111, 60.484863], [-147.990967, 60.451855], [-148.045996, 60.42832], [-148.129199, 60.414209], [-148.181689, 60.393066], [-148.203564, 60.364941], [-148.215869, 60.323145], [-148.218652, 60.267676], [-148.197607, 60.167773], [-148.21377, 60.154248], [-148.24502, 60.146826], [-148.291357, 60.145459], [-148.333105, 60.122021], [-148.430713, 59.989111], [-148.465088, 59.974707], [-148.506055, 59.988965], [-148.542383, 59.987402], [-148.574072, 59.970068], [-148.643604, 59.956836], [-148.750879, 59.947754], [-148.842725, 59.951221], [-149.004248, 59.97998], [-149.070117, 60.000244], [-149.121582, 60.033496], [-149.266602, 59.998291], [-149.304932, 60.013672], [-149.395264, 60.105762], [-149.414844, 60.100244], [-149.432227, 60.001025], [-149.459717, 59.96626], [-149.54917, 59.894336], [-149.598047, 59.770459], [-149.612891, 59.766846], [-149.629639, 59.784668], [-149.684668, 59.895313], [-149.713867, 59.91958], [-149.794775, 59.855811], [-149.803662, 59.832715], [-149.782471, 59.750342], [-149.80127, 59.737939], [-149.96499, 59.782275], [-150.005322, 59.784424], [-150.015967, 59.776953], [-149.960156, 59.713037], [-149.966504, 59.690039], [-150.198047, 59.566553], [-150.258496, 59.570947], [-150.296484, 59.583252], [-150.338135, 59.581348], [-150.485352, 59.535303], [-150.525977, 59.537305], [-150.581543, 59.5646], [-150.607373, 59.563379], [-150.621143, 59.535059], [-150.6229, 59.479639], [-150.677441, 59.426953], [-150.852783, 59.341846], [-150.899316, 59.302686], [-150.934521, 59.249121], [-150.960742, 59.243994], [-151.063574, 59.278418], [-151.182764, 59.300781], [-151.199219, 59.289648], [-151.163037, 59.256934], [-151.170703, 59.236914], [-151.222266, 59.229395], [-151.2875, 59.232324], [-151.366357, 59.245605], [-151.477002, 59.230566], [-151.619385, 59.187305], [-151.738184, 59.188525], [-151.903857, 59.259766], [-151.949512, 59.265088], [-151.964063, 59.285107], [-151.931689, 59.342725], [-151.884619, 59.386328], [-151.849951, 59.406348], [-151.692578, 59.462207], [-151.512695, 59.482715], [-151.399609, 59.516309], [-151.262109, 59.585596], [-151.189404, 59.637695], [-151.046484, 59.771826], [-151.057324, 59.782178], [-151.089453, 59.789404], [-151.403662, 59.662256], [-151.450098, 59.650391], [-151.512598, 59.65127], [-151.763818, 59.7], [-151.816943, 59.720898], [-151.853223, 59.78208], [-151.783447, 59.921143], [-151.734521, 59.98833], [-151.611865, 60.092041], [-151.451465, 60.202637], [-151.395996, 60.274463], [-151.312695, 60.466455], [-151.317529, 60.553564], [-151.355029, 60.659863], [-151.356445, 60.722949], [-151.321777, 60.74292], [-150.95376, 60.841211], [-150.779492, 60.914795], [-150.44126, 61.023584], [-150.349121, 61.022656], [-150.281494, 60.985205], [-150.202783, 60.955225], [-150.113037, 60.932812], [-149.997559, 60.935156], [-149.85625, 60.962256], [-149.632471, 60.952002], [-149.172852, 60.88042], [-149.075098, 60.876416], [-149.071289, 60.885547], [-149.142236, 60.935693], [-149.459131, 60.964746], [-149.59248, 60.993848], [-149.967725, 61.121729], [-150.053271, 61.171094], [-150.018555, 61.194238], [-149.926758, 61.213281], [-149.895312, 61.231738], [-149.882031, 61.263721], [-149.829199, 61.30752], [-149.736914, 61.36333], [-149.595996, 61.417285], [-149.329053, 61.497363], [-149.433545, 61.500781], [-149.625439, 61.486035], [-149.695264, 61.470703], [-149.82373, 61.413379], [-149.873682, 61.372998], [-149.945215, 61.294238], [-149.975684, 61.279346], [-150.108936, 61.26792], [-150.471777, 61.259961], [-150.533203, 61.300244], [-150.567236, 61.306787], [-150.612256, 61.301123], [-150.945508, 61.198242], [-151.06499, 61.145703], [-151.150146, 61.08584], [-151.281885, 61.041943], [-151.460107, 61.014111], [-151.593506, 60.979639], [-151.733984, 60.910742], [-151.781641, 60.857959], [-151.784424, 60.833154], [-151.750488, 60.754883], [-151.785107, 60.740234], [-151.866162, 60.734082], [-151.99624, 60.682227], [-152.270703, 60.528125], [-152.306592, 60.472217], [-152.305078, 60.453027], [-152.260303, 60.409424], [-152.291504, 60.381104], [-152.368848, 60.336328], [-152.540918, 60.26543], [-152.653955, 60.238428], [-152.727295, 60.237061], [-152.7979, 60.247168], [-152.923389, 60.292871], [-153.025, 60.295654], [-153.03125, 60.289258], [-152.89292, 60.240381], [-152.752393, 60.17749], [-152.664746, 60.125293], [-152.630127, 60.083789], [-152.628564, 60.041113], [-152.660107, 59.997217], [-152.759473, 59.920898], [-152.856934, 59.898096], [-153.106055, 59.875049], [-153.186377, 59.856885], [-153.21123, 59.842725], [-153.040088, 59.810498], [-153.024609, 59.793994], [-153.048145, 59.730029], [-153.093604, 59.709131], [-153.236182, 59.670947], [-153.364014, 59.659863], [-153.383496, 59.667187], [-153.359619, 59.71748], [-153.366455, 59.729834], [-153.414404, 59.740137], [-153.482617, 59.720947], [-153.652539, 59.647021], [-153.670703, 59.634814], [-153.609375, 59.615039], [-153.622266, 59.598486], [-153.714355, 59.545264], [-153.752588, 59.509863], [-153.81416, 59.47373], [-154.08833, 59.363281], [-154.06748, 59.336377], [-154.138818, 59.240137], [-154.17832, 59.155566], [-154.129834, 59.119873], [-153.899561, 59.078027], [-153.787939, 59.06792], [-153.656396, 59.038672], [-153.418262, 58.959961], [-153.338965, 58.908545], [-153.327051, 58.884326], [-153.334424, 58.857861], [-153.362939, 58.822217], [-153.437598, 58.754834], [-153.617334, 58.654736], [-153.698584, 58.626367], [-153.821484, 58.604102], [-153.861963, 58.587842], [-154.019873, 58.492969], [-154.062451, 58.441748], [-154.055713, 58.397168], [-154.085889, 58.36582], [-154.289014, 58.304346], [-154.281787, 58.293457], [-154.208057, 58.28877], [-154.235107, 58.234619], [-154.247021, 58.159424], [-154.282275, 58.146777], [-154.409229, 58.147314], [-154.570605, 58.118066], [-154.581934, 58.109766], [-154.584912, 58.055664], [-155.006885, 58.016064], [-155.099268, 57.91333], [-155.147363, 57.881836], [-155.312744, 57.807129], [-155.413965, 57.777051], [-155.529639, 57.758887], [-155.590234, 57.733594], [-155.59585, 57.701074], [-155.628711, 57.673047], [-155.728955, 57.626611], [-155.777979, 57.568213], [-155.813672, 57.559033], [-156.000195, 57.544971], [-156.037354, 57.526514], [-156.055371, 57.447559], [-156.089893, 57.445068], [-156.156006, 57.463428], [-156.242188, 57.449219], [-156.435889, 57.359961], [-156.478418, 57.327881], [-156.473682, 57.310693], [-156.443555, 57.293652], [-156.397656, 57.240576], [-156.400488, 57.204834], [-156.475146, 57.105176], [-156.501318, 57.089795], [-156.592041, 57.065088], [-156.629004, 57.009961], [-156.712646, 57.016064], [-156.779883, 57.005615], [-156.823877, 56.968848], [-156.871729, 56.947656], [-156.923438, 56.94209], [-156.988428, 56.912939], [-157.066699, 56.860205], [-157.13916, 56.826563], [-157.205762, 56.812061], [-157.270557, 56.808496], [-157.333594, 56.815869], [-157.390234, 56.809814], [-157.440576, 56.790332], [-157.489648, 56.759766], [-157.528711, 56.673193], [-157.578369, 56.634473], [-157.609766, 56.627686], [-157.673877, 56.633447], [-157.770703, 56.65166], [-157.869092, 56.645215], [-158.027881, 56.592139], [-158.07832, 56.552051], [-157.978271, 56.543164], [-157.928711, 56.531689], [-157.92998, 56.520459], [-157.982178, 56.50957], [-158.070947, 56.510352], [-158.124365, 56.501025], [-158.189404, 56.478174], [-158.35249, 56.453516], [-158.414404, 56.43584], [-158.537402, 56.335449], [-158.552148, 56.312695], [-158.536377, 56.307666], [-158.467334, 56.318262], [-158.386133, 56.301562], [-158.343994, 56.280322], [-158.316992, 56.25415], [-158.291406, 56.203662], [-158.275635, 56.19624], [-158.431836, 56.111475], [-158.476123, 56.075488], [-158.504687, 56.062109], [-158.52334, 56.072461], [-158.542676, 56.166846], [-158.554443, 56.182861], [-158.591162, 56.184521], [-158.626758, 56.154688], [-158.704883, 56.043115], [-158.789844, 55.986914], [-159.429443, 55.842725], [-159.523242, 55.81001], [-159.541309, 55.748486], [-159.567627, 55.695215], [-159.610059, 55.652783], [-159.659668, 55.625928], [-159.670264, 55.64502], [-159.665332, 55.794873], [-159.678516, 55.824658], [-159.743018, 55.84375], [-159.771387, 55.841113], [-159.8104, 55.832715], [-159.874365, 55.800293], [-159.913525, 55.792187], [-159.962305, 55.794873], [-160.045654, 55.762939], [-160.243799, 55.660547], [-160.373193, 55.635107], [-160.407422, 55.613818], [-160.462695, 55.557812], [-160.499316, 55.537305], [-160.553516, 55.535498], [-160.625244, 55.552393], [-160.68291, 55.54043], [-160.726514, 55.499658], [-160.77085, 55.483545], [-160.896729, 55.513623], [-160.952197, 55.493066], [-161.024219, 55.44043], [-161.099512, 55.405713], [-161.178027, 55.388867], [-161.381934, 55.371289], [-161.463867, 55.38252], [-161.480518, 55.397803], [-161.476709, 55.464893], [-161.443799, 55.513281], [-161.41333, 55.536133], [-161.372705, 55.556299], [-161.313281, 55.558643], [-161.2021, 55.543555], [-161.214697, 55.559766], [-161.255127, 55.579004], [-161.357471, 55.612207], [-161.458789, 55.62915], [-161.516943, 55.618408], [-161.598779, 55.592822], [-161.654297, 55.563379], [-161.683545, 55.529932], [-161.720361, 55.420703], [-161.741553, 55.391162], [-161.980322, 55.198633], [-162.073975, 55.139307], [-162.166602, 55.14375], [-162.211475, 55.121338], [-162.274658, 55.073242], [-162.33291, 55.050244], [-162.386377, 55.052344], [-162.42793, 55.061475], [-162.457471, 55.077686], [-162.452393, 55.092822], [-162.412549, 55.106885], [-162.426807, 55.14541], [-162.495264, 55.208447], [-162.541895, 55.242725], [-162.630371, 55.24668], [-162.644141, 55.218018], [-162.614307, 55.071484], [-162.618896, 55.038428], [-162.674365, 54.996582], [-162.81958, 54.95], [-162.865039, 54.954541], [-162.995898, 55.046484], [-163.119629, 55.064697], [-163.127832, 55.034766], [-163.100195, 54.973633], [-163.131104, 54.916553], [-163.220557, 54.863379], [-163.288623, 54.837598], [-163.335303, 54.83916], [-163.337891, 54.876367], [-163.296338, 54.949268], [-163.285693, 55.009961], [-163.305957, 55.058545], [-163.303662, 55.09585], [-163.278809, 55.121826], [-163.114502, 55.193945], [-163.045361, 55.204736], [-163.008252, 55.186865], [-162.961963, 55.183838], [-162.906592, 55.195557], [-162.871582, 55.218604], [-162.857129, 55.253027], [-162.78623, 55.29707], [-162.658984, 55.350781], [-162.513379, 55.45], [-162.349365, 55.594727], [-162.157129, 55.719434], [-161.936621, 55.82417], [-161.697314, 55.907227], [-161.215625, 56.021436], [-161.178613, 56.014453], [-161.222559, 55.977441], [-161.192529, 55.954297], [-161.145166, 55.951318], [-160.968652, 55.969629], [-160.898633, 55.993652], [-160.877832, 55.970508], [-160.902393, 55.941309], [-161.008398, 55.911719], [-161.005371, 55.887158], [-160.851318, 55.771875], [-160.802832, 55.754443], [-160.762598, 55.756592], [-160.745508, 55.771484], [-160.758398, 55.854639], [-160.706348, 55.870459], [-160.599707, 55.874316], [-160.530225, 55.863477], [-160.4979, 55.837891], [-160.436914, 55.816699], [-160.347314, 55.799902], [-160.291699, 55.805078], [-160.270117, 55.832178], [-160.308496, 55.864453], [-160.479883, 55.935449], [-160.527441, 55.965039], [-160.539062, 56.006299], [-160.514697, 56.059131], [-160.46084, 56.1375], [-160.37749, 56.241455], [-160.302051, 56.314111], [-160.149268, 56.396338], [-160.04624, 56.437012], [-159.785059, 56.561621], [-159.283105, 56.688574], [-159.159033, 56.770068], [-158.990381, 56.860059], [-158.918018, 56.882178], [-158.918018, 56.847412], [-158.894873, 56.816406], [-158.78208, 56.795752], [-158.708838, 56.788574], [-158.675146, 56.794873], [-158.665918, 56.82793], [-158.681055, 56.887744], [-158.684814, 56.944238], [-158.677246, 56.997363], [-158.660791, 57.039404], [-158.585596, 57.114062], [-158.47373, 57.199072], [-158.320947, 57.2979], [-158.224512, 57.342676], [-158.133545, 57.366406], [-158.045703, 57.409473], [-157.894336, 57.511377], [-157.845752, 57.528076], [-157.737207, 57.548145], [-157.697412, 57.539258], [-157.674023, 57.513721], [-157.645557, 57.497803], [-157.535303, 57.483447], [-157.461914, 57.506201], [-157.473877, 57.518213], [-157.533496, 57.525879], [-157.571631, 57.540674], [-157.607568, 57.601465], [-157.680664, 57.638086], [-157.697217, 57.679443], [-157.683984, 57.743896], [-157.621191, 57.895215], [-157.610889, 58.05083], [-157.555029, 58.139941], [-157.442676, 58.172168], [-157.193701, 58.194189], [-157.339404, 58.234521], [-157.393604, 58.234814], [-157.488379, 58.253711], [-157.524414, 58.350732], [-157.523633, 58.421338], [-157.460889, 58.503027], [-157.228857, 58.640918], [-156.974658, 58.736328], [-157.009033, 58.744189], [-157.040479, 58.772559], [-156.923242, 58.963672], [-156.808887, 59.134277], [-156.963379, 58.988867], [-157.142041, 58.877637], [-157.665723, 58.748486], [-158.021924, 58.640186], [-158.190918, 58.614258], [-158.302588, 58.641797], [-158.389648, 58.745654], [-158.439307, 58.782617], [-158.503174, 58.850342], [-158.47627, 58.938379], [-158.425635, 58.999316], [-158.314502, 59.009326], [-158.189209, 58.979932], [-158.080518, 58.977441], [-158.220605, 59.0375], [-158.422803, 59.089844], [-158.514404, 59.072852], [-158.584473, 58.987793], [-158.678271, 58.929395], [-158.760596, 58.950098], [-158.809473, 58.973877], [-158.775537, 58.902539], [-158.837744, 58.793945], [-158.861377, 58.71875], [-158.772119, 58.520313], [-158.788623, 58.440967], [-158.950684, 58.404541], [-159.082666, 58.469775], [-159.358203, 58.721289], [-159.454199, 58.79292], [-159.670264, 58.911133], [-159.741455, 58.894287], [-159.832227, 58.835986], [-159.920215, 58.819873], [-160.152588, 58.905908], [-160.260791, 58.971533], [-160.363135, 59.051172], [-160.519922, 59.007324], [-160.656641, 58.955078], [-160.81709, 58.87168], [-160.924268, 58.872412], [-161.215918, 58.800977], [-161.246826, 58.799463], [-161.287891, 58.760937], [-161.328125, 58.743701], [-161.361328, 58.669531], [-161.755469, 58.612012], [-162.144922, 58.644238], [-162.008691, 58.68501], [-161.856494, 58.71709], [-161.724365, 58.794287], [-161.780518, 58.897412], [-161.790283, 58.949951], [-161.788672, 59.016406], [-161.644385, 59.109668], [-161.794482, 59.109473], [-161.890771, 59.076074], [-161.981055, 59.146143], [-162.023291, 59.283984], [-161.920117, 59.365479], [-161.872217, 59.428271], [-161.831689, 59.514502], [-161.828711, 59.588623], [-161.908643, 59.714111], [-162.138135, 59.980029], [-162.24248, 60.17832], [-162.421338, 60.283984], [-162.287793, 60.456885], [-162.138867, 60.614355], [-161.946582, 60.684814], [-161.962012, 60.695361], [-162.068262, 60.694873], [-162.138037, 60.685547], [-162.199902, 60.634326], [-162.265039, 60.595215], [-162.468701, 60.394678], [-162.599707, 60.296973], [-162.684961, 60.268945], [-162.547705, 60.231055], [-162.526953, 60.199121], [-162.500488, 60.126562], [-162.535645, 60.038379], [-162.570752, 59.989746], [-162.732617, 59.993652], [-162.877832, 59.922754], [-163.219385, 59.845605], [-163.680371, 59.801514], [-163.906885, 59.806787], [-164.142822, 59.896777], [-164.141113, 59.948877], [-164.131543, 59.994238], [-164.470508, 60.149316], [-164.662256, 60.303809], [-164.799951, 60.307227], [-164.919727, 60.348438], [-165.061133, 60.412549], [-165.04873, 60.464258], [-165.026514, 60.500635], [-165.113281, 60.526074], [-165.224512, 60.523584], [-165.353809, 60.541211], [-165.016016, 60.740039], [-164.899805, 60.873145], [-164.805176, 60.892041], [-164.682373, 60.871533], [-164.512939, 60.819043], [-164.370068, 60.795898], [-164.318506, 60.771289], [-164.265674, 60.724658], [-164.321387, 60.646631], [-164.372363, 60.591846], [-164.309668, 60.606738], [-164.131836, 60.691504], [-163.999561, 60.766064], [-163.936133, 60.758301], [-163.894922, 60.745166], [-163.821387, 60.668262], [-163.72998, 60.58999], [-163.528711, 60.664551], [-163.420947, 60.757422], [-163.511865, 60.798145], [-163.623047, 60.822217], [-163.906543, 60.853809], [-163.837305, 60.88042], [-163.65542, 60.87749], [-163.586914, 60.902979], [-163.658936, 60.938232], [-163.749023, 60.969727], [-163.994629, 60.864697], [-164.441553, 60.869971], [-164.753955, 60.931299], [-165.065625, 60.920654], [-165.114844, 60.932812], [-165.175488, 60.965674], [-164.999902, 61.043652], [-164.875586, 61.086768], [-164.868994, 61.111768], [-164.941211, 61.114893], [-165.0771, 61.094189], [-165.137695, 61.130127], [-165.127783, 61.192432], [-165.150049, 61.186865], [-165.20376, 61.152832], [-165.279785, 61.169629], [-165.344873, 61.197705], [-165.310791, 61.227637], [-165.243945, 61.26875], [-165.273633, 61.274854], [-165.333691, 61.266113], [-165.392041, 61.212305], [-165.379297, 61.16875], [-165.380762, 61.106299], [-165.480469, 61.094873], [-165.565869, 61.102344], [-165.627588, 61.165186], [-165.691357, 61.299902], [-165.863965, 61.335693], [-165.906299, 61.403809], [-165.797119, 61.491162], [-165.845313, 61.53623], [-165.961328, 61.550879], [-166.093994, 61.506738], [-166.152734, 61.545947], [-166.163525, 61.589014], [-166.168115, 61.65083], [-166.131152, 61.657324], [-166.100488, 61.645068], [-165.83457, 61.679395], [-165.808936, 61.696094], [-166.019922, 61.748291], [-166.078809, 61.803125], [-165.991406, 61.83418], [-165.833838, 61.836816], [-165.612793, 61.869287], [-165.705811, 61.927441], [-165.725244, 61.959375], [-165.743945, 62.011719], [-165.707275, 62.100439], [-165.447656, 62.303906], [-165.194531, 62.473535], [-165.115625, 62.512695], [-164.999707, 62.533789], [-164.891846, 62.517578], [-164.779199, 62.481152], [-164.757861, 62.496729], [-164.796094, 62.511621], [-164.844385, 62.581055], [-164.687988, 62.608252], [-164.596289, 62.68667], [-164.589453, 62.709375], [-164.688965, 62.676758], [-164.792676, 62.623193], [-164.818652, 62.677051], [-164.84541, 62.800977], [-164.799658, 62.918066], [-164.764062, 62.970605], [-164.677441, 63.020459], [-164.428125, 63.04043], [-164.384229, 63.030469], [-164.375098, 63.054004], [-164.525195, 63.127637], [-164.463281, 63.185205], [-164.409033, 63.215039], [-164.107617, 63.261719], [-163.942871, 63.247217], [-163.73623, 63.192822], [-163.616309, 63.125146], [-163.63374, 63.09043], [-163.663574, 63.070312], [-163.725732, 63.047803], [-163.748975, 63.030322], [-163.737842, 63.016406], [-163.649365, 63.056787], [-163.504346, 63.105859], [-163.423193, 63.084521], [-163.358838, 63.045752], [-163.287842, 63.046436], [-163.062256, 63.079736], [-162.947705, 63.11499], [-162.807764, 63.206592], [-162.621484, 63.26582], [-162.359814, 63.452588], [-162.282813, 63.529199], [-162.193311, 63.540967], [-162.1125, 63.53418], [-162.05625, 63.471338], [-161.973975, 63.45293], [-161.50542, 63.468164], [-161.266016, 63.496973], [-161.099707, 63.55791], [-160.926709, 63.660547], [-160.826514, 63.729346], [-160.778564, 63.818945], [-160.840479, 63.934912], [-160.903955, 64.031201], [-160.987549, 64.25127], [-161.220117, 64.396582], [-161.385693, 64.439941], [-161.490723, 64.433789], [-161.4146, 64.526367], [-161.193066, 64.516406], [-161.048779, 64.534473], [-160.931934, 64.579102], [-160.893701, 64.612891], [-160.836035, 64.681934], [-160.855908, 64.755615], [-160.886963, 64.795557], [-160.96748, 64.839551], [-161.063232, 64.904004], [-161.130176, 64.925439], [-161.186914, 64.924023], [-161.466357, 64.794873], [-161.633984, 64.79248], [-161.759375, 64.81626], [-161.868311, 64.742676], [-162.172266, 64.678076], [-162.334619, 64.612842], [-162.635742, 64.45083], [-162.711084, 64.377539], [-162.807031, 64.374219], [-162.876416, 64.516406], [-163.203906, 64.652002], [-163.302832, 64.605908], [-163.248291, 64.563281], [-163.174072, 64.532959], [-163.051758, 64.519727], [-163.104492, 64.478613], [-163.144336, 64.423828], [-163.267041, 64.475195], [-163.486182, 64.549805], [-163.713086, 64.588232], [-164.303955, 64.583936], [-164.691846, 64.507422], [-164.72749, 64.523291], [-164.764941, 64.529639], [-164.829541, 64.511377], [-164.857275, 64.480322], [-164.899512, 64.460645], [-164.97876, 64.453662], [-165.138135, 64.465234], [-165.446191, 64.512842], [-166.142773, 64.582764], [-166.325098, 64.625732], [-166.481396, 64.728076], [-166.478125, 64.797559], [-166.408691, 64.826953], [-166.415234, 64.926514], [-166.550879, 64.952979], [-166.826953, 65.096094], [-166.928418, 65.15708], [-166.906396, 65.163818], [-166.856787, 65.147266], [-166.762549, 65.134912], [-166.531006, 65.154736], [-166.45166, 65.247314], [-166.279687, 65.273779], [-166.121484, 65.260742], [-166.157031, 65.28584], [-166.197412, 65.305566], [-166.609375, 65.352734], [-166.665381, 65.338281], [-167.404004, 65.422119], [-167.987256, 65.567773], [-168.03501, 65.595605], [-168.088379, 65.657764], [-168.009668, 65.719141], [-167.930566, 65.748145], [-167.927002, 65.714355], [-167.914355, 65.681201], [-167.580029, 65.758301], [-167.405322, 65.859326], [-167.074219, 65.877051], [-166.997217, 65.904932], [-166.894434, 65.95918], [-166.747656, 66.051855], [-166.540137, 66.100635], [-166.39873, 66.144434], [-166.2146, 66.170264], [-166.057422, 66.127246], [-166.008936, 66.121338], [-165.723682, 66.112549], [-165.629932, 66.131201], [-165.58999, 66.145117], [-165.560205, 66.16709], [-165.840234, 66.245068], [-165.811865, 66.288477], [-165.776172, 66.319043], [-165.449414, 66.409912], [-165.198291, 66.439941], [-165.063965, 66.437842], [-164.674121, 66.555029], [-164.460498, 66.588428], [-164.058252, 66.610742], [-163.727686, 66.616455], [-163.638232, 66.574658], [-163.815723, 66.583496], [-163.893945, 66.575879], [-163.838232, 66.561572], [-163.775488, 66.531104], [-163.793701, 66.492627], [-163.902881, 66.378369], [-163.893945, 66.286914], [-163.96499, 66.257324], [-164.03374, 66.215527], [-163.695361, 66.083838], [-163.171436, 66.075439], [-162.886475, 66.099219], [-162.721777, 66.059814], [-162.586865, 66.05083], [-162.214258, 66.071045], [-161.933691, 66.042871], [-161.816309, 66.053662], [-161.556836, 66.250537], [-161.45542, 66.281396], [-161.345068, 66.247168], [-161.201074, 66.219385], [-161.109229, 66.239502], [-161.034277, 66.188818], [-161.069531, 66.294629], [-161.120313, 66.334326], [-161.544434, 66.407031], [-161.828174, 66.37085], [-161.916895, 66.411816], [-161.887598, 66.493066], [-162.191162, 66.693115], [-162.317725, 66.733691], [-162.467432, 66.735645], [-162.543652, 66.805127], [-162.607422, 66.894385], [-162.47832, 66.930811], [-162.361621, 66.947314], [-162.253564, 66.918652], [-162.131396, 66.801367], [-162.017627, 66.784131], [-162.050732, 66.667285], [-161.90957, 66.559619], [-161.591016, 66.459521], [-161.335938, 66.496338], [-161.155811, 66.495312], [-161.048145, 66.474219], [-160.784473, 66.384375], [-160.650537, 66.373096], [-160.231689, 66.420264], [-160.227344, 66.508545], [-160.262549, 66.572461], [-160.360889, 66.6125], [-160.643799, 66.60498], [-160.864014, 66.67085], [-161.051465, 66.652783], [-161.398047, 66.551855], [-161.571729, 66.591602], [-161.680908, 66.645508], [-161.856689, 66.700342], [-161.87876, 66.803955], [-161.731299, 66.922803], [-161.622217, 66.979346], [-161.719922, 67.020557], [-161.96543, 67.049561], [-162.391553, 67.019873], [-162.411572, 67.060303], [-162.409424, 67.103955], [-162.583105, 67.018506], [-162.761426, 67.036426], [-163.001709, 67.027295], [-163.531836, 67.102588], [-163.720557, 67.195557], [-163.799805, 67.270996], [-163.942676, 67.477588], [-164.125195, 67.606738], [-165.386035, 68.045605], [-165.95957, 68.155908], [-166.235938, 68.27793], [-166.409131, 68.307959], [-166.574463, 68.320264], [-166.786279, 68.359619], [-166.643896, 68.408008], [-166.545898, 68.424365], [-166.647852, 68.373828], [-166.57041, 68.361084], [-166.447021, 68.390234], [-166.380518, 68.425146], [-166.282959, 68.573242], [-166.182031, 68.797217], [-166.209082, 68.885352], [-165.509473, 68.867578], [-165.043945, 68.882471], [-164.889697, 68.902441], [-164.302344, 68.936475], [-164.150195, 68.961182], [-163.86792, 69.03667], [-163.535693, 69.170117], [-163.250537, 69.345361], [-163.205176, 69.392529], [-163.187109, 69.380469], [-163.161475, 69.387939], [-163.131006, 69.454346], [-163.093555, 69.610693], [-162.9521, 69.758105], [-162.350391, 70.094141], [-162.071143, 70.227197], [-161.977979, 70.287646], [-161.880957, 70.331738], [-161.812598, 70.289844], [-161.779932, 70.277344], [-161.761084, 70.257666], [-161.818408, 70.248437], [-161.911963, 70.205469], [-162.042383, 70.17666], [-162.073877, 70.161963], [-161.997412, 70.165234], [-161.768164, 70.196533], [-161.639014, 70.234521], [-160.996289, 70.30459], [-160.647656, 70.420557], [-160.634131, 70.446387], [-160.117139, 70.591211], [-160.045605, 70.585596], [-159.963135, 70.568164], [-160.106396, 70.472559], [-160.005566, 70.447559], [-160.095068, 70.333301], [-159.907568, 70.331445], [-159.865674, 70.278857], [-159.855225, 70.32417], [-159.85752, 70.389258], [-159.842627, 70.453027], [-159.81499, 70.49707], [-159.683301, 70.477148], [-159.386768, 70.524512], [-159.746191, 70.530469], [-159.961816, 70.634082], [-160.081592, 70.634863], [-159.680908, 70.786768], [-159.314502, 70.878516], [-159.231738, 70.876758], [-159.191748, 70.859668], [-159.183154, 70.831934], [-159.262207, 70.813867], [-159.339844, 70.78125], [-159.30415, 70.752539], [-159.251172, 70.748437], [-159.075049, 70.77207], [-158.996289, 70.801611], [-158.620947, 70.799023], [-158.51084, 70.820117], [-158.484375, 70.841064], [-157.998486, 70.845313], [-157.909375, 70.860107], [-157.605615, 70.94126], [-157.324756, 71.0396], [-157.195312, 71.093262], [-156.97334, 71.230029], [-156.783301, 71.318945], [-156.470215, 71.407666], [-156.395264, 71.39668], [-156.49668, 71.379102], [-156.567236, 71.341553], [-156.469971, 71.291553], [-155.811133, 71.188428], [-155.645605, 71.182764], [-155.579443, 71.121094], [-155.63457, 71.061572], [-155.804346, 70.99541], [-156.146582, 70.927832], [-156.041943, 70.902246], [-155.973535, 70.841992], [-155.872217, 70.834668], [-155.708057, 70.857275], [-155.579395, 70.894336], [-155.313379, 71.01499], [-155.229736, 71.082227], [-155.166846, 71.099219], [-154.943799, 71.083057], [-154.817529, 71.048486], [-154.673682, 70.987109], [-154.726318, 70.927783], [-154.785205, 70.894287], [-154.598633, 70.847998], [-154.392188, 70.83833], [-154.195215, 70.801123], [-153.918213, 70.877344], [-153.701367, 70.893604], [-153.497705, 70.891064], [-153.23291, 70.932568], [-152.784912, 70.876025], [-152.67085, 70.890723], [-152.491211, 70.880957], [-152.300391, 70.846777], [-152.23291, 70.810352], [-152.437256, 70.733252], [-152.470605, 70.653613], [-152.399219, 70.620459], [-152.269678, 70.614746], [-152.253369, 70.568262], [-152.172949, 70.556641], [-151.769043, 70.560156], [-151.799902, 70.538037], [-151.819629, 70.511328], [-151.944678, 70.4521], [-151.224805, 70.41875], [-151.128027, 70.451611], [-150.979053, 70.464697], [-150.662646, 70.509912], [-150.543506, 70.490137], [-150.403223, 70.443896], [-150.273633, 70.434326], [-150.15249, 70.443701], [-149.870117, 70.509668], [-149.544043, 70.512891], [-149.410596, 70.491406], [-149.269434, 70.500781], [-148.844775, 70.425195], [-148.688379, 70.416309], [-148.479199, 70.31792], [-148.371143, 70.31499], [-148.248779, 70.356738], [-148.142725, 70.355469], [-148.039062, 70.315479], [-147.869531, 70.303271], [-147.790576, 70.240137], [-147.705371, 70.217236], [-147.062939, 70.17041], [-146.744873, 70.191748], [-146.28125, 70.186133], [-146.057666, 70.15625], [-145.823145, 70.160059], [-145.440088, 70.050928], [-145.236816, 70.033936], [-145.197363, 70.008691], [-144.619189, 69.982129], [-144.416895, 70.039014], [-144.064111, 70.054102], [-143.746436, 70.101953], [-143.566406, 70.101465], [-143.357031, 70.089551], [-143.276465, 70.095313], [-143.218311, 70.11626], [-142.707861, 70.033789], [-142.422119, 69.939502], [-142.296973, 69.869873], [-141.699219, 69.770361], [-141.526367, 69.714697], [-141.40791, 69.653369], [-141.338623, 69.646777], [-141.289648, 69.664697], [-141.080811, 69.659424], [-140.86001, 69.635254], [-140.405127, 69.60249], [-139.976611, 69.621729], [-139.181543, 69.515527], [-138.689893, 69.316797], [-138.291016, 69.219043], [-138.128369, 69.151953], [-137.869434, 69.092822], [-137.259961, 68.964111], [-137.07041, 68.950879], [-136.717334, 68.88916], [-136.498682, 68.897314], [-136.122363, 68.882227], [-135.86665, 68.832617], [-135.362158, 68.696436], [-135.258838, 68.684326], [-135.231201, 68.694287], [-135.406934, 68.828955], [-135.43457, 68.841992], [-135.637988, 68.892236], [-135.876318, 68.916992], [-135.894727, 68.926709], [-135.939014, 68.97417], [-135.924756, 68.992627], [-135.872852, 69.001025], [-135.695215, 69.000635], [-135.58999, 69.008252], [-135.575537, 69.026953], [-135.65127, 69.031299], [-135.742627, 69.049414], [-135.849707, 69.081396], [-135.910205, 69.111475], [-135.691455, 69.311182], [-135.614941, 69.291016], [-135.499561, 69.337158], [-135.292822, 69.307861], [-135.25498, 69.323828], [-135.229785, 69.425195], [-135.199023, 69.449609], [-135.14082, 69.467822], [-134.852881, 69.485889], [-134.493848, 69.46792], [-134.456836, 69.477637], [-134.491211, 69.545312], [-134.495361, 69.571924], [-134.473682, 69.632812], [-134.451465, 69.665479], [-134.408936, 69.681787], [-134.242041, 69.668848], [-134.189893, 69.638818], [-134.134033, 69.587256], [-134.07749, 69.557861], [-133.899951, 69.528223], [-133.879785, 69.507715], [-133.947461, 69.429492], [-134.018408, 69.388477], [-134.165039, 69.280566], [-134.174316, 69.252832], [-133.948047, 69.301318], [-133.694043, 69.368408], [-133.475928, 69.405371], [-133.293652, 69.412158], [-133.163135, 69.433887], [-133.084424, 69.470654], [-133.028271, 69.508252], [-132.915332, 69.629639], [-132.840332, 69.650684], [-132.526807, 69.643262], [-132.452344, 69.646924], [-132.403906, 69.65874], [-132.412744, 69.674072], [-132.478955, 69.692871], [-132.568359, 69.698145], [-132.570605, 69.706689], [-132.537549, 69.726562], [-132.488477, 69.738086], [-132.333984, 69.751807], [-132.232422, 69.708154], [-132.163428, 69.70498], [-131.934131, 69.753467], [-131.581836, 69.882129], [-131.440918, 69.91792], [-131.318945, 69.92417], [-131.215869, 69.900781], [-131.136377, 69.906885], [-131.031836, 69.979492], [-130.990625, 70.018115], [-130.926172, 70.051611], [-130.665479, 70.127051], [-130.498437, 70.143164], [-130.396387, 70.129248], [-130.274951, 70.097998], [-130.174951, 70.085889], [-130.043311, 70.095068], [-129.944971, 70.090918], [-129.898047, 70.106152], [-129.730078, 70.19209], [-129.675635, 70.192969], [-129.622998, 70.167627], [-129.538428, 70.105176], [-129.538184, 70.073926], [-129.648291, 69.997754], [-130.458838, 69.77998], [-130.708545, 69.685986], [-130.83208, 69.651465], [-130.960107, 69.632031], [-131.207959, 69.615771], [-131.306348, 69.596631], [-131.472949, 69.579492], [-131.862793, 69.549365], [-131.937793, 69.534717], [-131.98877, 69.517627], [-132.12876, 69.402344], [-132.196826, 69.364697], [-132.330762, 69.307959], [-132.481201, 69.273145], [-132.686719, 69.259863], [-132.81748, 69.205762], [-132.967969, 69.101416], [-133.089453, 69.02876], [-133.228223, 68.967139], [-133.378955, 68.88667], [-133.418311, 68.844287], [-133.373389, 68.788477], [-133.348389, 68.769873], [-133.196826, 68.739844], [-133.138037, 68.746582], [-133.192187, 68.776514], [-133.319531, 68.819727], [-133.33667, 68.835254], [-133.304004, 68.847412], [-132.706006, 68.814893], [-132.577637, 68.847803], [-132.532666, 68.875635], [-132.542236, 68.889941], [-132.704346, 68.895898], [-132.739111, 68.922461], [-132.764697, 68.972461], [-132.770117, 69.012158], [-132.755469, 69.041602], [-132.718945, 69.079199], [-132.545166, 69.140625], [-132.358057, 69.166943], [-132.213965, 69.20166], [-132.134375, 69.234473], [-131.919629, 69.290527], [-131.833398, 69.335986], [-131.786914, 69.371289], [-131.781055, 69.388867], [-131.820166, 69.401611], [-131.788379, 69.431982], [-131.631787, 69.459082], [-131.562939, 69.461377], [-131.34292, 69.4354], [-131.303027, 69.415088], [-131.324707, 69.361182], [-131.293896, 69.363721], [-131.209033, 69.432178], [-131.161719, 69.45498], [-131.112842, 69.459473], [-131.063428, 69.450684], [-131.013428, 69.428711], [-130.986279, 69.362891], [-130.981982, 69.253271], [-130.970654, 69.209082], [-130.914307, 69.284863], [-130.875049, 69.32002], [-130.660693, 69.481299], [-130.515967, 69.569678], [-130.353613, 69.655811], [-130.117627, 69.720068], [-129.572119, 69.826709], [-129.264844, 69.85542], [-129.109131, 69.881934], [-129.03291, 69.90498], [-128.984326, 69.933447], [-128.898926, 69.966162], [-128.883691, 69.963477], [-128.916797, 69.894873], [-128.938623, 69.875], [-129.13833, 69.83252], [-129.15791, 69.800098], [-129.13623, 69.750049], [-129.101709, 69.717041], [-129.054346, 69.701074], [-128.971436, 69.712402], [-128.853027, 69.751025], [-128.705518, 69.810156], [-128.386719, 69.960156], [-128.35918, 69.987598], [-128.278613, 70.108105], [-128.09585, 70.161328], [-127.764941, 70.221875], [-127.683789, 70.260352], [-127.974023, 70.29292], [-128.03418, 70.315332], [-128.043652, 70.32876], [-127.988916, 70.363135], [-128.121484, 70.397363], [-128.170117, 70.418457], [-128.168066, 70.479785], [-128.127295, 70.523828], [-128.040479, 70.566406], [-127.991016, 70.573828], [-127.861621, 70.549072], [-127.752832, 70.517139], [-127.376855, 70.36875], [-127.225977, 70.296143], [-127.138477, 70.239355], [-126.926807, 70.061719], [-126.833496, 69.959082], [-126.758691, 69.853369], [-126.684912, 69.7771], [-126.612158, 69.730322], [-126.250439, 69.545264], [-126.063818, 69.46709], [-125.907422, 69.418555], [-125.727783, 69.37998], [-125.524951, 69.351562], [-125.386768, 69.349219], [-125.171875, 69.427979], [-125.166846, 69.479785], [-125.261572, 69.566162], [-125.356934, 69.625977], [-125.345508, 69.662451], [-125.219385, 69.732373], [-125.227881, 69.756738], [-125.201172, 69.828809], [-125.114014, 69.815039], [-125.07959, 69.817822], [-125.031006, 69.844287], [-124.968262, 69.894385], [-124.88916, 69.935791], [-124.793652, 69.968506], [-124.76792, 69.990039], [-124.862598, 70.005518], [-124.92002, 70.005566], [-124.962598, 70.012598], [-124.990381, 70.026611], [-124.952441, 70.041748], [-124.745117, 70.080176], [-124.706348, 70.116992], [-124.639941, 70.141455], [-124.555029, 70.151221], [-124.502588, 70.141113], [-124.444482, 70.110596], [-124.441504, 70.061914], [-124.467187, 69.982568], [-124.471924, 69.918506], [-124.406934, 69.767432], [-124.349365, 69.734521], [-124.124609, 69.68999], [-124.138477, 69.653174], [-124.398389, 69.493848], [-124.453906, 69.454834], [-124.481348, 69.425146], [-124.47207, 69.400049], [-124.426172, 69.379443], [-124.338086, 69.364844], [-124.111719, 69.358887], [-124.049658, 69.372852], [-123.609131, 69.377441], [-123.528418, 69.389355], [-123.460449, 69.42002], [-123.361475, 69.496631], [-123.248975, 69.52002], [-123.213672, 69.541504], [-123.144482, 69.632471], [-123.1104, 69.738135], [-123.076611, 69.782471], [-123.025781, 69.81001], [-122.956689, 69.818848], [-122.7854, 69.808447], [-122.704883, 69.817383], [-122.3875, 69.808447], [-122.070068, 69.816162], [-121.741846, 69.79751], [-121.531104, 69.775781], [-121.33623, 69.741553], [-120.962451, 69.6604], [-120.814648, 69.616846], [-120.292529, 69.420557], [-120.13999, 69.380566], [-119.852832, 69.342334], [-118.868701, 69.257178], [-118.744873, 69.234277], [-118.485596, 69.144873], [-118.306982, 69.092725], [-118.095215, 69.04292], [-117.830322, 68.999902], [-117.311279, 68.934912], [-117.226953, 68.913428], [-117.131738, 68.907129], [-117.025732, 68.915967], [-116.549951, 68.878809], [-116.424561, 68.880615], [-116.334082, 68.873633], [-116.222705, 68.846826], [-116.059473, 68.837012], [-116.065234, 68.85542], [-116.251611, 68.95791], [-116.243408, 68.974072], [-116.166748, 68.975342], [-115.936084, 68.958105], [-115.883252, 68.987305], [-115.806348, 68.986621], [-115.631152, 68.972559], [-115.442285, 68.940918], [-115.239844, 68.891846], [-114.99375, 68.850049], [-114.620166, 68.746094], [-114.413867, 68.65957], [-114.218164, 68.552051], [-114.11084, 68.477344], [-114.092041, 68.4354], [-114.051123, 68.414648], [-113.988184, 68.41499], [-113.964404, 68.399072], [-114.020801, 68.306494], [-114.053223, 68.283398], [-114.095947, 68.266797], [-114.274756, 68.247852], [-114.765283, 68.270215], [-114.852197, 68.195264], [-115.127051, 68.132031], [-115.175928, 68.104395], [-115.186768, 68.08418], [-115.16709, 68.018555], [-115.201855, 67.998437], [-115.426855, 67.923535], [-115.434473, 67.902344], [-115.288477, 67.87168], [-115.133203, 67.819189], [-115.011182, 67.806396], [-114.856738, 67.813574], [-114.662891, 67.795215], [-114.429395, 67.751221], [-114.267041, 67.731152], [-114.175732, 67.73501], [-114.051074, 67.726904], [-113.893213, 67.706885], [-113.681934, 67.699951], [-113.21499, 67.701758], [-113.074951, 67.68667], [-112.879443, 67.679883], [-112.503027, 67.681934], [-112.435156, 67.684766], [-112.314551, 67.71958], [-112.236719, 67.731104], [-112.101318, 67.731738], [-111.710889, 67.757324], [-111.575732, 67.756836], [-111.450684, 67.776172], [-111.29082, 67.815234], [-111.192188, 67.822559], [-111.154785, 67.798242], [-111.087402, 67.787646], [-110.990039, 67.79082], [-110.804883, 67.832324], [-110.371973, 67.954199], [-110.21626, 67.954004], [-110.101953, 67.992236], [-110.073926, 67.99292], [-110.04248, 67.977197], [-109.936523, 67.887891], [-109.904248, 67.873535], [-109.831348, 67.86582], [-109.760156, 67.820117], [-109.686035, 67.751758], [-109.630371, 67.732715], [-109.224316, 67.729785], [-109.08125, 67.710742], [-109.038037, 67.691162], [-108.994482, 67.637109], [-108.967676, 67.532373], [-108.949902, 67.493945], [-108.890967, 67.438086], [-108.852002, 67.421973], [-108.815186, 67.4375], [-108.715137, 67.582813], [-108.680225, 67.606201], [-108.61333, 67.598047], [-108.59292, 67.590869], [-108.491504, 67.483301], [-108.346973, 67.403418], [-107.988721, 67.256396], [-107.930518, 67.20249], [-107.90918, 67.162549], [-107.929443, 67.126807], [-107.991309, 67.095166], [-108.088428, 67.069775], [-108.220801, 67.050586], [-108.344336, 67.05752], [-108.459082, 67.09043], [-108.496045, 67.092285], [-108.455273, 67.062988], [-108.218164, 66.94126], [-108.157666, 66.892627], [-108.101465, 66.860352], [-108.049609, 66.844336], [-108.001758, 66.818018], [-107.957959, 66.781299], [-107.760937, 66.683691], [-107.704883, 66.637109], [-107.480322, 66.491797], [-107.373682, 66.434668], [-107.291357, 66.401807], [-107.259473, 66.398535], [-107.278076, 66.424902], [-107.564453, 66.618506], [-107.710352, 66.740039], [-107.730859, 66.769189], [-107.740234, 66.81377], [-107.745996, 66.961475], [-107.725098, 66.984131], [-107.626172, 67.003125], [-107.499219, 66.936182], [-107.45127, 66.926758], [-107.418848, 66.930713], [-107.4021, 66.947998], [-107.329199, 66.931982], [-107.200195, 66.882568], [-107.156494, 66.881738], [-107.25376, 66.976367], [-107.32334, 67.022559], [-107.347852, 67.054785], [-107.283154, 67.103271], [-107.318457, 67.127783], [-107.482373, 67.199121], [-107.56748, 67.273047], [-107.644043, 67.384766], [-107.650928, 67.428223], [-107.638379, 67.474219], [-107.649902, 67.511279], [-107.753027, 67.586865], [-107.865088, 67.639209], [-107.954053, 67.7], [-107.972119, 67.732031], [-107.958398, 67.818604], [-107.890918, 67.856348], [-107.763086, 67.906836], [-107.728613, 67.958838], [-107.787451, 68.0125], [-107.798291, 68.036914], [-107.761035, 68.032178], [-107.509375, 68.059131], [-107.446191, 68.049658], [-107.351123, 68.061182], [-107.224121, 68.093799], [-107.124805, 68.108447], [-106.993652, 68.106299], [-106.922559, 68.11416], [-106.835645, 68.128613], [-106.790723, 68.144824], [-106.710986, 68.206787], [-106.668408, 68.216016], [-106.534863, 68.209277], [-106.459473, 68.195654], [-106.424268, 68.200586], [-106.429492, 68.288477], [-106.404395, 68.319336], [-106.27124, 68.383203], [-106.132129, 68.389893], [-106.039307, 68.407324], [-105.933057, 68.443115], [-105.856934, 68.475146], [-105.781201, 68.526562], [-105.750195, 68.592285], [-105.774316, 68.611133], [-105.932227, 68.636523], [-106.027148, 68.62334], [-106.237305, 68.576562], [-106.458057, 68.516455], [-106.543311, 68.460596], [-106.56665, 68.388965], [-106.608496, 68.357373], [-106.78042, 68.387305], [-106.853711, 68.386816], [-106.945801, 68.374365], [-107.043311, 68.346826], [-107.146191, 68.304199], [-107.298145, 68.296436], [-107.499121, 68.323535], [-107.619336, 68.331055], [-107.741504, 68.285742], [-107.734229, 68.252051], [-107.677637, 68.20293], [-107.73418, 68.17373], [-108.027197, 68.162939], [-108.10459, 68.169287], [-108.261035, 68.149902], [-108.322803, 68.154102], [-108.36792, 68.177539], [-108.686572, 68.277344], [-108.718115, 68.297461], [-108.640918, 68.378516], [-108.345752, 68.597803], [-108.313477, 68.610791], [-107.766357, 68.648926], [-107.435937, 68.688867], [-106.830664, 68.809473], [-106.713477, 68.819482], [-106.324268, 68.899463], [-106.164453, 68.919873], [-106.015674, 68.906055], [-105.797949, 68.864795], [-105.685596, 68.828174], [-105.606055, 68.782422], [-105.539844, 68.718652], [-105.456934, 68.578076], [-105.428613, 68.458252], [-105.377441, 68.413818], [-105.194971, 68.330371], [-105.101318, 68.297998], [-105.043604, 68.287891], [-104.993799, 68.307422], [-104.959814, 68.310547], [-104.936719, 68.303027], [-104.911963, 68.250488], [-104.879443, 68.245264], [-104.769629, 68.251758], [-104.653174, 68.230078], [-104.636377, 68.213916], [-104.661133, 68.148779], [-104.628174, 68.121484], [-104.486816, 68.063184], [-104.350732, 68.041211], [-104.193555, 68.031201], [-103.901562, 68.041064], [-103.657227, 68.069092], [-103.474121, 68.115039], [-103.323242, 68.063818], [-103.021777, 67.940234], [-102.841553, 67.852734], [-102.691992, 67.811572], [-102.389111, 67.762207], [-102.320361, 67.735645], [-102.209766, 67.732715], [-102.057227, 67.75332], [-101.883643, 67.745312], [-101.688867, 67.708643], [-101.55498, 67.693164], [-101.096387, 67.762354], [-101.026416, 67.765674], [-100.855615, 67.798975], [-100.745605, 67.809082], [-100.616113, 67.808252], [-100.519629, 67.818408], [-100.456104, 67.839453], [-100.212939, 67.838574], [-99.772949, 67.814844], [-99.472266, 67.784082], [-99.293555, 67.745312], [-99.146875, 67.723633], [-99.032178, 67.718848], [-98.920459, 67.725781], [-98.811719, 67.744434], [-98.697266, 67.779736], [-98.452783, 67.7979], [-98.412109, 67.807178], [-98.417139, 67.826465], [-98.467822, 67.855811], [-98.606494, 67.911426], [-98.703564, 67.965723], [-98.722217, 68.000195], [-98.720068, 68.041992], [-98.689844, 68.066113], [-98.631543, 68.072559], [-98.539844, 68.046631], [-98.414795, 67.988428], [-98.062549, 67.769678], [-97.977637, 67.738623], [-97.930762, 67.710791], [-97.607422, 67.631055], [-97.454932, 67.616992], [-97.274268, 67.66626], [-97.194434, 67.696924], [-97.15542, 67.726416], [-97.157178, 67.754834], [-97.139844, 67.79624], [-97.158057, 67.821924], [-97.206543, 67.855078], [-97.336133, 67.901367], [-97.546631, 67.960742], [-97.739111, 67.978174], [-97.91333, 67.953564], [-98.110498, 67.903027], [-98.192529, 67.922998], [-98.438379, 68.064697], [-98.500293, 68.117676], [-98.500244, 68.132275], [-98.386084, 68.115332], [-98.380859, 68.132471], [-98.44917, 68.200781], [-98.49126, 68.223633], [-98.633008, 68.331152], [-98.650488, 68.363525], [-98.562256, 68.37085], [-98.522217, 68.383398], [-98.468555, 68.382129], [-98.218555, 68.317432], [-98.090527, 68.346338], [-97.794238, 68.387598], [-97.911035, 68.449512], [-97.938867, 68.510449], [-97.925098, 68.523682], [-97.828564, 68.532764], [-97.639551, 68.481982], [-97.548047, 68.474951], [-97.481104, 68.495166], [-97.410352, 68.496533], [-97.335791, 68.47915], [-97.265918, 68.45293], [-97.135986, 68.377979], [-97.071777, 68.332861], [-96.999561, 68.264941], [-96.976709, 68.25542], [-96.628174, 68.250293], [-96.430664, 68.310596], [-96.434961, 68.290088], [-96.480225, 68.242822], [-96.725146, 68.06123], [-96.72207, 68.03877], [-96.592187, 68.048438], [-96.531299, 68.063135], [-96.493701, 68.084961], [-96.461182, 68.13584], [-96.439355, 68.150879], [-96.075586, 68.236523], [-95.970312, 68.249121], [-96.036035, 68.157764], [-96.171338, 67.831689], [-96.198828, 67.717822], [-96.228467, 67.679199], [-96.371387, 67.553857], [-96.369141, 67.509766], [-96.212842, 67.404297], [-96.18501, 67.375586], [-96.169238, 67.288965], [-96.141455, 67.271826], [-96.012598, 67.270898], [-95.879102, 67.298486], [-95.719922, 67.316797], [-95.695166, 67.29873], [-95.78252, 67.193799], [-95.777686, 67.184619], [-95.626416, 67.211572], [-95.557031, 67.215283], [-95.528711, 67.20918], [-95.415918, 67.155566], [-95.40459, 67.115576], [-95.406982, 67.056104], [-95.418896, 67.013232], [-95.456982, 66.989453], [-95.502246, 66.979883], [-95.559375, 66.972754], [-95.610645, 66.975684], [-95.768652, 66.966699], [-95.861816, 66.978174], [-95.954053, 67.010889], [-96.019531, 67.01875], [-96.095459, 66.993555], [-96.215576, 66.997705], [-96.350439, 67.07002], [-96.404248, 67.063232], [-96.422559, 67.051758], [-96.420264, 67.036182], [-96.359521, 66.989404], [-95.885303, 66.741357], [-95.813281, 66.690137], [-95.797363, 66.616553], [-95.787549, 66.616797], [-95.743164, 66.69043], [-95.772119, 66.726074], [-96.016113, 66.870459], [-96.045361, 66.923145], [-96.036865, 66.9375], [-95.972363, 66.952246], [-95.625049, 66.91626], [-95.490381, 66.924121], [-95.399658, 66.949463], [-95.354102, 66.980713], [-95.321094, 67.15249], [-95.25874, 67.262549], [-95.295605, 67.361035], [-95.389551, 67.517822], [-95.463379, 67.610205], [-95.633691, 67.703857], [-95.650488, 67.737451], [-95.460693, 68.021387], [-95.426514, 68.045264], [-95.384082, 68.055566], [-95.234717, 68.059717], [-95.125879, 68.083301], [-94.955225, 68.050293], [-94.861035, 68.04165], [-94.744434, 68.070898], [-94.485303, 68.190088], [-94.383838, 68.227002], [-94.254785, 68.296826], [-94.098145, 68.399414], [-93.927734, 68.473828], [-93.651709, 68.543115], [-93.483008, 68.598877], [-93.448926, 68.618896], [-93.605811, 68.623682], [-93.643945, 68.633105], [-93.676172, 68.685986], [-93.659863, 68.78374], [-93.662793, 68.838184], [-93.681445, 68.887256], [-93.715771, 68.931055], [-93.765723, 68.96958], [-93.811328, 68.992676], [-93.852441, 69.000342], [-93.880713, 68.996826], [-93.896094, 68.982178], [-93.938086, 68.889062], [-93.991553, 68.820605], [-94.064893, 68.784766], [-94.216943, 68.760547], [-94.47832, 68.742773], [-94.586768, 68.775537], [-94.600439, 68.803223], [-94.562549, 68.91167], [-94.475635, 68.958154], [-94.236621, 69.049756], [-94.083643, 69.123096], [-94.081152, 69.13584], [-94.221826, 69.136377], [-94.255371, 69.151465], [-94.284961, 69.241602], [-94.276758, 69.275244], [-94.254736, 69.31377], [-94.156348, 69.341748], [-93.854395, 69.376367], [-93.619482, 69.416992], [-93.612646, 69.402832], [-93.800977, 69.280908], [-93.820459, 69.252637], [-93.748535, 69.226123], [-93.56748, 69.296875], [-93.450586, 69.355176], [-93.430957, 69.375049], [-93.537061, 69.382324], [-93.542871, 69.406445], [-93.522412, 69.450684], [-93.532275, 69.480908], [-93.649805, 69.519043], [-93.794385, 69.497852], [-93.915088, 69.457666], [-94.015283, 69.446729], [-94.163184, 69.445947], [-94.270801, 69.455127], [-94.338135, 69.474268], [-94.419189, 69.517041], [-94.513916, 69.583447], [-94.633838, 69.649658], [-94.67627, 69.656885], [-94.712695, 69.649414], [-94.789258, 69.585449], [-94.82251, 69.577783], [-95.29209, 69.667383], [-95.49126, 69.717627], [-95.587598, 69.755713], [-95.707422, 69.778223], [-95.850684, 69.785107], [-95.964941, 69.802783], [-96.050146, 69.831152], [-96.119092, 69.871875], [-96.171777, 69.924951], [-96.269385, 69.991797], [-96.492383, 70.124902], [-96.551367, 70.210303], [-96.55957, 70.243018], [-96.545605, 70.327246], [-96.336572, 70.470166], [-96.297705, 70.511377], [-96.226416, 70.541699], [-96.122754, 70.56123], [-96.048145, 70.56709], [-95.878613, 70.548975], [-95.980176, 70.593213], [-95.988184, 70.616846], [-95.886328, 70.694287], [-95.906396, 70.697754], [-96.186426, 70.638281], [-96.258008, 70.642285], [-96.358887, 70.678662], [-96.548926, 70.80874], [-96.551074, 70.889746], [-96.491309, 71.002344], [-96.47041, 71.069727], [-96.524756, 71.127051], [-96.504443, 71.143164], [-96.445459, 71.159229], [-96.420752, 71.176465], [-96.446582, 71.239893], [-96.405664, 71.273633], [-96.271338, 71.339111], [-96.139648, 71.396387], [-96.062012, 71.413867], [-95.994434, 71.410645], [-95.924072, 71.393066], [-95.850879, 71.361084], [-95.725391, 71.328174], [-95.632568, 71.318799], [-95.564258, 71.336768], [-95.44751, 71.460059], [-95.40625, 71.49165], [-95.44541, 71.505371], [-95.674219, 71.504053], [-95.773389, 71.514258], [-95.830371, 71.526074], [-95.872314, 71.573145], [-95.837744, 71.598242], [-95.615918, 71.6854], [-95.51167, 71.776807], [-95.201221, 71.903711], [-94.886963, 71.963379], [-94.734863, 71.982959], [-94.611133, 71.986865], [-94.55708, 71.978955], [-94.491064, 71.915527], [-94.478809, 71.848584], [-94.30835, 71.764893], [-94.17124, 71.758447], [-94.085986, 71.771143], [-93.810205, 71.76626], [-93.746289, 71.742822], [-93.750879, 71.71665], [-93.781641, 71.674316], [-93.762842, 71.638037], [-93.575879, 71.568701], [-93.407471, 71.520703], [-93.256348, 71.46084]], [[-119.603027, 37.057422], [-119.671631, 37.027637], [-119.693115, 36.999561], [-119.641016, 37.007812], [-119.603027, 37.030957], [-119.598047, 37.05083], [-119.603027, 37.057422]], [[-119.985986, 39.242383], [-120.059131, 39.221436], [-120.132227, 39.14292], [-120.13916, 39.090771], [-120.11333, 39.060352], [-120.080811, 38.970947], [-120.033398, 38.945264], [-119.965723, 38.957422], [-119.942676, 39.025098], [-119.918359, 39.206543], [-119.935937, 39.253955], [-119.96167, 39.253955], [-119.985986, 39.242383]], [[-119.641162, 40.19082], [-119.683594, 40.150391], [-119.696143, 40.123486], [-119.63584, 40.028271], [-119.54707, 39.926562], [-119.486523, 39.878125], [-119.446191, 39.868066], [-119.433008, 39.885937], [-119.432178, 39.902734], [-119.482959, 39.973779], [-119.515137, 40.082031], [-119.533594, 40.180713], [-119.577295, 40.209277], [-119.641162, 40.19082]], [[-122.240723, 40.754346], [-122.151221, 40.745801], [-122.10166, 40.76626], [-122.094678, 40.783496], [-122.115576, 40.799805], [-122.228857, 40.793408], [-122.242285, 40.805859], [-122.231689, 40.870996], [-122.258887, 40.860693], [-122.30127, 40.80376], [-122.350977, 40.784082], [-122.362158, 40.81958], [-122.395215, 40.829102], [-122.426172, 40.74375], [-122.410596, 40.721436], [-122.364258, 40.724365], [-122.240723, 40.754346]], [[-120.475146, 42.064795], [-120.489453, 41.988086], [-120.483887, 41.869238], [-120.46582, 41.803125], [-120.442822, 41.785254], [-120.395557, 41.792432], [-120.32417, 41.986914], [-120.323291, 42.04043], [-120.343994, 42.066455], [-120.374902, 42.089697], [-120.410693, 42.107324], [-120.449414, 42.0875], [-120.475146, 42.064795]], [[-121.920605, 42.3604], [-121.922021, 42.332373], [-121.841504, 42.256299], [-121.809375, 42.25127], [-121.806445, 42.28877], [-121.827686, 42.409033], [-121.921191, 42.475146], [-121.947803, 42.499365], [-121.941357, 42.604346], [-121.965479, 42.589844], [-122.059521, 42.474707], [-122.042139, 42.42832], [-121.956836, 42.395947], [-121.920605, 42.3604]], [[-120.625049, 48.256934], [-120.530371, 48.162402], [-120.204785, 47.961816], [-120.172168, 47.913965], [-120.118408, 47.880469], [-120.049609, 47.856885], [-120.010645, 47.851611], [-120.068848, 47.883887], [-120.162793, 47.958301], [-120.534717, 48.203711], [-120.628271, 48.279395], [-120.625049, 48.256934]], [[-123.715576, 56.014941], [-123.428906, 55.985205], [-123.139111, 55.973633], [-123.011572, 56.040283], [-122.924609, 56.057666], [-122.818555, 56.061182], [-122.60293, 56.089551], [-122.501514, 56.08374], [-122.434863, 56.054785], [-122.34502, 56.028711], [-122.221729, 56.02124], [-122.223291, 56.057666], [-122.263916, 56.083789], [-122.42251, 56.127783], [-122.565967, 56.158008], [-122.637744, 56.159082], [-122.756543, 56.138818], [-122.970996, 56.115625], [-123.091162, 56.075684], [-123.117822, 56.047607], [-123.237598, 56.028711], [-123.788232, 56.072168], [-123.969531, 56.060596], [-124.038281, 56.099902], [-124.072656, 56.153564], [-124.052783, 56.222607], [-124.073486, 56.254785], [-124.141553, 56.236572], [-124.193555, 56.23999], [-124.248926, 56.263232], [-124.359033, 56.34541], [-124.397266, 56.400781], [-124.459033, 56.471436], [-124.660547, 56.657568], [-124.759082, 56.741602], [-124.835645, 56.756934], [-124.834424, 56.712646], [-124.480908, 56.361475], [-124.34541, 56.20957], [-124.238086, 56.146191], [-124.15752, 56.087061], [-124.165771, 56.067334], [-124.214551, 56.052832], [-124.353955, 56.081055], [-124.481543, 56.115332], [-124.507617, 56.114453], [-124.384961, 56.063574], [-124.209717, 56.013721], [-124.100049, 56.013916], [-124.03291, 56.000488], [-124.026611, 55.97168], [-124.048828, 55.922314], [-124.039941, 55.912695], [-123.995605, 55.893164], [-123.921191, 55.828516], [-123.88335, 55.813184], [-123.809229, 55.793652], [-123.638184, 55.683789], [-123.505957, 55.613135], [-123.414746, 55.534033], [-123.325293, 55.433984], [-123.171924, 55.19873], [-123.144043, 55.176221], [-123.169434, 55.290527], [-123.172656, 55.329785], [-123.169141, 55.392627], [-123.177246, 55.402246], [-123.232422, 55.425342], [-123.387061, 55.572217], [-123.448682, 55.622949], [-123.657178, 55.75166], [-123.71499, 55.847852], [-123.759717, 55.862695], [-123.773584, 55.886816], [-123.789502, 55.94209], [-123.781689, 55.995215], [-123.715576, 56.014941]], [[-157.019336, 57.512402], [-156.926709, 57.473047], [-156.834277, 57.443408], [-156.796045, 57.46377], [-156.768018, 57.506641], [-156.78252, 57.53291], [-156.77749, 57.565967], [-156.604443, 57.695752], [-156.548291, 57.766064], [-156.589844, 57.785059], [-156.683447, 57.755225], [-156.716064, 57.725488], [-156.83667, 57.65332], [-156.841504, 57.610547], [-156.892578, 57.579639], [-157.006445, 57.565674], [-157.043799, 57.547852], [-157.019336, 57.512402]], [[-156.159229, 57.63335], [-156.130469, 57.639502], [-156.04043, 57.705273], [-155.993066, 57.763477], [-155.99585, 57.793408], [-156.021338, 57.812256], [-156.02124, 57.837402], [-155.96084, 57.870166], [-155.975781, 57.90918], [-156.279004, 58.006494], [-156.637744, 58.085791], [-156.816602, 58.067188], [-156.883594, 57.999072], [-156.831689, 57.931396], [-156.677539, 57.888086], [-156.604688, 57.879443], [-156.160596, 57.797168], [-156.114844, 57.748877], [-156.1271, 57.688867], [-156.159229, 57.63335]], [[-155.748047, 58.554639], [-155.653271, 58.51958], [-155.519678, 58.514502], [-155.472998, 58.530469], [-155.496289, 58.547754], [-155.646484, 58.576465], [-155.654834, 58.601562], [-155.453418, 58.636865], [-155.434521, 58.660498], [-155.559863, 58.662891], [-155.837695, 58.68335], [-156.006348, 58.688037], [-156.152832, 58.729297], [-156.196582, 58.723975], [-156.198145, 58.711816], [-156.343457, 58.708984], [-156.408691, 58.690674], [-156.380029, 58.664551], [-156.323047, 58.629297], [-156.161768, 58.60459], [-155.84082, 58.597363], [-155.748047, 58.554639]], [[-158.945361, 59.314355], [-159.058398, 59.336963], [-158.998193, 59.29248], [-158.95874, 59.24624], [-158.941064, 59.180127], [-158.912744, 59.163721], [-158.875098, 59.16626], [-158.862549, 59.201416], [-158.865039, 59.221484], [-158.877588, 59.251611], [-158.945361, 59.314355]], [[-158.805371, 59.444727], [-158.582324, 59.424609], [-158.604834, 59.44292], [-158.662646, 59.465137], [-158.803564, 59.491016], [-158.834912, 59.517725], [-158.824902, 59.542822], [-158.707861, 59.564111], [-158.646631, 59.595557], [-158.794043, 59.603027], [-158.94458, 59.58584], [-159.093506, 59.653271], [-159.132617, 59.651074], [-159.046289, 59.547119], [-158.991748, 59.515869], [-158.868701, 59.481006], [-158.805371, 59.444727]], [[-154.583008, 59.47373], [-154.578564, 59.502783], [-154.555176, 59.548145], [-154.562891, 59.592187], [-154.533838, 59.62793], [-154.371338, 59.66543], [-154.230273, 59.686914], [-154.10874, 59.717627], [-153.971289, 59.769336], [-154.074219, 59.779639], [-154.189502, 59.780713], [-154.328174, 59.791406], [-154.992725, 59.70542], [-155.259814, 59.661914], [-155.845703, 59.537598], [-155.913721, 59.456494], [-155.881348, 59.376855], [-155.743359, 59.334521], [-154.907422, 59.431934], [-154.685498, 59.442773], [-154.613525, 59.451465], [-154.583008, 59.47373]], [[-159.091846, 59.899951], [-158.971387, 59.896387], [-158.82627, 59.910986], [-158.534961, 59.961035], [-158.256543, 59.934521], [-158.222705, 59.942773], [-158.241748, 59.962549], [-158.306738, 59.97998], [-158.423242, 59.983398], [-158.486279, 60.012354], [-158.541846, 60.015625], [-158.759277, 59.980029], [-158.999951, 59.947656], [-159.131787, 59.950977], [-159.107568, 59.913477], [-159.091846, 59.899951]], [[-132.834229, 60.134961], [-132.610107, 60.05], [-132.39917, 59.921777], [-132.316113, 59.834912], [-132.213477, 59.688281], [-132.159131, 59.625537], [-132.124756, 59.603809], [-132.09541, 59.607129], [-132.088867, 59.64375], [-132.123242, 59.693994], [-132.202344, 59.769873], [-132.214453, 59.815576], [-132.22998, 59.84873], [-132.323193, 59.95083], [-132.363623, 59.985889], [-132.521729, 60.098242], [-132.589307, 60.122559], [-132.701807, 60.153418], [-132.797803, 60.192285], [-132.979834, 60.297363], [-133.137842, 60.427393], [-133.244824, 60.448535], [-133.187256, 60.381787], [-133.011963, 60.250928], [-132.957861, 60.200684], [-132.834229, 60.134961]], [[-150.830957, 60.127783], [-150.716016, 60.051807], [-150.681445, 60.047803], [-150.653662, 60.121436], [-150.894336, 60.27207], [-151.0646, 60.304785], [-151.149316, 60.253125], [-151.16582, 60.226562], [-151.059668, 60.218066], [-151.021484, 60.205615], [-150.937012, 60.167578], [-150.830957, 60.127783]], [[-158.777637, 60.22998], [-158.87417, 60.263867], [-158.85332, 60.283301], [-159.05752, 60.241846], [-159.132471, 60.220117], [-159.158594, 60.195557], [-159.083203, 60.211621], [-158.780762, 60.189746], [-158.773975, 60.20083], [-158.777637, 60.22998]], [[-154.720215, 60.040088], [-154.259912, 60.229541], [-154.055762, 60.301172], [-153.659277, 60.403613], [-153.626563, 60.436279], [-153.688721, 60.430615], [-154.088818, 60.339941], [-154.311816, 60.278662], [-154.472998, 60.222412], [-154.541455, 60.188867], [-154.572852, 60.182568], [-154.641602, 60.143262], [-154.752148, 60.069629], [-154.720215, 60.040088]], [[-163.795215, 60.210791], [-163.77041, 60.166797], [-163.629199, 60.214062], [-163.556641, 60.27002], [-163.576562, 60.341943], [-163.529053, 60.392725], [-163.467969, 60.413574], [-163.499023, 60.424854], [-163.720898, 60.439307], [-163.733984, 60.431152], [-163.796875, 60.416309], [-163.852246, 60.43335], [-163.866211, 60.430273], [-163.893457, 60.407666], [-163.938525, 60.388965], [-163.881055, 60.368994], [-163.849561, 60.351318], [-163.90127, 60.332861], [-164.053564, 60.29458], [-164.041797, 60.275098], [-163.793018, 60.298242], [-163.774512, 60.286084], [-163.795215, 60.210791]], [[-121.566406, 60.463525], [-121.585986, 60.437891], [-121.496533, 60.458594], [-121.456152, 60.442773], [-121.428809, 60.41416], [-121.407813, 60.399658], [-121.35498, 60.408301], [-121.255811, 60.447559], [-121.148682, 60.513428], [-121.091309, 60.591553], [-121.108252, 60.664551], [-121.17627, 60.722363], [-121.275879, 60.761865], [-121.336084, 60.770605], [-121.313965, 60.700488], [-121.300635, 60.623242], [-121.315527, 60.58833], [-121.484375, 60.517432], [-121.566406, 60.463525]], [[-162.714014, 60.842041], [-162.754785, 60.832471], [-162.768408, 60.81792], [-162.749805, 60.801465], [-162.665967, 60.776758], [-162.57251, 60.759814], [-162.527393, 60.762695], [-162.502344, 60.772461], [-162.508105, 60.794629], [-162.572559, 60.825781], [-162.655176, 60.842627], [-162.714014, 60.842041]], [[-162.39668, 60.95], [-162.395947, 60.898779], [-162.370313, 60.82998], [-162.275, 60.821191], [-162.241943, 60.826953], [-162.204053, 60.852832], [-162.264795, 60.889893], [-162.29707, 60.918018], [-162.307422, 60.950977], [-162.362158, 60.98999], [-162.39668, 60.95]], [[-163.002197, 61.109473], [-163.030566, 61.083154], [-162.838184, 61.040625], [-162.712598, 61.077051], [-162.801221, 61.080908], [-163.002197, 61.109473]], [[-163.935937, 61.145215], [-163.896582, 61.114648], [-163.858252, 61.077295], [-163.842432, 61.055127], [-163.81582, 61.055029], [-163.781445, 61.106348], [-163.783398, 61.129248], [-163.7979, 61.144043], [-163.628223, 61.197559], [-163.546973, 61.231299], [-163.826221, 61.217285], [-163.888721, 61.195703], [-163.931104, 61.169092], [-163.935937, 61.145215]], [[-160.088672, 61.340039], [-160.002197, 61.350488], [-159.933936, 61.366895], [-159.970508, 61.402051], [-160.037988, 61.421729], [-160.102686, 61.40625], [-160.130811, 61.358447], [-160.088672, 61.340039]], [[-137.011768, 61.23457], [-137.000098, 61.2271], [-136.988623, 61.2354], [-136.99165, 61.272656], [-137.042041, 61.310352], [-137.075439, 61.386084], [-137.095752, 61.456934], [-137.147607, 61.503418], [-137.262695, 61.576953], [-137.330811, 61.611572], [-137.441699, 61.651953], [-137.521826, 61.635791], [-137.331738, 61.541992], [-137.168018, 61.449902], [-137.082861, 61.292285], [-137.03291, 61.262061], [-137.011768, 61.23457]], [[-163.78291, 61.602441], [-163.930957, 61.648389], [-163.973437, 61.645264], [-163.959033, 61.618652], [-163.874756, 61.578027], [-163.729346, 61.522656], [-163.698975, 61.472021], [-163.638184, 61.518604], [-163.706152, 61.561914], [-163.78291, 61.602441]], [[-146.684082, 62.504492], [-146.703223, 62.44458], [-146.703906, 62.41084], [-146.653076, 62.361523], [-146.564258, 62.292969], [-146.515283, 62.281836], [-146.47793, 62.312256], [-146.473047, 62.33208], [-146.540186, 62.363086], [-146.609961, 62.413965], [-146.660791, 62.507861], [-146.684082, 62.504492]], [[-163.409863, 62.679004], [-163.455713, 62.710156], [-163.618945, 62.675342], [-163.582227, 62.600146], [-163.523535, 62.574463], [-163.500293, 62.652393], [-163.459131, 62.670996], [-163.409863, 62.679004]], [[-165.898486, 65.165283], [-165.887695, 65.137744], [-165.792285, 65.09126], [-165.708447, 65.080371], [-165.597021, 65.09707], [-165.481738, 65.134131], [-165.402832, 65.170557], [-165.375781, 65.193262], [-165.381885, 65.205225], [-165.454639, 65.196289], [-165.65459, 65.188086], [-165.819824, 65.190527], [-165.898486, 65.165283]], [[-117.673242, 66.300049], [-117.674414, 66.336084], [-117.632031, 66.365527], [-117.612744, 66.38457], [-117.550098, 66.424219], [-117.514404, 66.460254], [-117.54209, 66.482812], [-117.84248, 66.423682], [-117.862061, 66.438232], [-117.864453, 66.460791], [-117.841211, 66.487012], [-117.733789, 66.551025], [-117.690967, 66.595801], [-117.69873, 66.621338], [-117.683203, 66.641846], [-117.696484, 66.658447], [-117.726172, 66.659473], [-117.837744, 66.638867], [-118.004102, 66.601318], [-118.191699, 66.515381], [-118.246875, 66.460303], [-118.337256, 66.398584], [-118.604834, 66.347803], [-118.755762, 66.331299], [-119.104785, 66.326172], [-119.489453, 66.338086], [-119.521191, 66.316406], [-119.59248, 66.307373], [-119.722363, 66.311377], [-119.767529, 66.327393], [-119.961963, 66.355518], [-120.016455, 66.380127], [-120.230322, 66.391504], [-120.445361, 66.395117], [-120.477881, 66.421826], [-120.411084, 66.455859], [-120.325098, 66.470166], [-120.313721, 66.492871], [-120.340039, 66.527002], [-120.330273, 66.537305], [-120.208887, 66.56792], [-120.129541, 66.600439], [-120.094873, 66.633984], [-120.084473, 66.654102], [-119.992725, 66.661865], [-119.762061, 66.696484], [-119.567871, 66.745752], [-119.252441, 66.829053], [-119.096973, 66.909131], [-119.211279, 66.933154], [-119.443311, 66.965967], [-119.670605, 66.992236], [-119.755273, 66.990381], [-119.785059, 67.004297], [-119.877539, 67.029443], [-120.102686, 67.001025], [-120.223437, 66.977783], [-120.592578, 66.929688], [-120.692139, 66.906885], [-121.233398, 66.832471], [-121.454785, 66.739795], [-121.52832, 66.719141], [-121.60625, 66.708838], [-121.98042, 66.636182], [-122.344287, 66.583496], [-122.411426, 66.598633], [-122.522607, 66.599414], [-122.52876, 66.560059], [-122.844385, 66.53291], [-122.987061, 66.494531], [-123.088184, 66.473389], [-123.143359, 66.482812], [-123.146387, 66.511426], [-123.176807, 66.516943], [-123.55957, 66.42749], [-124.404443, 66.309033], [-124.525195, 66.276172], [-124.590039, 66.273877], [-124.80625, 66.279541], [-125.062842, 66.247754], [-125.090479, 66.157275], [-125.020361, 66.057178], [-124.962939, 66.010156], [-124.897998, 65.966162], [-124.816748, 65.94126], [-124.785156, 65.995117], [-124.732129, 66.039795], [-124.676465, 66.025049], [-124.642383, 66.006689], [-124.590137, 66.015674], [-124.573779, 66.055664], [-124.590186, 66.109619], [-124.499365, 66.153076], [-124.26084, 66.157324], [-124.050732, 66.130225], [-123.769531, 66.125488], [-123.568652, 66.139209], [-123.396191, 66.135352], [-123.197803, 66.103662], [-123.154102, 66.064063], [-123.116113, 66.053711], [-123.098145, 66.072803], [-123.091943, 66.100146], [-123.039893, 66.126025], [-122.992627, 66.172949], [-123.019824, 66.220752], [-123.015674, 66.255225], [-122.436182, 66.25127], [-122.110352, 66.234277], [-121.695264, 66.178223], [-121.532666, 66.122314], [-121.278223, 66.092041], [-121.24917, 66.054199], [-121.293408, 66.001367], [-121.474951, 65.956934], [-121.771973, 65.948145], [-122.387451, 66.007031], [-122.548828, 65.986182], [-122.530762, 65.943652], [-122.163574, 65.81748], [-122.205811, 65.752588], [-122.374121, 65.656592], [-122.588721, 65.588135], [-122.785693, 65.531396], [-122.887305, 65.487012], [-122.769238, 65.408545], [-122.766553, 65.34248], [-122.852588, 65.278125], [-123.188037, 65.216309], [-123.344385, 65.2], [-123.443945, 65.18457], [-123.471973, 65.151758], [-123.445898, 65.116064], [-123.37085, 65.114014], [-122.89126, 65.068213], [-122.557666, 65.023193], [-122.039941, 64.961328], [-121.769971, 65.037354], [-121.727051, 65.060547], [-121.663086, 65.073535], [-121.615186, 65.093213], [-121.605664, 65.228711], [-121.545947, 65.342334], [-121.547949, 65.363818], [-121.367529, 65.434717], [-121.181787, 65.49585], [-120.977832, 65.552832], [-120.663477, 65.605176], [-120.465576, 65.584814], [-120.38335, 65.557178], [-120.367725, 65.508838], [-120.405811, 65.411377], [-120.550439, 65.289355], [-120.991113, 65.08208], [-121.002832, 65.038281], [-121.088916, 65.004004], [-121.21377, 64.992822], [-121.319531, 64.973975], [-121.397412, 64.968604], [-121.480029, 64.933447], [-121.471484, 64.879492], [-121.366797, 64.833594], [-121.230127, 64.826514], [-121.13252, 64.861426], [-121.072656, 64.899561], [-120.952246, 64.9354], [-120.861426, 64.955908], [-120.466064, 65.072656], [-120.159131, 65.175684], [-120.095117, 65.203223], [-119.88501, 65.324854], [-119.716553, 65.342334], [-119.556445, 65.344287], [-119.508594, 65.367578], [-119.540527, 65.407861], [-119.762402, 65.49292], [-119.987842, 65.586182], [-119.973828, 65.617236], [-119.891602, 65.641309], [-119.697949, 65.713623], [-119.704785, 65.751514], [-119.619141, 65.782324], [-119.504297, 65.792578], [-119.276221, 65.795996], [-118.943652, 65.784033], [-118.834424, 65.754883], [-118.714648, 65.69375], [-118.568945, 65.643945], [-118.453369, 65.68335], [-118.386523, 65.679834], [-118.378662, 65.663721], [-118.264355, 65.669531], [-118.033594, 65.693213], [-117.943311, 65.722656], [-117.902686, 65.763525], [-117.900928, 65.800049], [-117.846289, 65.840186], [-117.874316, 65.847021], [-118.063867, 65.830957], [-118.156982, 65.831396], [-118.20918, 65.856348], [-118.199072, 65.905225], [-118.133594, 65.962158], [-118.116016, 66.01084], [-118.072559, 66.035938], [-117.924023, 66.043604], [-117.907178, 66.066504], [-117.970947, 66.08374], [-117.986621, 66.105371], [-117.923096, 66.138525], [-117.87207, 66.149707], [-117.78125, 66.207129], [-117.727832, 66.226025], [-117.679932, 66.253223], [-117.673242, 66.300049]], [[-159.922461, 66.535059], [-160.115088, 66.543604], [-160.134375, 66.519531], [-159.991992, 66.469287], [-159.945459, 66.441748], [-159.801074, 66.430225], [-159.662646, 66.43291], [-159.665479, 66.473535], [-159.728809, 66.512061], [-159.922461, 66.535059]], [[-126.183496, 66.882617], [-126.149072, 66.90874], [-126.128662, 66.94082], [-126.158398, 66.978613], [-126.217773, 67.00957], [-126.290039, 67.020557], [-126.356152, 67.011182], [-126.399219, 66.98291], [-126.414404, 66.938086], [-126.408301, 66.857178], [-126.368994, 66.784277], [-126.314063, 66.7604], [-126.274658, 66.754297], [-126.189355, 66.795605], [-126.177295, 66.816943], [-126.190576, 66.854639], [-126.183496, 66.882617]], [[-126.221631, 67.085156], [-126.165723, 67.064893], [-126.061377, 67.059326], [-125.918457, 67.079297], [-125.828418, 67.123779], [-125.755713, 67.237646], [-125.729541, 67.297217], [-125.75127, 67.313086], [-126.235156, 67.215234], [-126.241357, 67.199121], [-126.191211, 67.169434], [-126.184375, 67.137549], [-126.195898, 67.115088], [-126.223975, 67.104443], [-126.221631, 67.085156]], [[-126.612598, 67.52207], [-126.583594, 67.470801], [-126.547705, 67.442236], [-126.494727, 67.26333], [-126.419141, 67.256055], [-126.206445, 67.303711], [-126.191406, 67.330176], [-126.208496, 67.358008], [-126.208496, 67.381982], [-126.198096, 67.402832], [-126.205273, 67.419482], [-126.230615, 67.433789], [-126.297949, 67.444189], [-126.398389, 67.487646], [-126.493652, 67.552246], [-126.613623, 67.57832], [-126.73042, 67.572998], [-126.762451, 67.560205], [-126.691455, 67.53457], [-126.612598, 67.52207]], [[-119.690527, 68.754736], [-119.719678, 68.746191], [-119.743994, 68.718994], [-119.786475, 68.683936], [-119.825488, 68.660986], [-119.809375, 68.641553], [-119.806055, 68.619043], [-119.874658, 68.558496], [-119.835498, 68.484277], [-119.833105, 68.42124], [-119.847754, 68.253711], [-119.816553, 68.245654], [-119.733838, 68.255371], [-119.525488, 68.331738], [-119.511377, 68.361475], [-119.590088, 68.396338], [-119.641846, 68.4396], [-119.649561, 68.470996], [-119.620898, 68.531689], [-119.594531, 68.574463], [-119.551953, 68.594189], [-119.486621, 68.59502], [-119.469775, 68.608252], [-119.485645, 68.632617], [-119.525879, 68.65835], [-119.572461, 68.672021], [-119.612891, 68.697607], [-119.625488, 68.715039], [-119.662939, 68.744238], [-119.665039, 68.754004], [-119.690527, 68.754736]], [[-154.173975, 70.63374], [-154.100586, 70.598389], [-154.019434, 70.543066], [-153.92583, 70.512305], [-153.793506, 70.487109], [-153.718994, 70.494189], [-153.655518, 70.479785], [-153.274756, 70.518262], [-152.939844, 70.568604], [-153.014453, 70.603467], [-153.611426, 70.736768], [-153.811523, 70.724756], [-153.938184, 70.697656], [-153.975488, 70.679492], [-154.035449, 70.684424], [-154.16123, 70.677979], [-154.257178, 70.660547], [-154.237061, 70.63877], [-154.173975, 70.63374]], [[-116.010449, 33.521924], [-116.053467, 33.5021], [-116.061719, 33.432617], [-115.911328, 33.302539], [-115.788867, 33.146582], [-115.6979, 33.138281], [-115.616064, 33.222607], [-115.611621, 33.274463], [-115.659961, 33.320801], [-115.883936, 33.45166], [-115.948437, 33.519434], [-116.010449, 33.521924]], [[-114.188623, 34.318018], [-114.163525, 34.253369], [-114.134082, 34.24165], [-114.081689, 34.318018], [-114.221387, 34.420654], [-114.327051, 34.477734], [-114.376904, 34.539697], [-114.404785, 34.488281], [-114.358936, 34.438086], [-114.188623, 34.318018]], [[-114.1104, 36.032031], [-114.039014, 36.163477], [-113.988574, 36.164746], [-113.89458, 36.079297], [-113.794531, 36.009521], [-113.670361, 35.842676], [-113.635693, 35.830859], [-113.632861, 35.859473], [-113.698828, 35.957764], [-113.77749, 36.048145], [-113.85791, 36.115576], [-113.996338, 36.243652], [-114.029883, 36.244678], [-114.097217, 36.151562], [-114.159326, 36.076807], [-114.225879, 36.049707], [-114.295117, 36.1104], [-114.370312, 36.209229], [-114.35874, 36.334619], [-114.33457, 36.443848], [-114.336426, 36.519238], [-114.363672, 36.514502], [-114.386816, 36.482715], [-114.431543, 36.237158], [-114.511963, 36.193896], [-114.653369, 36.154248], [-114.816162, 36.121484], [-114.811914, 36.074561], [-114.768555, 36.019873], [-114.741357, 36.013525], [-114.714209, 36.02373], [-114.640381, 36.106006], [-114.503857, 36.106152], [-114.450879, 36.079297], [-114.372705, 36.100098], [-114.321143, 36.076465], [-114.294043, 36.029883], [-114.208447, 36.005664], [-114.1104, 36.032031]], [[-110.835645, 37.224609], [-110.775732, 37.310254], [-110.696631, 37.392969], [-110.673486, 37.450195], [-110.560937, 37.582373], [-110.433398, 37.711084], [-110.405859, 37.810156], [-110.366406, 37.871143], [-110.367578, 37.8979], [-110.40376, 37.90625], [-110.435205, 37.871387], [-110.447119, 37.768604], [-110.515332, 37.672559], [-110.554883, 37.630859], [-110.596191, 37.592285], [-110.681445, 37.530859], [-110.733496, 37.535156], [-110.75542, 37.525732], [-110.73623, 37.430664], [-110.798877, 37.351953], [-110.858447, 37.334717], [-110.887109, 37.263574], [-110.962598, 37.150781], [-111.072607, 37.138525], [-111.16333, 37.164941], [-111.183105, 37.135742], [-111.21084, 37.11875], [-111.255859, 37.146289], [-111.339209, 37.062207], [-111.385596, 37.05459], [-111.438574, 37.058984], [-111.530078, 37.029248], [-111.473438, 36.932129], [-111.455469, 36.918506], [-111.381836, 36.976953], [-111.306982, 37.015723], [-111.188525, 37.0229], [-111.112109, 37.07627], [-110.995557, 37.114307], [-110.791797, 37.169971], [-110.676221, 37.175049], [-110.649854, 37.208301], [-110.792236, 37.193164], [-110.835645, 37.224609]], [[-111.914355, 40.176221], [-111.899463, 40.154199], [-111.890479, 40.117041], [-111.894434, 40.081396], [-111.891895, 40.063672], [-111.867236, 40.070361], [-111.848242, 40.095166], [-111.826758, 40.158008], [-111.689502, 40.205957], [-111.680078, 40.225391], [-111.700586, 40.237744], [-111.763184, 40.337354], [-111.792822, 40.368848], [-111.881299, 40.3771], [-111.860156, 40.322607], [-111.852344, 40.252295], [-111.914355, 40.176221]], [[-112.33208, 40.698877], [-112.266699, 40.740234], [-112.189941, 40.768994], [-112.09707, 40.880859], [-111.960596, 40.941504], [-111.951123, 40.968018], [-111.973877, 41.002148], [-112.082861, 41.06499], [-112.284277, 41.26792], [-112.303613, 41.282617], [-112.286572, 41.316699], [-112.269531, 41.331885], [-112.241113, 41.345166], [-112.114111, 41.335645], [-112.076221, 41.347021], [-112.062988, 41.388477], [-112.064453, 41.399902], [-112.09165, 41.408105], [-112.170898, 41.39668], [-112.242969, 41.392529], [-112.290332, 41.40957], [-112.329687, 41.442773], [-112.373535, 41.457227], [-112.389941, 41.447314], [-112.402197, 41.432324], [-112.388477, 41.385254], [-112.366162, 41.248486], [-112.390039, 41.222607], [-112.405811, 41.217236], [-112.437109, 41.218799], [-112.45791, 41.24668], [-112.489014, 41.308594], [-112.527246, 41.420947], [-112.553809, 41.430469], [-112.603955, 41.431494], [-112.666016, 41.465674], [-112.70752, 41.496143], [-112.737646, 41.536572], [-112.733838, 41.563086], [-112.707324, 41.60293], [-112.718701, 41.637012], [-112.741992, 41.659082], [-112.8, 41.666992], [-112.908643, 41.637109], [-112.966211, 41.614307], [-112.99917, 41.612354], [-113.014355, 41.597217], [-113.006787, 41.58208], [-112.996729, 41.576172], [-112.997168, 41.489258], [-112.984961, 41.427295], [-112.961279, 41.377393], [-112.881299, 41.288916], [-112.84624, 41.26084], [-112.81377, 41.22373], [-112.787744, 41.173535], [-112.750684, 41.058643], [-112.728418, 41.018994], [-112.631982, 40.927344], [-112.580322, 40.848633], [-112.54624, 40.83916], [-112.521582, 40.878467], [-112.508301, 40.91875], [-112.493164, 40.937695], [-112.478027, 40.943359], [-112.445801, 40.875146], [-112.435742, 40.815576], [-112.394385, 40.757129], [-112.369971, 40.700781], [-112.33208, 40.698877]], [[-111.393408, 42.130811], [-111.407373, 41.987598], [-111.394141, 41.937402], [-111.3729, 41.883154], [-111.34873, 41.871436], [-111.326562, 41.889209], [-111.307715, 41.949121], [-111.282471, 42.05874], [-111.285352, 42.10918], [-111.312744, 42.148096], [-111.344434, 42.152393], [-111.393408, 42.130811]], [[-119.163135, 43.18418], [-119.081299, 43.160205], [-119.023389, 43.197412], [-119.005225, 43.23877], [-119.019287, 43.258594], [-119.13252, 43.308203], [-119.183252, 43.281885], [-119.205371, 43.255566], [-119.195117, 43.229346], [-119.163135, 43.18418]], [[-118.947607, 43.393945], [-118.9354, 43.353662], [-118.90332, 43.303223], [-118.864111, 43.263281], [-118.820947, 43.240186], [-118.766064, 43.258252], [-118.720605, 43.290674], [-118.679785, 43.290234], [-118.643115, 43.280762], [-118.623145, 43.281836], [-118.612451, 43.298145], [-118.663965, 43.405078], [-118.791113, 43.425488], [-118.928711, 43.414062], [-118.947607, 43.393945]], [[-110.426074, 44.446729], [-110.389697, 44.424707], [-110.394434, 44.391406], [-110.341211, 44.382812], [-110.327979, 44.356348], [-110.291602, 44.336475], [-110.272852, 44.318848], [-110.2354, 44.322168], [-110.199023, 44.3354], [-110.202295, 44.390527], [-110.264062, 44.446729], [-110.271777, 44.54375], [-110.326855, 44.566895], [-110.380908, 44.555908], [-110.417578, 44.503076], [-110.450342, 44.479834], [-110.528613, 44.470996], [-110.555078, 44.446729], [-110.530811, 44.413672], [-110.488525, 44.436572], [-110.426074, 44.446729]], [[-106.384375, 47.8479], [-106.335889, 47.784863], [-106.251318, 47.643994], [-106.251562, 47.599609], [-106.268555, 47.548145], [-106.25127, 47.55], [-106.217187, 47.585449], [-106.216699, 47.628369], [-106.240967, 47.738965], [-106.267285, 47.793457], [-106.25332, 47.814746], [-106.344727, 47.878809], [-106.35791, 47.925244], [-106.331201, 47.949561], [-106.325244, 47.985059], [-106.366406, 48.014697], [-106.432812, 48.027148], [-106.589941, 47.958154], [-106.574463, 47.936328], [-106.56582, 47.907471], [-106.596191, 47.859521], [-106.708789, 47.82207], [-106.769238, 47.788281], [-106.880518, 47.777881], [-106.933105, 47.763867], [-106.938232, 47.746338], [-106.929541, 47.725], [-106.989795, 47.716357], [-107.120654, 47.725], [-107.294531, 47.721533], [-107.335791, 47.727979], [-107.380176, 47.715771], [-107.421826, 47.67998], [-107.455078, 47.662402], [-107.713818, 47.687598], [-107.687891, 47.671387], [-107.68501, 47.646191], [-107.712109, 47.613184], [-107.841211, 47.526123], [-107.889404, 47.537695], [-107.930957, 47.587646], [-107.959375, 47.601416], [-108.045215, 47.613965], [-108.172656, 47.613086], [-108.196338, 47.601611], [-108.170068, 47.583789], [-108.044385, 47.580371], [-107.982422, 47.569189], [-107.948828, 47.557959], [-107.929883, 47.54248], [-107.916113, 47.508887], [-107.909131, 47.471094], [-107.923779, 47.407031], [-107.911377, 47.39043], [-107.846143, 47.467773], [-107.718945, 47.563135], [-107.612207, 47.623389], [-107.507178, 47.624268], [-107.428857, 47.634619], [-107.385791, 47.653564], [-107.332715, 47.684619], [-107.306152, 47.684961], [-107.182617, 47.684521], [-107.02959, 47.665674], [-107.01543, 47.644873], [-106.992676, 47.643896], [-106.944043, 47.666748], [-106.905664, 47.671826], [-106.8625, 47.631299], [-106.849658, 47.649414], [-106.837793, 47.693555], [-106.81333, 47.715527], [-106.599316, 47.752539], [-106.555811, 47.749512], [-106.550195, 47.78501], [-106.520508, 47.827832], [-106.453955, 47.879199], [-106.419824, 47.87583], [-106.384375, 47.8479]], [[-114.056396, 47.711035], [-114.00459, 47.784912], [-114.024365, 47.934229], [-114.046484, 48.015332], [-114.133594, 48.091357], [-114.193115, 48.069336], [-114.198584, 48.039551], [-114.180176, 48.022119], [-114.155615, 47.932617], [-114.194189, 47.890723], [-114.254004, 47.857861], [-114.249609, 47.836621], [-114.1479, 47.812451], [-114.12583, 47.783789], [-114.163281, 47.739844], [-114.150098, 47.714355], [-114.118115, 47.717676], [-114.056396, 47.711035]], [[-116.553271, 47.970703], [-116.529102, 47.964209], [-116.488916, 47.969531], [-116.456006, 47.984131], [-116.445996, 48.025732], [-116.440918, 48.075049], [-116.409766, 48.106982], [-116.305615, 48.138525], [-116.2146, 48.159912], [-116.234863, 48.183105], [-116.361865, 48.283691], [-116.433301, 48.301855], [-116.499365, 48.301465], [-116.530078, 48.284229], [-116.569482, 48.249756], [-116.525391, 48.242188], [-116.468945, 48.263281], [-116.400439, 48.247266], [-116.380762, 48.22876], [-116.374121, 48.208252], [-116.45752, 48.168213], [-116.497998, 48.114746], [-116.540869, 47.994531], [-116.553271, 47.970703]], [[-118.12793, 49.75166], [-118.155664, 49.601367], [-118.139453, 49.521289], [-118.095947, 49.450488], [-118.062646, 49.411816], [-117.956787, 49.335742], [-117.907129, 49.341602], [-117.911328, 49.374609], [-117.97583, 49.406006], [-118.047803, 49.456689], [-118.0875, 49.515088], [-118.10874, 49.583154], [-118.084131, 49.773975], [-118.09248, 49.801514], [-118.12793, 49.75166]], [[-118.498633, 52.069287], [-118.44834, 52.060156], [-118.392285, 52.069287], [-118.366211, 52.08999], [-118.218018, 52.129395], [-118.180469, 52.178076], [-118.286621, 52.158545], [-118.402441, 52.172363], [-118.565088, 52.302783], [-118.677441, 52.411279], [-119.058057, 52.727441], [-119.127637, 52.738574], [-118.890234, 52.548779], [-118.750537, 52.404102], [-118.641699, 52.331885], [-118.551318, 52.24126], [-118.526611, 52.1021], [-118.498633, 52.069287]], [[-105.569678, 54.327441], [-105.553076, 54.39043], [-105.567627, 54.459473], [-105.643018, 54.488477], [-105.683154, 54.508984], [-105.714062, 54.49248], [-105.727832, 54.41416], [-105.8125, 54.234082], [-105.804834, 54.077832], [-105.755371, 54.055127], [-105.714062, 54.086035], [-105.706738, 54.149805], [-105.672559, 54.222314], [-105.635596, 54.268311], [-105.569678, 54.327441]], [[-107.805762, 55.552539], [-107.85, 55.52793], [-107.985205, 55.574658], [-108.035742, 55.554199], [-108.044189, 55.508252], [-107.998926, 55.471094], [-107.963135, 55.419629], [-107.843066, 55.303467], [-107.788574, 55.210889], [-107.768896, 55.267383], [-107.791846, 55.366943], [-107.740381, 55.40835], [-107.739893, 55.479541], [-107.705957, 55.582422], [-107.665674, 55.744238], [-107.736963, 55.921191], [-107.766455, 55.894141], [-107.768896, 55.69751], [-107.80498, 55.664648], [-107.857373, 55.660645], [-107.850684, 55.618066], [-107.805762, 55.552539]], [[-106.359131, 55.69082], [-106.330176, 55.739795], [-106.343555, 55.759863], [-106.440918, 55.728125], [-106.539209, 55.688818], [-106.550732, 55.667627], [-106.523682, 55.65708], [-106.514062, 55.639209], [-106.472168, 55.630908], [-106.341309, 55.661914], [-106.359131, 55.69082]], [[-106.973291, 55.815039], [-106.983936, 55.83208], [-106.88042, 55.90835], [-106.896777, 55.927393], [-106.947217, 55.920801], [-107.011035, 55.890137], [-107.058887, 55.855078], [-107.062549, 55.82002], [-107.009424, 55.805566], [-106.973291, 55.815039]], [[-108.870068, 56.747656], [-108.858984, 56.708789], [-108.786572, 56.690088], [-108.735596, 56.667725], [-108.721436, 56.610547], [-108.71499, 56.521338], [-108.691992, 56.489697], [-108.634277, 56.487744], [-108.561182, 56.509668], [-108.530273, 56.47876], [-108.539355, 56.366162], [-108.488721, 56.328906], [-108.376367, 56.28501], [-108.344531, 56.283545], [-108.314551, 56.290332], [-108.268457, 56.244385], [-108.272803, 56.190625], [-108.351953, 56.155957], [-108.432715, 56.10415], [-108.466846, 56.03291], [-108.466992, 55.93584], [-108.519629, 55.878857], [-108.599512, 55.848242], [-108.671484, 55.97876], [-108.874756, 56.079541], [-109.086426, 56.12207], [-109.137109, 56.108105], [-109.157861, 56.068018], [-109.100195, 55.980811], [-109.033594, 55.930078], [-108.918018, 55.933105], [-108.759131, 55.903223], [-108.716309, 55.841602], [-108.688135, 55.749219], [-108.677734, 55.694775], [-108.686523, 55.628467], [-108.664746, 55.568506], [-108.626562, 55.552148], [-108.59751, 55.584863], [-108.604785, 55.648438], [-108.57207, 55.69751], [-108.486377, 55.764502], [-108.299658, 55.85791], [-108.246582, 55.914941], [-108.219238, 55.965527], [-108.178223, 56.014941], [-108.135449, 56.037842], [-108.122168, 56.062793], [-108.179346, 56.142969], [-108.174219, 56.23374], [-108.190527, 56.253467], [-108.189404, 56.271045], [-108.110645, 56.307861], [-108.074365, 56.382275], [-108.133984, 56.426172], [-108.324023, 56.440576], [-108.411523, 56.464404], [-108.424707, 56.629053], [-108.494531, 56.692627], [-108.52959, 56.703662], [-108.570801, 56.696289], [-108.634473, 56.714893], [-108.702783, 56.791504], [-108.764648, 56.813086], [-108.837354, 56.784033], [-108.870068, 56.747656]], [[-106.13999, 57.413916], [-106.09541, 57.4646], [-106.096533, 57.506934], [-106.086963, 57.535156], [-106.106445, 57.559961], [-106.114355, 57.595459], [-106.1104, 57.654639], [-106.181494, 57.680957], [-106.258154, 57.696338], [-106.280127, 57.712988], [-106.316309, 57.705225], [-106.422119, 57.64873], [-106.654932, 57.597461], [-106.831348, 57.489795], [-106.923535, 57.462158], [-107.018066, 57.476953], [-107.069141, 57.475684], [-107.063818, 57.457275], [-107.028174, 57.426221], [-107.083057, 57.360693], [-107.073047, 57.325586], [-107.090576, 57.235693], [-107.079248, 57.224219], [-107.035498, 57.228955], [-106.969824, 57.253564], [-106.933008, 57.286523], [-106.883838, 57.320508], [-106.803564, 57.355566], [-106.763623, 57.355566], [-106.69834, 57.327148], [-106.607617, 57.337012], [-106.541455, 57.32627], [-106.373779, 57.368896], [-106.254395, 57.374219], [-106.13999, 57.413916]], [[-111.808887, 58.302588], [-111.788916, 58.331299], [-111.831445, 58.393701], [-111.843408, 58.425146], [-111.838281, 58.46001], [-111.830908, 58.483838], [-111.808545, 58.517187], [-111.816699, 58.560059], [-111.716699, 58.659473], [-111.731348, 58.68584], [-111.765625, 58.684521], [-111.802002, 58.696582], [-111.843799, 58.721094], [-111.9021, 58.725684], [-111.984668, 58.713477], [-112.119043, 58.736279], [-112.113135, 58.777588], [-112.037061, 58.786523], [-112.040918, 58.818848], [-112.153516, 58.824609], [-112.337305, 58.777588], [-112.431299, 58.682617], [-112.447266, 58.617773], [-112.393213, 58.577881], [-112.314893, 58.562695], [-112.255078, 58.576318], [-112.211084, 58.549854], [-112.207861, 58.498682], [-112.236816, 58.459766], [-112.18877, 58.412646], [-112.08042, 58.346924], [-111.898291, 58.305908], [-111.808887, 58.302588]], [[-110.440137, 58.716016], [-110.403174, 58.768213], [-110.33623, 58.825879], [-110.275586, 58.860156], [-110.073779, 58.94873], [-109.885889, 59.006299], [-109.452979, 59.08335], [-109.278564, 59.127148], [-109.232812, 59.126562], [-109.163135, 59.101807], [-109.103271, 59.097754], [-108.941602, 59.115234], [-108.750488, 59.120264], [-108.21123, 59.161084], [-107.958252, 59.203662], [-107.836719, 59.21582], [-107.819092, 59.228516], [-107.785742, 59.288281], [-107.757227, 59.319629], [-107.73374, 59.336377], [-107.708203, 59.33999], [-107.625879, 59.33125], [-107.606348, 59.300342], [-107.588818, 59.292432], [-107.45249, 59.303955], [-107.204785, 59.284326], [-106.709717, 59.262939], [-106.042285, 59.251855], [-106.018213, 59.271338], [-106.021338, 59.290088], [-107.238916, 59.348193], [-107.557959, 59.395752], [-107.952734, 59.434424], [-108.219238, 59.47334], [-108.537842, 59.435156], [-108.748437, 59.386719], [-108.856738, 59.386963], [-108.862695, 59.406445], [-108.795361, 59.503662], [-108.82793, 59.510449], [-109.035938, 59.497803], [-109.172461, 59.586719], [-109.260059, 59.599951], [-109.398047, 59.597217], [-109.546875, 59.570117], [-109.62251, 59.542529], [-109.704883, 59.503906], [-109.800732, 59.44502], [-109.799023, 59.433447], [-109.777002, 59.413232], [-109.834521, 59.389453], [-109.875293, 59.356641], [-110.034717, 59.297168], [-110.352344, 59.156348], [-110.483105, 59.110156], [-110.611963, 59.041211], [-110.871875, 58.837305], [-111.018555, 58.764111], [-111.124805, 58.735107], [-111.160742, 58.738916], [-111.149756, 58.774902], [-111.194434, 58.787744], [-111.280371, 58.788477], [-111.301465, 58.755566], [-111.29541, 58.729443], [-111.262061, 58.70293], [-111.097559, 58.615527], [-111.110498, 58.571924], [-111.106836, 58.546826], [-111.074951, 58.504785], [-111.036035, 58.522412], [-110.990283, 58.593848], [-110.943555, 58.621143], [-110.903369, 58.631396], [-110.876709, 58.628564], [-110.838916, 58.510889], [-110.811963, 58.512451], [-110.787109, 58.545557], [-110.777393, 58.583057], [-110.747168, 58.613721], [-110.672656, 58.630371], [-110.411475, 58.630664], [-110.376074, 58.644482], [-110.369531, 58.675732], [-110.435059, 58.699268], [-110.440137, 58.716016]], [[-106.205957, 59.859521], [-106.19458, 59.836182], [-106.166943, 59.808252], [-106.103613, 59.809473], [-106.055273, 59.844922], [-106.08125, 59.892187], [-106.073389, 59.958984], [-106.01875, 59.993604], [-105.875439, 60.00625], [-105.880078, 60.038184], [-105.938818, 60.059375], [-106.045947, 60.049902], [-106.069043, 60.083057], [-106.027832, 60.111133], [-105.770068, 60.130566], [-105.704395, 60.183691], [-105.800781, 60.203223], [-105.872559, 60.228271], [-106.018945, 60.192188], [-106.122314, 60.143701], [-106.153027, 60.096777], [-106.180225, 60.034912], [-106.194629, 60.021387], [-106.227979, 60.035059], [-106.263379, 60.060937], [-106.275537, 60.086914], [-106.307568, 60.100781], [-106.373926, 60.087402], [-106.406934, 60.063574], [-106.398047, 60.043457], [-106.332373, 60.02207], [-106.325781, 59.934521], [-106.375, 59.830664], [-106.338379, 59.804688], [-106.278369, 59.81333], [-106.259131, 59.826562], [-106.23667, 59.862305], [-106.205957, 59.859521]], [[-115.477148, 60.138037], [-115.294336, 60.109033], [-115.295312, 60.130615], [-115.28623, 60.159766], [-115.218994, 60.182715], [-115.157275, 60.194678], [-115.147559, 60.213672], [-115.062158, 60.329395], [-115.109863, 60.349854], [-115.221484, 60.337012], [-115.349072, 60.294922], [-115.531445, 60.262109], [-115.650098, 60.254248], [-115.804297, 60.254199], [-115.896094, 60.201367], [-115.879297, 60.162988], [-115.744287, 60.163184], [-115.605322, 60.1729], [-115.477148, 60.138037]], [[-109.292432, 62.602539], [-109.251855, 62.59707], [-109.006494, 62.689893], [-108.987061, 62.712451], [-108.992871, 62.739307], [-108.952344, 62.752197], [-108.927783, 62.768408], [-108.919092, 62.787939], [-109.02207, 62.806689], [-109.04624, 62.828857], [-109.348486, 62.867139], [-109.637988, 62.895215], [-109.70459, 62.910938], [-109.889502, 62.92417], [-109.982959, 62.94375], [-110.055859, 62.952002], [-110.524561, 62.944873], [-110.672656, 62.926855], [-111.080957, 62.835449], [-111.259375, 62.779297], [-111.393408, 62.721875], [-111.477783, 62.660547], [-111.512451, 62.595264], [-111.55083, 62.555518], [-111.59292, 62.541211], [-111.642627, 62.496094], [-111.7, 62.420068], [-111.779639, 62.368164], [-111.9625, 62.289697], [-112.082324, 62.229785], [-112.301855, 62.134473], [-112.529346, 62.073975], [-112.891504, 62.036816], [-112.906445, 62.069922], [-112.923437, 62.073486], [-113.004688, 62.044336], [-113.0375, 62.018555], [-113.113867, 62.028662], [-113.308838, 62.004932], [-113.574316, 62.018848], [-113.755762, 62.103027], [-113.861182, 62.175684], [-113.892187, 62.205859], [-114.022754, 62.268066], [-114.085205, 62.283447], [-114.136035, 62.27666], [-114.15498, 62.278564], [-114.224463, 62.312354], [-114.246826, 62.326172], [-114.224707, 62.373096], [-114.2271, 62.385352], [-114.283887, 62.412891], [-114.321826, 62.416016], [-114.351367, 62.407861], [-114.37251, 62.388428], [-114.436865, 62.3729], [-114.625244, 62.358691], [-114.713672, 62.376172], [-114.769873, 62.411816], [-114.902051, 62.466016], [-115.107617, 62.498291], [-115.165137, 62.518799], [-115.201514, 62.542529], [-115.216699, 62.569482], [-115.245703, 62.591064], [-115.288574, 62.607422], [-115.671875, 62.663672], [-115.724316, 62.659619], [-115.754102, 62.667432], [-115.738428, 62.695947], [-115.762891, 62.720117], [-115.912695, 62.763916], [-116.004248, 62.765771], [-116.037549, 62.725684], [-115.99165, 62.681543], [-115.866602, 62.633447], [-115.809033, 62.59917], [-115.791992, 62.564893], [-115.756152, 62.538867], [-115.701025, 62.485303], [-115.37002, 62.479639], [-115.288916, 62.482227], [-115.27124, 62.466602], [-115.294385, 62.439697], [-115.306934, 62.407812], [-115.308984, 62.37085], [-115.291406, 62.344678], [-115.25415, 62.32915], [-115.259424, 62.299072], [-115.307178, 62.254346], [-115.28999, 62.237109], [-115.207715, 62.247363], [-115.166602, 62.243945], [-115.044824, 62.174463], [-115.037549, 62.144922], [-115.053369, 62.119336], [-115.032861, 62.098877], [-114.942236, 62.054932], [-114.848047, 62.031836], [-114.780518, 61.994043], [-114.761768, 61.956201], [-114.724072, 61.936523], [-114.667383, 61.934912], [-114.651025, 61.922949], [-114.635596, 61.868945], [-114.647559, 61.856934], [-114.720557, 61.812061], [-114.845361, 61.768066], [-114.897559, 61.767041], [-115.162305, 61.736133], [-115.190137, 61.74248], [-115.197314, 61.756299], [-115.214502, 61.772852], [-115.337354, 61.778467], [-115.508252, 61.756641], [-115.556934, 61.74043], [-115.565674, 61.722803], [-115.570605, 61.687109], [-115.657715, 61.64126], [-115.74541, 61.511328], [-115.751514, 61.481348], [-115.744189, 61.467871], [-115.710986, 61.449707], [-115.717187, 61.439795], [-115.82666, 61.410791], [-115.880859, 61.409375], [-115.918359, 61.422559], [-116.03877, 61.381299], [-116.011084, 61.359277], [-115.904932, 61.326855], [-115.857812, 61.30166], [-115.869678, 61.28374], [-115.98042, 61.244873], [-115.988428, 61.234521], [-115.954736, 61.217822], [-115.939209, 61.192578], [-115.949951, 61.183105], [-116.121289, 61.228467], [-116.198535, 61.266406], [-116.366553, 61.273145], [-116.450293, 61.28501], [-116.510645, 61.308936], [-116.593896, 61.323975], [-116.763379, 61.329395], [-116.784082, 61.321436], [-116.796826, 61.297705], [-116.725586, 61.24126], [-116.738232, 61.224414], [-116.794482, 61.20625], [-117.066846, 61.149854], [-117.472705, 61.268164], [-117.626563, 61.307178], [-117.668115, 61.307812], [-117.629199, 61.284912], [-117.505371, 61.240332], [-117.278174, 61.097266], [-117.225977, 61.074658], [-117.089014, 61.051074], [-116.718848, 61.038574], [-116.663867, 61.021094], [-116.611572, 61.01748], [-116.527686, 61.029297], [-116.5021, 60.993896], [-116.424805, 60.953076], [-116.057031, 60.868262], [-115.876611, 60.848145], [-115.743604, 60.85708], [-115.473242, 60.838086], [-115.333008, 60.844629], [-114.912744, 60.909814], [-114.7729, 60.922754], [-114.726514, 60.907422], [-114.581445, 60.929297], [-114.337598, 60.988428], [-114.17251, 61.006006], [-114.086133, 60.982031], [-113.972754, 60.978906], [-113.832227, 60.996631], [-113.729395, 61.027734], [-113.664258, 61.07207], [-113.630273, 61.105664], [-113.633496, 61.145459], [-113.647949, 61.15708], [-113.724609, 61.163135], [-113.728955, 61.171729], [-113.691406, 61.188818], [-113.681885, 61.213867], [-113.704395, 61.245703], [-113.698633, 61.276074], [-113.676611, 61.301221], [-113.515088, 61.377637], [-113.398438, 61.416406], [-113.35874, 61.444922], [-113.148242, 61.46626], [-113.090723, 61.484033], [-113.007373, 61.448975], [-112.990332, 61.426123], [-113.001367, 61.404834], [-112.969434, 61.39043], [-112.675928, 61.463135], [-112.328857, 61.57666], [-112.207959, 61.624414], [-112.204395, 61.645313], [-112.089648, 61.736279], [-111.843213, 61.857422], [-111.620312, 61.950049], [-111.502051, 62.049072], [-111.509424, 62.06499], [-111.637744, 62.059473], [-111.63418, 62.071045], [-111.590723, 62.098145], [-111.586963, 62.129395], [-111.388232, 62.192383], [-111.307324, 62.233105], [-111.294434, 62.281055], [-111.100293, 62.357227], [-111.060449, 62.380518], [-110.950293, 62.402539], [-110.75, 62.387061], [-110.704834, 62.395459], [-110.683789, 62.419971], [-110.646777, 62.482227], [-110.683398, 62.515527], [-110.77959, 62.537646], [-110.763574, 62.545605], [-110.553613, 62.537646], [-110.455469, 62.542383], [-110.32959, 62.569336], [-110.263232, 62.571143], [-110.186572, 62.553809], [-110.10083, 62.557178], [-109.958301, 62.576074], [-109.836328, 62.606885], [-109.734814, 62.649512], [-109.767871, 62.667627], [-109.863672, 62.673291], [-110.410547, 62.685107], [-110.513721, 62.669629], [-110.535889, 62.65957], [-110.83623, 62.665625], [-111.272314, 62.61665], [-111.294434, 62.634082], [-111.268994, 62.661182], [-110.967383, 62.726855], [-110.75625, 62.763232], [-110.701318, 62.80957], [-110.661719, 62.828564], [-110.603369, 62.831934], [-110.498486, 62.819385], [-110.468799, 62.828467], [-110.284082, 62.826758], [-109.944238, 62.814258], [-109.74668, 62.797754], [-109.69126, 62.777295], [-109.395898, 62.739063], [-109.300732, 62.71709], [-109.262939, 62.657227], [-109.292432, 62.602539]], [[-118.200977, 63.282666], [-118.137207, 63.249609], [-118.107324, 63.223438], [-117.785254, 63.132715], [-117.738477, 63.113135], [-117.55415, 63.113477], [-117.35957, 63.14624], [-117.306201, 63.185352], [-117.31875, 63.20874], [-117.435254, 63.297656], [-117.469922, 63.304883], [-117.569727, 63.358154], [-117.575195, 63.371582], [-117.764014, 63.404199], [-117.91499, 63.466406], [-118.000537, 63.544141], [-118.100195, 63.570215], [-118.344287, 63.512939], [-118.563965, 63.427881], [-118.628271, 63.375098], [-118.627441, 63.336963], [-118.466602, 63.30957], [-118.314795, 63.290674], [-118.200977, 63.282666]], [[-107.237891, 64.099805], [-107.322559, 64.130664], [-107.463574, 64.128223], [-107.589209, 64.112305], [-107.675342, 64.080859], [-107.751855, 64.070508], [-107.837354, 64.089111], [-107.944873, 64.093848], [-108.102295, 64.136914], [-108.185937, 64.176953], [-108.256934, 64.160205], [-108.262695, 64.141797], [-108.336328, 64.155615], [-108.35791, 64.181348], [-108.334521, 64.209473], [-108.26084, 64.27666], [-108.246777, 64.315674], [-108.2854, 64.316797], [-108.36084, 64.277539], [-108.419189, 64.26665], [-108.438086, 64.313623], [-108.432324, 64.397705], [-108.467041, 64.413477], [-108.541162, 64.3875], [-108.602246, 64.331299], [-108.623389, 64.276367], [-108.600684, 64.22666], [-108.598291, 64.19458], [-108.633594, 64.170117], [-109.028809, 64.103369], [-109.153857, 64.10415], [-109.362549, 64.06582], [-109.638965, 64.051221], [-109.570605, 64.018164], [-109.394238, 64.020361], [-109.11416, 64.075537], [-108.858008, 64.065137], [-108.749316, 64.035938], [-108.661182, 63.988477], [-108.459375, 63.94541], [-108.372119, 63.98252], [-108.252393, 64.021973], [-108.160693, 64.037793], [-108.083838, 64.044922], [-107.931592, 64.036426], [-107.836133, 63.982959], [-107.805127, 63.956201], [-107.78877, 63.980957], [-107.667627, 63.985303], [-107.621533, 63.969678], [-107.613916, 63.937061], [-107.632178, 63.876758], [-107.55708, 63.833398], [-107.529102, 63.798437], [-107.501562, 63.789258], [-107.273633, 63.775732], [-107.200391, 63.823926], [-107.105859, 63.893848], [-107.087939, 63.912354], [-107.103516, 63.924463], [-107.222412, 63.925586], [-107.268701, 63.98291], [-107.239795, 64.022363], [-107.233447, 64.066699], [-107.237891, 64.099805]], [[-108.180273, 64.685596], [-108.240234, 64.683984], [-108.494336, 64.59751], [-108.533301, 64.562061], [-108.480762, 64.558643], [-108.208887, 64.634424], [-108.188672, 64.646338], [-108.180273, 64.685596]], [[-109.070654, 64.711182], [-109.061279, 64.68623], [-109.097852, 64.655566], [-109.100439, 64.602979], [-109.090332, 64.586963], [-108.988525, 64.613477], [-108.929102, 64.600293], [-108.854004, 64.560596], [-108.820947, 64.551758], [-108.851953, 64.606348], [-108.892822, 64.664355], [-108.930273, 64.705859], [-109.061768, 64.726758], [-109.070654, 64.711182]], [[-109.283984, 64.70166], [-109.240332, 64.740234], [-109.291455, 64.758105], [-109.34707, 64.75752], [-109.360107, 64.734277], [-109.362305, 64.702344], [-109.339795, 64.655225], [-109.281982, 64.608301], [-109.250879, 64.593652], [-109.235449, 64.56499], [-109.272949, 64.536328], [-109.224414, 64.536328], [-109.160498, 64.547363], [-109.149463, 64.58042], [-109.272021, 64.661963], [-109.283984, 64.70166]], [[-108.084619, 64.737305], [-108.089648, 64.715381], [-108.063232, 64.696533], [-107.9875, 64.710107], [-107.97915, 64.720361], [-108.01582, 64.745166], [-108.043799, 64.748975], [-108.084619, 64.737305]], [[-111.9271, 64.658691], [-111.887207, 64.700586], [-112.114404, 64.848047], [-112.343408, 64.898828], [-112.325635, 64.859961], [-112.150781, 64.780273], [-111.988037, 64.690234], [-111.995605, 64.659766], [-111.966162, 64.637793], [-111.9271, 64.658691]], [[-118.659326, 65.262207], [-118.825342, 65.21748], [-118.831592, 65.19165], [-118.766895, 65.158496], [-118.697754, 65.108984], [-118.677393, 65.080518], [-118.682324, 65.029883], [-118.666406, 64.999463], [-118.664307, 64.96958], [-118.63623, 64.928418], [-118.578271, 64.884326], [-118.488477, 64.841406], [-118.332861, 64.780518], [-118.17627, 64.785693], [-118.145703, 64.794629], [-118.148584, 64.842969], [-118.155713, 64.851807], [-118.239453, 64.84541], [-118.319336, 64.873096], [-118.325, 64.903174], [-118.276123, 64.929492], [-118.2479, 64.955811], [-118.23667, 64.985889], [-118.2479, 65.014062], [-118.275, 65.043018], [-118.281787, 65.068555], [-118.279199, 65.090332], [-118.246045, 65.13623], [-118.2646, 65.199121], [-118.303076, 65.226758], [-118.3646, 65.244971], [-118.444531, 65.290723], [-118.659326, 65.262207]], [[-114.182861, 65.61123], [-114.17334, 65.638379], [-114.228711, 65.677002], [-114.396582, 65.657129], [-114.380908, 65.615869], [-114.44165, 65.4771], [-114.184863, 65.44585], [-114.098096, 65.378174], [-114.054736, 65.36084], [-113.949854, 65.335303], [-113.787061, 65.243994], [-113.617627, 65.25293], [-113.507471, 65.272266], [-113.323633, 65.259766], [-113.062988, 65.216211], [-112.997217, 65.195508], [-112.939404, 65.212695], [-112.649854, 65.160303], [-112.52793, 65.15957], [-112.456787, 65.152637], [-112.350244, 65.012891], [-112.317822, 64.960156], [-112.287793, 64.95166], [-112.241943, 64.965576], [-112.345557, 65.128418], [-112.306543, 65.182812], [-112.22207, 65.192236], [-112.217383, 65.225488], [-112.293701, 65.220313], [-112.461572, 65.220313], [-112.549805, 65.206592], [-112.678125, 65.203418], [-113.124707, 65.292383], [-113.272168, 65.306348], [-113.312061, 65.318311], [-113.315967, 65.332275], [-113.223682, 65.355615], [-113.124805, 65.36084], [-113.112744, 65.385156], [-113.270508, 65.400732], [-113.400635, 65.381641], [-113.516992, 65.385107], [-113.620996, 65.416357], [-113.8396, 65.367773], [-113.909863, 65.402002], [-113.929785, 65.425], [-113.936963, 65.443848], [-114.000684, 65.447949], [-114.077246, 65.475732], [-114.168896, 65.495654], [-114.287207, 65.555127], [-114.298145, 65.600049], [-114.182861, 65.61123]], [[-103.007812, 20.183496], [-102.93418, 20.168311], [-102.851709, 20.138965], [-102.785742, 20.123877], [-102.744385, 20.139014], [-102.712646, 20.161816], [-102.700293, 20.181641], [-102.710596, 20.193701], [-102.769629, 20.198389], [-102.893848, 20.318555], [-103.002051, 20.328564], [-103.372119, 20.260156], [-103.340381, 20.231348], [-103.255469, 20.199561], [-103.17041, 20.178906], [-103.007812, 20.183496]], [[-105.06333, 21.808643], [-105.041943, 21.795801], [-105.041553, 21.801172], [-105.06333, 21.808643]], [[-97.775488, 24.082129], [-97.76543, 23.916699], [-97.757812, 23.914844], [-97.720068, 24.254639], [-97.687109, 24.476367], [-97.537305, 25.081543], [-97.426807, 25.353564], [-97.437549, 25.405957], [-97.472607, 25.439941], [-97.507666, 25.447363], [-97.518359, 25.435449], [-97.530615, 25.32749], [-97.543066, 25.311523], [-97.575928, 25.312109], [-97.610889, 25.32583], [-97.643164, 25.363525], [-97.653516, 25.364795], [-97.680225, 25.345801], [-97.721045, 25.2875], [-97.754492, 25.257275], [-97.705811, 25.225098], [-97.699707, 25.200781], [-97.698779, 25.159131], [-97.728711, 24.993701], [-97.707227, 24.965771], [-97.654687, 24.937109], [-97.643018, 24.907666], [-97.70293, 24.844531], [-97.699658, 24.708838], [-97.688574, 24.663477], [-97.725195, 24.50127], [-97.741699, 24.501709], [-97.800342, 24.545996], [-97.82417, 24.544434], [-97.833154, 24.51709], [-97.82832, 24.476562], [-97.804688, 24.444043], [-97.768262, 24.436133], [-97.740967, 24.390918], [-97.759033, 24.15874], [-97.775488, 24.082129]], [[-99.199951, 26.561523], [-99.17207, 26.56416], [-99.149512, 26.591748], [-99.149414, 26.652148], [-99.112988, 26.727051], [-99.119092, 26.749365], [-99.183594, 26.759521], [-99.217725, 26.804932], [-99.217969, 26.910156], [-99.277393, 26.921191], [-99.414648, 27.044141], [-99.456543, 27.056689], [-99.463623, 27.025439], [-99.400781, 26.954297], [-99.368018, 26.885937], [-99.36377, 26.821289], [-99.385742, 26.806738], [-99.394092, 26.794971], [-99.330762, 26.803369], [-99.283203, 26.759521], [-99.254932, 26.669824], [-99.243262, 26.583643], [-99.199951, 26.561523]], [[-101.232959, 29.502539], [-101.189795, 29.491748], [-101.150635, 29.466797], [-101.099756, 29.45835], [-101.038623, 29.460303], [-100.977686, 29.480078], [-100.935889, 29.485889], [-100.920117, 29.495068], [-100.918213, 29.502295], [-100.932666, 29.507178], [-100.951318, 29.529004], [-100.955908, 29.564893], [-100.943848, 29.605664], [-100.950684, 29.6104], [-100.976514, 29.557227], [-100.992578, 29.535156], [-101.004443, 29.548047], [-101.034814, 29.525879], [-101.072119, 29.510059], [-101.10752, 29.528369], [-101.141553, 29.558496], [-101.180811, 29.579443], [-101.275146, 29.647559], [-101.305273, 29.634473], [-101.310059, 29.622021], [-101.311572, 29.602637], [-101.301953, 29.583984], [-101.280371, 29.584668], [-101.268604, 29.578125], [-101.260742, 29.562451], [-101.286621, 29.505957], [-101.272021, 29.4979], [-101.232959, 29.502539]], [[-98.746826, 43.102441], [-98.665625, 43.05918], [-98.559668, 43.059863], [-98.57085, 43.102246], [-98.706494, 43.134521], [-98.831396, 43.205566], [-98.90459, 43.285254], [-99.040234, 43.358447], [-99.146582, 43.433057], [-99.244336, 43.476514], [-99.35, 43.643066], [-99.410547, 43.70293], [-99.369629, 43.756738], [-99.315234, 43.840674], [-99.302881, 43.903174], [-99.322266, 43.957031], [-99.364404, 43.990576], [-99.373975, 43.947363], [-99.352441, 43.888086], [-99.365332, 43.84292], [-99.440674, 43.75249], [-99.47085, 43.668506], [-99.382568, 43.606055], [-99.343799, 43.539307], [-99.315234, 43.467773], [-99.178027, 43.373535], [-98.929932, 43.226367], [-98.900195, 43.158545], [-98.746826, 43.102441]], [[-100.532471, 44.7625], [-100.476123, 44.793994], [-100.427148, 44.84707], [-100.391797, 44.895703], [-100.370264, 44.98833], [-100.340625, 45.006348], [-100.28877, 45.017041], [-100.262158, 45.044336], [-100.264551, 45.070752], [-100.286035, 45.087744], [-100.255273, 45.241797], [-100.270996, 45.296143], [-100.281104, 45.426855], [-100.306934, 45.469141], [-100.376074, 45.523975], [-100.408301, 45.56377], [-100.397559, 45.618359], [-100.35376, 45.644824], [-100.34458, 45.685156], [-100.341553, 45.767187], [-100.350439, 45.854004], [-100.376904, 45.895361], [-100.431885, 45.922998], [-100.492627, 45.987939], [-100.558789, 46.09624], [-100.557129, 46.140088], [-100.574121, 46.187354], [-100.527393, 46.386475], [-100.543066, 46.484863], [-100.563916, 46.559424], [-100.585107, 46.617236], [-100.714258, 46.705322], [-100.777148, 46.71377], [-100.786182, 46.695703], [-100.767139, 46.672559], [-100.713184, 46.64082], [-100.634033, 46.579932], [-100.605566, 46.488525], [-100.594238, 46.39165], [-100.593506, 46.313721], [-100.611719, 46.250049], [-100.640625, 46.222754], [-100.66792, 46.16167], [-100.659424, 46.11958], [-100.579443, 46.007764], [-100.477637, 45.889551], [-100.414111, 45.807715], [-100.390137, 45.710107], [-100.400195, 45.687109], [-100.4479, 45.644482], [-100.530957, 45.636475], [-100.605664, 45.664355], [-100.637305, 45.662305], [-100.627002, 45.647461], [-100.433984, 45.503809], [-100.35459, 45.422412], [-100.343799, 45.390137], [-100.399707, 45.382764], [-100.528174, 45.376953], [-100.612207, 45.354883], [-100.407031, 45.348242], [-100.345215, 45.30459], [-100.316748, 45.259717], [-100.33457, 45.157129], [-100.346875, 45.101514], [-100.400781, 45.051709], [-100.446777, 44.999316], [-100.441406, 44.897363], [-100.45708, 44.871729], [-100.500488, 44.870312], [-100.539893, 44.838721], [-100.558789, 44.810547], [-100.603613, 44.82793], [-100.669824, 44.867188], [-100.737207, 44.883447], [-100.777881, 44.882178], [-100.766846, 44.850342], [-100.805469, 44.834326], [-100.861426, 44.830615], [-100.908398, 44.819678], [-100.959521, 44.817627], [-100.995166, 44.776953], [-101.158203, 44.746631], [-101.188184, 44.726953], [-101.162744, 44.725146], [-101.072266, 44.732422], [-100.847852, 44.763672], [-100.803223, 44.761475], [-100.773535, 44.746729], [-100.724219, 44.731885], [-100.681836, 44.71416], [-100.671387, 44.6271], [-100.633252, 44.574902], [-100.619775, 44.531348], [-100.637402, 44.502979], [-100.609766, 44.470459], [-100.567041, 44.445996], [-100.478125, 44.443115], [-100.411621, 44.418652], [-100.393701, 44.434424], [-100.387646, 44.450879], [-100.397363, 44.470166], [-100.418359, 44.492188], [-100.477246, 44.49873], [-100.504004, 44.522168], [-100.487646, 44.573486], [-100.515576, 44.592627], [-100.559473, 44.583984], [-100.595361, 44.600977], [-100.63584, 44.750146], [-100.625293, 44.766992], [-100.573193, 44.752734], [-100.532471, 44.7625]], [[-94.565674, 47.119727], [-94.519385, 47.14292], [-94.460938, 47.109229], [-94.433008, 47.077002], [-94.394629, 47.066992], [-94.346289, 47.074707], [-94.301514, 47.09668], [-94.260352, 47.150049], [-94.245312, 47.191455], [-94.308105, 47.182812], [-94.281494, 47.270166], [-94.296484, 47.284619], [-94.379297, 47.241113], [-94.502246, 47.221387], [-94.589062, 47.201807], [-94.61084, 47.205957], [-94.620801, 47.165674], [-94.578076, 47.061816], [-94.569727, 47.074756], [-94.565674, 47.119727]], [[-102.307568, 47.705469], [-102.299219, 47.656934], [-102.419824, 47.589941], [-102.429395, 47.562305], [-102.333252, 47.586182], [-102.236914, 47.589014], [-102.146924, 47.567725], [-102.032227, 47.529297], [-101.951367, 47.488135], [-101.917285, 47.463867], [-101.5896, 47.514648], [-101.399658, 47.506201], [-101.247314, 47.566895], [-101.184082, 47.584766], [-101.140479, 47.606396], [-101.162744, 47.63374], [-101.20293, 47.644824], [-101.27627, 47.627832], [-101.452783, 47.607812], [-101.588574, 47.598535], [-101.600781, 47.585938], [-101.625439, 47.579687], [-101.717578, 47.567285], [-101.883643, 47.561328], [-102.020557, 47.58501], [-102.160498, 47.623975], [-102.211963, 47.677246], [-102.169482, 47.729346], [-102.18667, 47.747559], [-102.239795, 47.766064], [-102.294482, 47.911816], [-102.258301, 47.977686], [-102.27334, 47.978369], [-102.311377, 47.964404], [-102.374658, 47.95249], [-102.415332, 47.938281], [-102.384473, 47.81958], [-102.408447, 47.805615], [-102.527295, 47.822412], [-102.575098, 47.843701], [-102.578662, 47.911035], [-102.557422, 47.967725], [-102.598437, 48.052979], [-102.674707, 48.105273], [-102.790234, 48.144775], [-102.916309, 48.170898], [-103.02959, 48.180225], [-103.117725, 48.170801], [-103.21123, 48.144873], [-103.352686, 48.075586], [-103.450439, 48.066943], [-103.482324, 48.081104], [-103.524316, 48.107715], [-103.575049, 48.153076], [-103.666357, 48.141895], [-103.758691, 48.074023], [-103.772314, 48.027295], [-103.749854, 48.017334], [-103.664795, 48.063379], [-103.58252, 48.09668], [-103.551318, 48.072461], [-103.520166, 48.02749], [-103.459277, 48.015576], [-103.33877, 48.029736], [-103.237793, 48.063379], [-103.186426, 48.09707], [-103.058838, 48.125391], [-102.901318, 48.12002], [-102.761279, 48.084082], [-102.656689, 48.035303], [-102.613916, 47.991992], [-102.622266, 47.955762], [-102.653125, 47.916309], [-102.615869, 47.818896], [-102.560937, 47.785205], [-102.424512, 47.763965], [-102.335938, 47.756885], [-102.307568, 47.705469]], [[-95.248193, 47.907324], [-95.11084, 47.889258], [-94.896924, 47.89209], [-94.791846, 47.909668], [-94.777148, 47.936279], [-94.783203, 47.969629], [-94.870752, 48.004004], [-94.970215, 48.032031], [-95.010791, 48.059717], [-95.086426, 48.065137], [-95.187109, 48.033398], [-95.251318, 47.988867], [-95.270898, 47.942383], [-95.248193, 47.907324]], [[-94.662842, 48.083008], [-94.600244, 48.106445], [-94.558203, 48.140576], [-94.561035, 48.178174], [-94.612109, 48.199072], [-94.690234, 48.20332], [-94.839893, 48.184082], [-94.974756, 48.151562], [-95.02041, 48.124756], [-95.030713, 48.094287], [-95.008057, 48.072461], [-94.893896, 48.064307], [-94.749707, 48.066357], [-94.662842, 48.083008]], [[-94.109473, 49.263428], [-94.114697, 49.231055], [-94.128711, 49.210449], [-94.118994, 49.206348], [-94.065234, 49.238379], [-94.047266, 49.268018], [-94.041113, 49.35835], [-94.052051, 49.373145], [-94.144385, 49.427441], [-94.134326, 49.448437], [-94.17334, 49.496582], [-94.30166, 49.514893], [-94.368359, 49.563135], [-94.361719, 49.57627], [-94.314404, 49.599756], [-94.332324, 49.639355], [-94.312158, 49.685156], [-94.346191, 49.724463], [-94.450977, 49.737549], [-94.530029, 49.852734], [-94.538525, 49.93125], [-94.588037, 49.987988], [-94.614502, 49.992676], [-94.658936, 49.974463], [-94.678174, 49.952734], [-94.57583, 49.807324], [-94.559766, 49.763818], [-94.588232, 49.723779], [-94.822998, 49.69043], [-94.870264, 49.662695], [-94.840137, 49.612598], [-94.888379, 49.585059], [-94.92627, 49.576025], [-94.958057, 49.575391], [-94.973389, 49.58418], [-94.961523, 49.620703], [-95.008398, 49.635449], [-95.099219, 49.639258], [-95.15249, 49.622412], [-95.116064, 49.542627], [-95.138623, 49.471875], [-95.107422, 49.463379], [-94.985107, 49.496582], [-94.91084, 49.526367], [-94.795557, 49.599072], [-94.744873, 49.616211], [-94.688232, 49.625635], [-94.650488, 49.620703], [-94.64541, 49.603076], [-94.690869, 49.561035], [-94.822314, 49.511621], [-94.909375, 49.437109], [-94.940674, 49.400098], [-95.014209, 49.368213], [-95.008984, 49.341992], [-94.940869, 49.321045], [-94.935645, 49.239844], [-94.982764, 49.195312], [-95.085059, 49.176465], [-95.198535, 49.166455], [-95.260547, 49.137061], [-95.276562, 49.105322], [-95.265625, 49.059619], [-95.267285, 49.028955], [-95.315479, 48.969971], [-95.312842, 48.928076], [-95.273535, 48.886182], [-95.179248, 48.89668], [-95.037305, 48.958838], [-95.002637, 48.964307], [-94.915723, 48.925635], [-94.817773, 48.867822], [-94.712793, 48.863428], [-94.536816, 48.945117], [-94.323779, 49.070898], [-94.309521, 49.103613], [-94.26499, 49.114062], [-94.196875, 49.095752], [-94.117334, 49.125928], [-94.074023, 49.155371], [-94.098828, 49.16709], [-94.23999, 49.181152], [-94.267432, 49.194238], [-94.271582, 49.227148], [-94.302637, 49.252588], [-94.354102, 49.266016], [-94.464111, 49.231982], [-94.577197, 49.297852], [-94.608984, 49.344824], [-94.640234, 49.353564], [-94.778125, 49.339697], [-94.790137, 49.35332], [-94.769531, 49.393359], [-94.745215, 49.409033], [-94.646387, 49.444922], [-94.473828, 49.471729], [-94.364551, 49.483447], [-94.254199, 49.470898], [-94.251367, 49.456934], [-94.278369, 49.407324], [-94.221143, 49.393604], [-94.182129, 49.330322], [-94.109473, 49.263428]], [[-98.45459, 50.210986], [-98.401855, 50.203516], [-98.330078, 50.201758], [-98.242188, 50.213916], [-98.150586, 50.240332], [-98.07207, 50.274121], [-98.01582, 50.30415], [-97.95918, 50.357227], [-97.950781, 50.419922], [-97.971191, 50.470068], [-98.071436, 50.551562], [-98.173535, 50.6604], [-98.243848, 50.718994], [-98.410107, 50.82334], [-98.500195, 50.859961], [-98.720215, 50.91167], [-98.740381, 50.934668], [-98.760498, 50.994971], [-98.753857, 51.01626], [-98.723633, 51.05918], [-98.718213, 51.087842], [-98.669092, 51.103711], [-98.632959, 51.165039], [-98.582959, 51.218066], [-98.571826, 51.243262], [-98.591455, 51.269043], [-98.704883, 51.325928], [-98.753857, 51.362793], [-98.777539, 51.410059], [-98.779395, 51.465674], [-98.752197, 51.552148], [-98.75752, 51.587793], [-98.7896, 51.638672], [-98.832764, 51.684326], [-98.864844, 51.707471], [-98.89375, 51.708936], [-98.929199, 51.702197], [-98.97168, 51.675488], [-98.910547, 51.512744], [-98.90127, 51.428027], [-98.906982, 51.403906], [-98.918213, 51.395264], [-98.956055, 51.432617], [-98.998975, 51.510596], [-99.063965, 51.686426], [-99.105371, 51.736133], [-99.16626, 51.77666], [-99.177295, 51.762451], [-99.165918, 51.675391], [-99.180615, 51.652734], [-99.217334, 51.636182], [-99.238916, 51.646338], [-99.291504, 51.715625], [-99.337744, 51.758838], [-99.390039, 51.781152], [-99.442969, 51.777344], [-99.491016, 51.757617], [-99.545361, 51.713721], [-99.549072, 51.699268], [-99.538086, 51.6604], [-99.541553, 51.578125], [-99.526611, 51.54624], [-99.425537, 51.627051], [-99.369775, 51.635352], [-99.319531, 51.616992], [-99.257568, 51.562598], [-99.162549, 51.543457], [-99.137549, 51.503076], [-99.077246, 51.339404], [-99.026025, 51.267187], [-98.952881, 51.202051], [-98.896875, 51.188135], [-98.856396, 51.109131], [-98.836084, 51.099756], [-98.829443, 51.071924], [-98.847217, 51.039111], [-98.867236, 51.02793], [-98.881201, 51.036865], [-98.940967, 51.11543], [-98.988281, 51.152295], [-99.008203, 51.139502], [-99.006494, 51.113916], [-98.990918, 51.07627], [-98.940869, 51.007617], [-98.853223, 50.945508], [-98.814746, 50.864014], [-98.715967, 50.737402], [-98.607959, 50.567578], [-98.568115, 50.488428], [-98.548584, 50.421289], [-98.551465, 50.287109], [-98.519287, 50.242041], [-98.45459, 50.210986]], [[-99.999756, 52.044385], [-99.984131, 52.040332], [-99.953418, 51.999316], [-99.898779, 51.840869], [-99.950439, 51.762939], [-99.935107, 51.71748], [-99.857568, 51.643066], [-99.774805, 51.589551], [-99.644531, 51.616602], [-99.624121, 51.628516], [-99.62002, 51.650977], [-99.642432, 51.720117], [-99.646924, 51.84248], [-99.665918, 51.853662], [-99.746045, 51.752148], [-99.781201, 51.761084], [-99.802734, 51.830176], [-99.797559, 51.875781], [-99.755566, 51.938574], [-99.744385, 51.9729], [-99.744434, 52.004687], [-99.749268, 52.027734], [-99.808936, 52.09458], [-99.826904, 52.151514], [-99.838916, 52.243018], [-99.713379, 52.407373], [-99.675488, 52.472949], [-99.660986, 52.538525], [-99.661865, 52.609814], [-99.704932, 52.811914], [-99.678076, 52.899805], [-99.684863, 52.910303], [-99.699219, 52.915137], [-99.756787, 52.913428], [-99.790479, 52.94541], [-99.843506, 52.974609], [-100.105225, 53.054248], [-100.334619, 53.10708], [-100.51499, 53.171143], [-100.543457, 53.170459], [-100.589697, 53.138184], [-100.643994, 53.115137], [-100.725537, 53.097803], [-100.819922, 53.090576], [-100.895166, 53.098486], [-100.963721, 53.147314], [-101.050586, 53.123535], [-101.090723, 53.100146], [-101.101758, 53.080811], [-101.006787, 53.008301], [-100.993945, 52.986719], [-100.983984, 52.930762], [-100.992529, 52.880371], [-100.941016, 52.844531], [-100.9146, 52.814404], [-100.833105, 52.812549], [-100.825391, 52.798535], [-100.839355, 52.766797], [-100.823437, 52.752979], [-100.74624, 52.75166], [-100.677979, 52.778418], [-100.621143, 52.885986], [-100.666797, 52.959375], [-100.66543, 52.980176], [-100.599512, 52.998047], [-100.563916, 52.99624], [-100.522607, 52.96748], [-100.453174, 52.953027], [-100.439502, 52.924365], [-100.417529, 52.772949], [-100.358252, 52.712988], [-100.339209, 52.671631], [-100.300732, 52.65083], [-100.275146, 52.623291], [-100.260791, 52.621191], [-100.242188, 52.639844], [-100.278662, 52.781787], [-100.325732, 52.793652], [-100.342871, 52.807031], [-100.325684, 52.833154], [-100.268311, 52.871729], [-100.24126, 52.864844], [-100.095654, 52.795508], [-100.062402, 52.762793], [-100.045264, 52.648535], [-99.992334, 52.566504], [-100.026758, 52.463867], [-100.136279, 52.35127], [-100.155713, 52.305713], [-100.165039, 52.254248], [-100.159229, 52.115918], [-100.113428, 51.890723], [-100.04917, 51.755518], [-100.025439, 51.727295], [-100.010986, 51.730762], [-99.998682, 51.744092], [-99.984375, 51.812305], [-100.00542, 52.015723], [-99.999756, 52.044385]], [[-96.594287, 50.599219], [-96.587549, 50.663623], [-96.541797, 50.72793], [-96.452051, 50.655762], [-96.391748, 50.628516], [-96.294385, 50.623877], [-96.358545, 50.691211], [-96.372559, 50.729248], [-96.357422, 50.760498], [-96.36748, 50.857373], [-96.402539, 51.019922], [-96.394092, 51.087598], [-96.34873, 51.152734], [-96.3375, 51.179004], [-96.288086, 51.20791], [-96.290332, 51.251221], [-96.344287, 51.308887], [-96.495215, 51.413135], [-96.54624, 51.475928], [-96.550586, 51.530371], [-96.601465, 51.596289], [-96.722363, 51.703809], [-96.757324, 51.762793], [-96.70625, 51.773242], [-96.689404, 51.790527], [-96.706738, 51.814697], [-96.769434, 51.854736], [-96.844189, 51.866357], [-96.853662, 51.892139], [-96.834717, 51.94209], [-96.858887, 51.992773], [-96.957666, 52.076904], [-96.986182, 52.133252], [-97.018604, 52.204443], [-97.00249, 52.269385], [-97.070654, 52.412598], [-97.112061, 52.477539], [-97.197754, 52.6729], [-97.332812, 52.784033], [-97.397998, 52.878857], [-97.424023, 52.964844], [-97.376172, 52.98042], [-97.347217, 53.006006], [-97.351904, 53.026318], [-97.436865, 53.118701], [-97.475, 53.201221], [-97.581738, 53.291064], [-97.652344, 53.400488], [-97.706982, 53.514844], [-97.790723, 53.581396], [-97.82832, 53.64126], [-97.819629, 53.694531], [-97.831934, 53.735547], [-97.937549, 53.890234], [-97.977441, 53.969482], [-97.97168, 53.97959], [-97.76167, 54.013428], [-97.728613, 54.060303], [-97.734082, 54.080859], [-97.81123, 54.041504], [-97.940283, 54.028711], [-98.000781, 54.001758], [-98.03291, 53.977148], [-98.045996, 53.939502], [-98.061035, 53.930859], [-98.192334, 53.993652], [-98.212988, 54.025342], [-98.083496, 54.202002], [-97.864209, 54.265479], [-97.820361, 54.300439], [-97.843604, 54.316748], [-97.982715, 54.315869], [-97.989844, 54.321582], [-97.931982, 54.352588], [-97.931982, 54.375], [-98.002637, 54.412549], [-98.021045, 54.409912], [-98.173975, 54.218164], [-98.253955, 54.069141], [-98.296924, 54.017725], [-98.29917, 53.965479], [-98.26084, 53.912451], [-98.203809, 53.873926], [-98.075635, 53.822656], [-97.899707, 53.738379], [-97.909521, 53.700244], [-97.963428, 53.695166], [-98.008838, 53.709961], [-98.299414, 53.834326], [-98.455811, 53.852393], [-98.613477, 53.842676], [-98.810889, 53.896973], [-98.929297, 53.867432], [-99.001025, 53.753564], [-98.982666, 53.718262], [-98.994141, 53.676611], [-99.042383, 53.556885], [-99.085107, 53.480078], [-99.201562, 53.352734], [-99.23999, 53.209766], [-99.229639, 53.185107], [-99.186426, 53.175049], [-99.050098, 53.0729], [-98.990186, 53.047803], [-98.795557, 53.076465], [-98.696045, 53.082422], [-98.524707, 53.065088], [-98.459814, 53.043555], [-98.501367, 53.017871], [-98.772559, 52.964746], [-98.89502, 52.91582], [-98.903906, 52.900635], [-98.895752, 52.856348], [-98.82002, 52.783008], [-98.826318, 52.766602], [-98.808984, 52.724951], [-98.553076, 52.556445], [-98.469141, 52.486133], [-98.453857, 52.415674], [-98.42876, 52.381787], [-98.188037, 52.280225], [-98.142969, 52.210547], [-98.139258, 52.162402], [-98.07085, 52.099707], [-98.044531, 52.05166], [-98.036328, 51.981348], [-97.962598, 51.927148], [-97.823389, 51.88916], [-97.792432, 51.914453], [-97.735498, 52.045117], [-97.728809, 52.088232], [-97.774023, 52.108984], [-97.742822, 52.135352], [-97.531152, 52.136523], [-97.49668, 52.132812], [-97.494922, 52.107764], [-97.525781, 52.061377], [-97.600049, 51.987598], [-97.572998, 51.923877], [-97.550146, 51.924609], [-97.495996, 52.000781], [-97.44585, 52.027344], [-97.356738, 52.039746], [-97.306836, 51.981396], [-97.249805, 51.865137], [-97.23999, 51.766406], [-97.277441, 51.685107], [-97.289453, 51.593457], [-97.275879, 51.491357], [-97.252783, 51.443604], [-97.22002, 51.450146], [-97.141016, 51.502051], [-97.124463, 51.536279], [-97.127051, 51.60752], [-97.106299, 51.641992], [-97.064746, 51.665137], [-96.880518, 51.724219], [-96.84375, 51.72207], [-96.826172, 51.7104], [-96.79668, 51.625537], [-96.784668, 51.611279], [-96.750635, 51.612256], [-96.736475, 51.593359], [-96.742139, 51.554492], [-96.91377, 51.331396], [-96.981543, 51.250879], [-96.979492, 51.20415], [-96.937305, 51.192676], [-96.908154, 51.205615], [-96.725391, 51.365967], [-96.630957, 51.343066], [-96.626758, 51.324414], [-96.692627, 51.255322], [-96.774365, 51.22085], [-96.832471, 51.157373], [-96.840625, 51.128174], [-96.926514, 51.082471], [-96.938281, 51.060059], [-96.966553, 50.927441], [-96.953516, 50.84375], [-96.955957, 50.797412], [-96.983252, 50.683008], [-96.961768, 50.569922], [-96.930713, 50.46123], [-96.865576, 50.418457], [-96.761182, 50.397949], [-96.683154, 50.397949], [-96.595801, 50.441846], [-96.576367, 50.468018], [-96.607568, 50.552197], [-96.594287, 50.599219]], [[-99.416162, 53.064648], [-99.395117, 53.084717], [-99.388574, 53.130566], [-99.368701, 53.150391], [-99.330273, 53.159424], [-99.348877, 53.198926], [-99.404785, 53.256689], [-99.410791, 53.31123], [-99.420752, 53.328711], [-99.4375, 53.336865], [-99.589014, 53.320068], [-99.692676, 53.298682], [-99.799219, 53.252734], [-99.83916, 53.244971], [-99.893555, 53.254785], [-99.905664, 53.268066], [-99.924609, 53.310693], [-99.940479, 53.332031], [-99.9479, 53.354736], [-99.928955, 53.407324], [-99.9396, 53.430176], [-99.960498, 53.456494], [-99.976416, 53.491064], [-100.018701, 53.532764], [-100.103369, 53.57627], [-100.184814, 53.611133], [-100.219434, 53.631885], [-100.200635, 53.664111], [-100.170166, 53.679443], [-100.075635, 53.694385], [-99.994629, 53.734863], [-99.926172, 53.760498], [-99.915479, 53.78457], [-99.908447, 53.826709], [-99.882812, 53.831055], [-99.833496, 53.826807], [-99.775586, 53.835059], [-99.729199, 53.869629], [-99.689746, 53.917676], [-99.61748, 53.988525], [-99.601904, 54.010742], [-99.604346, 54.027246], [-99.616748, 54.043359], [-99.660107, 54.034033], [-99.845215, 53.926758], [-99.962988, 53.875732], [-100.060107, 53.846631], [-100.118457, 53.837354], [-100.140625, 53.846191], [-100.150684, 53.860742], [-100.140137, 53.883105], [-100.112695, 53.910645], [-100.094189, 53.941406], [-100.105176, 53.971484], [-100.139746, 53.993213], [-100.226465, 54.014551], [-100.179834, 54.04209], [-99.927686, 54.154248], [-99.869141, 54.185742], [-99.882227, 54.191992], [-99.92666, 54.187988], [-99.994336, 54.192334], [-100.121875, 54.245947], [-100.163086, 54.252393], [-100.243945, 54.210547], [-100.31001, 54.221387], [-100.334863, 54.222363], [-100.349902, 54.214746], [-100.358496, 54.202002], [-100.35127, 54.177148], [-100.306006, 54.098291], [-100.301807, 54.060791], [-100.305664, 54.031006], [-100.299951, 53.989697], [-100.302734, 53.973291], [-100.331006, 53.958154], [-100.48335, 53.949609], [-100.50625, 53.916846], [-100.497705, 53.905029], [-100.473926, 53.895605], [-100.393164, 53.891748], [-100.347217, 53.897998], [-100.32998, 53.864502], [-100.413281, 53.822266], [-100.431689, 53.790039], [-100.383105, 53.758008], [-100.323633, 53.668945], [-100.313232, 53.640381], [-100.32251, 53.592529], [-100.389551, 53.582617], [-100.633594, 53.568604], [-100.631543, 53.554395], [-100.592383, 53.518848], [-100.593262, 53.50708], [-100.603564, 53.497803], [-100.64082, 53.49541], [-100.778906, 53.504053], [-100.854639, 53.501221], [-100.881055, 53.48833], [-100.891211, 53.470654], [-100.876367, 53.448926], [-100.842383, 53.42627], [-100.785254, 53.408643], [-100.646094, 53.347217], [-100.54248, 53.307471], [-100.412207, 53.269922], [-100.273584, 53.185449], [-100.200391, 53.151807], [-100.125391, 53.131006], [-99.971729, 53.097705], [-99.875537, 53.102393], [-99.797559, 53.137012], [-99.656836, 53.144531], [-99.64668, 53.154883], [-99.644482, 53.183154], [-99.638184, 53.188135], [-99.604639, 53.162793], [-99.569434, 53.112012], [-99.538232, 53.096924], [-99.538818, 53.067383], [-99.518262, 53.056592], [-99.486621, 53.052295], [-99.458691, 53.052734], [-99.416162, 53.064648]], [[-94.948633, 53.859277], [-94.93335, 53.82666], [-94.855176, 53.785693], [-94.681934, 53.733447], [-94.517627, 53.709619], [-94.35083, 53.730127], [-94.236279, 53.734424], [-94.179639, 53.741699], [-94.102734, 53.758789], [-94.013965, 53.798486], [-94.002148, 53.846631], [-94.047754, 53.882227], [-94.130762, 53.892139], [-94.590137, 53.858447], [-94.654248, 53.875977], [-94.689258, 53.896924], [-94.685596, 53.915283], [-94.620752, 53.945312], [-94.601416, 53.97168], [-94.634082, 53.98623], [-94.75376, 53.989014], [-94.822412, 53.975488], [-94.851465, 53.955957], [-94.93335, 53.933105], [-94.948633, 53.859277]], [[-102.256006, 54.44873], [-102.168994, 54.455322], [-102.127783, 54.493652], [-102.105811, 54.598389], [-102.116064, 54.707617], [-102.197168, 54.737988], [-102.287158, 54.71543], [-102.33623, 54.654785], [-102.36333, 54.577539], [-102.378271, 54.516357], [-102.340234, 54.474854], [-102.256006, 54.44873]], [[-93.912012, 54.74375], [-93.834961, 54.75835], [-93.702393, 54.75835], [-93.647363, 54.779053], [-93.645459, 54.787598], [-93.922705, 54.834717], [-94.011963, 54.846582], [-94.109863, 54.849902], [-94.271875, 54.842432], [-94.369141, 54.818604], [-94.477002, 54.800781], [-94.47627, 54.785547], [-94.489062, 54.723779], [-94.508057, 54.668896], [-94.650098, 54.540771], [-94.735498, 54.499658], [-94.758154, 54.476123], [-94.768066, 54.45376], [-94.763379, 54.41167], [-94.551367, 54.47959], [-94.495215, 54.501611], [-94.465332, 54.521338], [-94.414355, 54.585791], [-94.29126, 54.617822], [-94.157422, 54.635547], [-93.988965, 54.670801], [-93.933691, 54.709082], [-93.912012, 54.74375]], [[-104.822217, 54.993945], [-104.735254, 55.090381], [-104.689844, 55.125928], [-104.636865, 55.147949], [-104.590967, 55.153711], [-104.507178, 55.132617], [-104.454736, 55.13833], [-104.396094, 55.16001], [-104.368945, 55.182422], [-104.400244, 55.247363], [-104.418262, 55.254199], [-104.519092, 55.256592], [-104.57373, 55.281445], [-104.590186, 55.301953], [-104.620898, 55.306836], [-104.674219, 55.291162], [-104.755371, 55.3021], [-104.797656, 55.291943], [-104.808057, 55.300586], [-104.833203, 55.306299], [-104.954834, 55.279541], [-105.081445, 55.301953], [-105.138477, 55.282568], [-105.205176, 55.248438], [-105.236768, 55.218555], [-105.217578, 55.155957], [-105.257715, 55.074023], [-105.247119, 55.048389], [-105.244922, 55.001855], [-105.236768, 54.956641], [-105.193896, 54.936133], [-105.128027, 54.924951], [-104.822217, 54.993945]], [[-95.830029, 55.280127], [-95.733447, 55.30752], [-95.675684, 55.364062], [-95.702148, 55.401367], [-95.788818, 55.400195], [-95.853174, 55.360596], [-96.054736, 55.287061], [-96.205176, 55.271387], [-96.284619, 55.237695], [-96.229248, 55.212451], [-96.106494, 55.217236], [-95.830029, 55.280127]], [[-95.895605, 55.486523], [-95.91792, 55.418555], [-95.860596, 55.42085], [-95.769092, 55.441846], [-95.713965, 55.476758], [-95.683105, 55.520068], [-95.599512, 55.614502], [-95.698535, 55.596143], [-95.795166, 55.568555], [-95.817285, 55.526172], [-95.895605, 55.486523]], [[-96.451709, 56.086572], [-96.357812, 56.093896], [-96.244629, 56.092188], [-96.086328, 56.079102], [-96.072607, 56.084912], [-96.088184, 56.099854], [-96.080713, 56.118066], [-96.049414, 56.135742], [-96.043506, 56.156299], [-96.105469, 56.203027], [-95.865186, 56.264795], [-95.842041, 56.290771], [-95.905957, 56.302295], [-96.053857, 56.272852], [-96.20542, 56.219971], [-96.278516, 56.176953], [-96.504053, 56.150293], [-96.571875, 56.086182], [-96.552686, 56.062793], [-96.451709, 56.086572]], [[-98.225781, 57.136133], [-98.189697, 57.215283], [-98.108691, 57.31709], [-98.027637, 57.362354], [-97.994922, 57.387158], [-98.024316, 57.398682], [-98.097852, 57.391602], [-98.201123, 57.405469], [-98.29458, 57.493213], [-98.271094, 57.530127], [-98.224023, 57.580176], [-98.20752, 57.624902], [-98.205957, 57.653516], [-98.293457, 57.637842], [-98.47168, 57.548828], [-98.527686, 57.543018], [-98.544287, 57.566309], [-98.5396, 57.596045], [-98.555908, 57.611035], [-98.595947, 57.585352], [-98.593213, 57.528809], [-98.536572, 57.456396], [-98.50835, 57.299316], [-98.541846, 57.274902], [-98.632129, 57.275732], [-98.668115, 57.261768], [-98.650977, 57.218896], [-98.661475, 57.18042], [-98.695264, 57.117236], [-98.774707, 57.072559], [-98.857373, 57.059717], [-98.880029, 57.003906], [-98.873291, 56.946094], [-98.904639, 56.924805], [-99.006396, 56.926904], [-99.036768, 56.974512], [-99.010547, 57.050293], [-99.014551, 57.084717], [-99.068896, 57.04917], [-99.124463, 57.004639], [-99.155469, 56.955762], [-99.225781, 56.951367], [-99.328516, 56.987646], [-99.37832, 56.959766], [-99.407227, 56.902686], [-99.546045, 56.775879], [-99.66333, 56.753369], [-99.686084, 56.73042], [-99.642676, 56.680957], [-99.570898, 56.641357], [-99.548535, 56.653906], [-99.544043, 56.68335], [-99.552734, 56.71084], [-99.47041, 56.733008], [-99.218213, 56.735693], [-99.067969, 56.846143], [-99.0021, 56.862451], [-98.939209, 56.840771], [-98.85459, 56.84082], [-98.778906, 56.887012], [-98.685205, 56.978516], [-98.561182, 57.060791], [-98.391797, 57.094189], [-98.250195, 57.111914], [-98.225781, 57.136133]], [[-101.828369, 57.578564], [-101.734668, 57.646631], [-101.630127, 57.757471], [-101.543408, 57.815967], [-101.533398, 57.87998], [-101.544287, 57.920215], [-101.678223, 57.917529], [-101.724268, 57.909814], [-101.733203, 57.872949], [-101.81543, 57.843115], [-101.846484, 57.866455], [-101.846729, 57.897656], [-101.803271, 58.02041], [-101.819336, 58.0646], [-101.867773, 58.053516], [-101.912549, 57.99082], [-101.970996, 57.963428], [-102.013281, 58.00293], [-101.990967, 58.08833], [-102.052441, 58.107373], [-102.150879, 58.037891], [-102.148682, 57.992676], [-102.205029, 57.930957], [-102.439502, 57.798682], [-102.522607, 57.730469], [-102.691797, 57.688232], [-102.693018, 57.637061], [-102.673975, 57.597266], [-102.694385, 57.564307], [-102.790527, 57.503711], [-102.890137, 57.450684], [-102.933008, 57.364404], [-102.919336, 57.295215], [-102.852441, 57.298633], [-102.788916, 57.282715], [-102.720801, 57.244873], [-102.693408, 57.209912], [-102.721973, 57.153516], [-102.741846, 57.100928], [-102.675732, 57.083301], [-102.583789, 57.04624], [-102.554297, 56.998389], [-102.543701, 56.929736], [-102.569824, 56.830371], [-102.625195, 56.786719], [-102.676904, 56.773145], [-102.692187, 56.741602], [-102.732471, 56.71626], [-102.793506, 56.708545], [-102.861523, 56.683301], [-102.977734, 56.561572], [-103.051074, 56.568652], [-103.07998, 56.676611], [-103.069043, 56.849121], [-103.105566, 56.852979], [-103.129346, 56.76416], [-103.15293, 56.619824], [-103.191895, 56.555273], [-103.241455, 56.57417], [-103.293359, 56.543359], [-103.298437, 56.495947], [-103.257031, 56.475342], [-103.287598, 56.304102], [-103.271631, 56.276562], [-103.240723, 56.277686], [-103.232324, 56.308936], [-103.201123, 56.357861], [-103.13667, 56.414209], [-103.086865, 56.419482], [-103.043848, 56.379785], [-102.977295, 56.369238], [-102.937793, 56.401709], [-102.926855, 56.44082], [-102.885352, 56.473486], [-102.600879, 56.563721], [-102.543652, 56.587744], [-102.465381, 56.607861], [-102.439209, 56.626709], [-102.437109, 56.658008], [-102.398242, 56.696875], [-102.355615, 56.771436], [-102.33999, 56.80957], [-102.312646, 56.838428], [-102.176758, 56.863965], [-102.12749, 56.91499], [-102.04082, 56.964941], [-101.962061, 57.024707], [-101.999121, 57.054004], [-102.048096, 57.114258], [-102.032422, 57.191211], [-101.957422, 57.238818], [-101.86416, 57.250244], [-101.835596, 57.270166], [-101.887744, 57.305225], [-102.093848, 57.367578], [-102.106152, 57.427197], [-102.047754, 57.48418], [-101.961084, 57.516553], [-101.828369, 57.578564]], [[-102.940527, 58.173437], [-102.939111, 58.198096], [-102.983105, 58.220068], [-103.000879, 58.243018], [-102.982324, 58.274609], [-102.948437, 58.305518], [-102.910937, 58.322705], [-102.861719, 58.317578], [-102.837158, 58.329883], [-102.791357, 58.381299], [-102.803369, 58.411572], [-102.921191, 58.477197], [-102.945557, 58.503418], [-102.95249, 58.53252], [-103.14082, 58.53291], [-103.184863, 58.552197], [-103.205176, 58.544434], [-103.221436, 58.524561], [-103.223145, 58.484717], [-103.239111, 58.471582], [-103.384131, 58.431592], [-103.494629, 58.462256], [-103.549902, 58.455127], [-103.6104, 58.408545], [-103.627148, 58.347705], [-103.661914, 58.283643], [-103.619336, 58.282666], [-103.612549, 58.267432], [-103.619434, 58.233887], [-103.654492, 58.173047], [-103.705859, 58.127441], [-103.708984, 58.101611], [-103.681934, 58.07793], [-103.671777, 58.054248], [-103.673437, 58.037354], [-103.792725, 57.963574], [-103.803125, 57.946875], [-103.77666, 57.932422], [-103.670361, 57.938574], [-103.656299, 57.919336], [-103.795654, 57.823389], [-103.832275, 57.793652], [-103.829297, 57.779102], [-103.794434, 57.776807], [-103.727881, 57.796484], [-103.559326, 57.868701], [-103.469092, 57.87666], [-103.358984, 57.861377], [-103.313672, 57.827881], [-103.306299, 57.778467], [-103.346875, 57.729395], [-103.360352, 57.69458], [-103.32998, 57.697217], [-103.269043, 57.737842], [-103.21123, 57.828076], [-103.217627, 57.843652], [-103.245068, 57.850977], [-103.26875, 57.86958], [-103.280859, 57.896826], [-103.281445, 57.984082], [-103.259277, 58.05332], [-103.231104, 58.080762], [-103.101562, 58.133789], [-103.055908, 58.124268], [-102.940527, 58.173437]], [[-103.771045, 58.573877], [-103.668359, 58.54502], [-103.622949, 58.606982], [-103.599854, 58.661133], [-103.662744, 58.70166], [-103.785791, 58.691016], [-103.83623, 58.609131], [-103.819434, 58.582861], [-103.771045, 58.573877]], [[-105.854834, 58.977979], [-105.867969, 58.939307], [-105.835303, 58.918799], [-105.784814, 58.922021], [-105.660449, 59.054688], [-105.55376, 59.098584], [-105.394238, 59.127588], [-105.216016, 59.14585], [-105.012354, 59.173193], [-104.975, 59.200439], [-104.948096, 59.236768], [-105.0125, 59.262549], [-105.119482, 59.285693], [-105.215137, 59.296094], [-105.549805, 59.150293], [-105.806055, 59.031055], [-105.854834, 58.977979]], [[-102.261133, 60.648535], [-102.351758, 60.633496], [-102.434326, 60.584668], [-102.437061, 60.500439], [-102.367139, 60.442627], [-102.315332, 60.423975], [-102.379053, 60.367627], [-102.484766, 60.314453], [-102.549072, 60.322266], [-102.600391, 60.308789], [-102.587549, 60.245654], [-102.477393, 60.236133], [-102.381738, 60.250244], [-102.274609, 60.210938], [-102.0854, 60.018701], [-102.02334, 59.929297], [-101.987793, 59.965283], [-101.982812, 60.009863], [-101.884668, 59.982764], [-101.878223, 60.037061], [-101.84873, 60.111572], [-101.886377, 60.23833], [-101.998096, 60.375098], [-102.107959, 60.456787], [-102.157764, 60.512402], [-102.177148, 60.561133], [-102.215186, 60.615381], [-102.261133, 60.648535]], [[-104.228906, 60.586768], [-104.134521, 60.53335], [-104.151611, 60.425342], [-104.1875, 60.341211], [-104.116602, 60.355371], [-103.948975, 60.421484], [-103.935107, 60.476855], [-103.907471, 60.504541], [-103.835645, 60.553516], [-103.735693, 60.641797], [-103.745557, 60.700977], [-103.810254, 60.710449], [-103.858984, 60.677197], [-103.878613, 60.641162], [-103.937012, 60.613867], [-104.042139, 60.601758], [-104.122754, 60.624463], [-104.136572, 60.667529], [-104.082422, 60.692822], [-103.969824, 60.707178], [-103.812891, 60.784912], [-103.666992, 60.834863], [-103.646826, 60.902197], [-103.716406, 60.951807], [-103.74248, 60.945068], [-103.769043, 60.865918], [-103.850537, 60.823779], [-103.98252, 60.785156], [-104.019824, 60.792773], [-104.072803, 60.781445], [-104.124072, 60.751709], [-104.21665, 60.738477], [-104.219141, 60.757129], [-104.138916, 60.80459], [-104.140674, 60.82583], [-104.21875, 60.81377], [-104.229932, 60.846338], [-104.212061, 60.903223], [-104.213135, 60.937939], [-104.281104, 60.98125], [-104.297363, 61.00498], [-104.334863, 61.02627], [-104.419336, 61.022021], [-104.448633, 61.001221], [-104.450098, 60.972754], [-104.508691, 60.883105], [-104.52959, 60.860303], [-104.643164, 60.855566], [-104.636719, 60.834619], [-104.587744, 60.813477], [-104.504639, 60.818359], [-104.440039, 60.851953], [-104.425342, 60.884961], [-104.379541, 60.90127], [-104.342627, 60.870508], [-104.390332, 60.809033], [-104.493945, 60.726123], [-104.467676, 60.703125], [-104.39502, 60.684814], [-104.331738, 60.633057], [-104.228906, 60.586768]], [[-103.143555, 61.653027], [-103.210498, 61.676904], [-103.233398, 61.642041], [-103.341797, 61.561816], [-103.456348, 61.513135], [-103.478027, 61.431152], [-103.468652, 61.385303], [-103.447412, 61.365625], [-103.392139, 61.394873], [-103.29624, 61.520557], [-103.19082, 61.588184], [-103.143555, 61.653027]], [[-102.692139, 62.601904], [-102.677051, 62.560205], [-102.736621, 62.410303], [-102.670215, 62.417969], [-102.57627, 62.450049], [-102.551416, 62.498682], [-102.560498, 62.552197], [-102.596729, 62.657471], [-102.660352, 62.75957], [-102.694141, 62.762158], [-102.773633, 62.704199], [-102.768994, 62.669141], [-102.692139, 62.601904]], [[-98.347607, 62.665381], [-98.349658, 62.615625], [-98.314697, 62.618213], [-98.227002, 62.670068], [-98.205762, 62.689697], [-98.131641, 62.663818], [-97.968701, 62.548486], [-98.048145, 62.527002], [-98.022656, 62.504248], [-97.964795, 62.474219], [-97.913281, 62.458887], [-97.88916, 62.469922], [-97.875635, 62.488086], [-97.842432, 62.500049], [-97.779639, 62.508691], [-97.70249, 62.506982], [-97.625781, 62.491748], [-97.444922, 62.421533], [-97.377148, 62.432324], [-97.318262, 62.46123], [-97.308643, 62.48501], [-97.326123, 62.501172], [-97.34873, 62.508008], [-97.360254, 62.506592], [-97.360156, 62.484375], [-97.384375, 62.485352], [-97.427197, 62.502441], [-97.474951, 62.533594], [-97.508594, 62.568115], [-97.518066, 62.603271], [-97.56084, 62.637891], [-97.612695, 62.662646], [-97.630664, 62.71626], [-97.634766, 62.781055], [-97.64707, 62.828027], [-97.662256, 62.863965], [-97.637988, 62.890625], [-97.617871, 62.924121], [-97.616943, 62.96709], [-97.630176, 62.979297], [-97.67998, 62.947168], [-97.71377, 62.890527], [-97.76416, 62.864014], [-97.982861, 62.864404], [-98.098682, 62.842139], [-98.145166, 62.854785], [-98.193555, 62.850635], [-98.207471, 62.809814], [-98.355811, 62.811279], [-98.408691, 62.815723], [-98.432422, 62.828125], [-98.458301, 62.828516], [-98.41875, 62.762158], [-98.387305, 62.73042], [-98.356396, 62.707617], [-98.347607, 62.665381]], [[-99.233545, 63.024609], [-99.303564, 63.047559], [-99.331982, 63.099512], [-99.302832, 63.15498], [-99.297656, 63.187061], [-99.3479, 63.172656], [-99.558008, 63.003564], [-99.60625, 62.958838], [-99.764307, 62.872803], [-99.762158, 62.847998], [-99.729541, 62.819482], [-99.573096, 62.807471], [-99.385889, 62.816943], [-99.24043, 62.872705], [-99.141992, 62.92876], [-99.159424, 62.990527], [-99.233545, 63.024609]], [[-101.54751, 63.455908], [-101.583691, 63.427539], [-101.583496, 63.397314], [-101.611035, 63.382129], [-101.635205, 63.375244], [-101.688379, 63.37002], [-101.749072, 63.337158], [-101.80708, 63.26709], [-101.93457, 63.221094], [-102.079297, 63.19375], [-102.160156, 63.164795], [-102.173682, 63.121973], [-102.127393, 63.088867], [-102.09707, 63.076367], [-102.04834, 63.004199], [-102.034668, 62.924561], [-101.989209, 62.886572], [-101.915674, 62.87666], [-101.823096, 62.880566], [-101.754687, 62.800537], [-101.672754, 62.796631], [-101.589648, 62.776025], [-101.552979, 62.722803], [-101.554297, 62.683984], [-101.529395, 62.664014], [-101.512109, 62.674902], [-101.498975, 62.739746], [-101.472559, 62.790625], [-101.434131, 62.844775], [-101.414355, 62.910645], [-101.380518, 62.928125], [-101.330029, 62.89126], [-101.321729, 62.828125], [-101.353711, 62.766016], [-101.39248, 62.720996], [-101.381543, 62.682666], [-101.290381, 62.666064], [-101.138232, 62.713232], [-101.02793, 62.761133], [-101.022656, 62.802734], [-101.059033, 62.857959], [-101.027734, 62.896045], [-100.982324, 62.910645], [-100.883691, 62.95625], [-100.884082, 63.007227], [-101.006689, 63.052393], [-101.060547, 63.060205], [-101.103711, 63.101855], [-101.113477, 63.171436], [-101.064209, 63.242529], [-101.060059, 63.267529], [-101.040527, 63.291797], [-100.983154, 63.303174], [-100.863623, 63.293506], [-100.8229, 63.297217], [-100.770312, 63.319043], [-100.672803, 63.372949], [-100.644385, 63.468457], [-100.705762, 63.546484], [-100.799121, 63.540332], [-100.856006, 63.519873], [-100.902441, 63.530322], [-101.008008, 63.463037], [-101.061035, 63.459619], [-101.08125, 63.438965], [-101.137207, 63.430371], [-101.275781, 63.490576], [-101.332324, 63.466846], [-101.292822, 63.414941], [-101.319385, 63.393799], [-101.365332, 63.39668], [-101.395752, 63.418359], [-101.456787, 63.443164], [-101.54751, 63.455908]], [[-94.623877, 64.031055], [-94.454687, 63.996387], [-94.311621, 64.012451], [-94.224512, 64.076074], [-94.247021, 64.123682], [-94.346191, 64.135498], [-94.456348, 64.139551], [-94.625635, 64.158838], [-94.650146, 64.196777], [-94.792969, 64.21709], [-94.917187, 64.225049], [-95.037158, 64.23877], [-95.250586, 64.273877], [-96.202588, 64.324609], [-96.273389, 64.301416], [-96.227441, 64.192969], [-95.945557, 64.126807], [-95.839014, 64.084082], [-95.78418, 64.05625], [-95.501758, 64.058301], [-95.299365, 64.07915], [-94.8604, 64.065527], [-94.623877, 64.031055]], [[-95.549512, 64.762402], [-95.487061, 64.765967], [-95.459375, 64.788916], [-95.456348, 64.814063], [-95.465186, 64.85874], [-95.463086, 64.921143], [-95.390186, 64.972266], [-95.249365, 65.003418], [-95.25, 65.034229], [-95.502881, 65.042383], [-95.63208, 65.039404], [-95.725879, 65.021826], [-95.931348, 65.003125], [-96.003223, 64.974414], [-96.03208, 64.923145], [-95.992676, 64.890869], [-95.880859, 64.850879], [-95.869727, 64.871436], [-95.85791, 64.914551], [-95.798779, 64.922803], [-95.711719, 64.873535], [-95.636475, 64.845801], [-95.624658, 64.826367], [-95.62002, 64.806152], [-95.592627, 64.782422], [-95.549512, 64.762402]], [[-98.523291, 67.351172], [-98.551514, 67.271777], [-98.545947, 67.242676], [-98.490674, 67.20625], [-98.421094, 67.192041], [-98.271777, 67.288965], [-98.228711, 67.332129], [-98.30249, 67.350293], [-98.382275, 67.38418], [-98.434863, 67.413916], [-98.485937, 67.420898], [-98.523291, 67.351172]], [[-79.81084, 9.105127], [-79.855371, 9.054736], [-79.847461, 9.045068], [-79.829834, 9.045703], [-79.799707, 9.073096], [-79.690527, 9.103564], [-79.687939, 9.123584], [-79.67085, 9.144043], [-79.68623, 9.134473], [-79.71709, 9.126514], [-79.739404, 9.129834], [-79.775781, 9.148047], [-79.807861, 9.172412], [-79.838184, 9.206543], [-79.843555, 9.222461], [-79.798926, 9.253906], [-79.809229, 9.315918], [-79.822363, 9.320215], [-79.857275, 9.293604], [-79.923291, 9.267432], [-79.953076, 9.192236], [-80.013477, 9.097412], [-80.067627, 9.04082], [-80.076465, 9.016211], [-80.029639, 9.025635], [-80.019287, 9.037061], [-80.020898, 9.056494], [-80.011621, 9.060107], [-79.973437, 9.024023], [-79.960107, 9.022559], [-79.946582, 9.067773], [-79.925586, 9.078271], [-79.900391, 9.154053], [-79.81084, 9.105127]], [[-85.005371, 11.057227], [-84.940137, 11.051514], [-84.896631, 11.035352], [-84.841895, 11.049072], [-84.803125, 11.065039], [-84.769141, 11.117676], [-84.79165, 11.206201], [-84.814307, 11.2604], [-84.916162, 11.413867], [-85.008789, 11.526514], [-85.132031, 11.663086], [-85.259326, 11.78291], [-85.361816, 11.855371], [-85.441406, 11.901758], [-85.588477, 12.01626], [-85.67583, 12.064111], [-85.75127, 12.093701], [-85.797656, 12.107031], [-85.835059, 12.108887], [-85.871387, 12.097754], [-85.894434, 12.03501], [-85.912012, 12.00293], [-85.914258, 11.952881], [-85.901172, 11.794727], [-85.902588, 11.720654], [-85.898975, 11.702441], [-85.877197, 11.682959], [-85.864453, 11.663965], [-85.834375, 11.563086], [-85.797559, 11.482568], [-85.719043, 11.352637], [-85.683643, 11.316992], [-85.64043, 11.283301], [-85.517236, 11.215527], [-85.411133, 11.173877], [-85.260303, 11.123437], [-85.110059, 11.080615], [-85.005371, 11.057227]], [[-86.303809, 12.265039], [-86.296875, 12.241992], [-86.3146, 12.17749], [-86.261035, 12.171973], [-86.174902, 12.184863], [-86.104736, 12.207617], [-86.103516, 12.312305], [-86.118896, 12.328613], [-86.16123, 12.315381], [-86.235547, 12.382764], [-86.294238, 12.473828], [-86.338721, 12.47998], [-86.399805, 12.463525], [-86.468213, 12.428076], [-86.545947, 12.410156], [-86.588965, 12.405322], [-86.588623, 12.379883], [-86.571631, 12.343213], [-86.52876, 12.303369], [-86.469629, 12.27373], [-86.386572, 12.274072], [-86.322656, 12.279785], [-86.303809, 12.265039]], [[-89.238037, 15.410156], [-89.182422, 15.417285], [-89.078613, 15.443604], [-89.022363, 15.489307], [-88.997363, 15.572803], [-88.97041, 15.636377], [-88.924561, 15.677783], [-88.877686, 15.711865], [-88.852148, 15.741455], [-88.842773, 15.765332], [-88.861768, 15.764404], [-88.970605, 15.687598], [-89.105371, 15.6021], [-89.317432, 15.521875], [-89.371533, 15.505469], [-89.388086, 15.487988], [-89.301318, 15.381689], [-89.238037, 15.410156]], [[-80.931738, 26.810156], [-80.895605, 26.752197], [-80.858496, 26.722852], [-80.784082, 26.690869], [-80.742627, 26.697266], [-80.710742, 26.741895], [-80.667969, 26.825635], [-80.62876, 26.887061], [-80.621436, 26.949268], [-80.654443, 27.053711], [-80.670703, 27.086572], [-80.689502, 27.110059], [-80.758594, 27.182178], [-80.803271, 27.182178], [-80.870264, 27.14707], [-80.94165, 27.076807], [-81.055322, 26.990771], [-81.080811, 26.955664], [-81.07124, 26.917383], [-81.026562, 26.875879], [-80.979248, 26.855518], [-80.931738, 26.810156]], [[-81.683887, 29.367676], [-81.639551, 29.257764], [-81.595459, 29.197949], [-81.529199, 29.224072], [-81.540283, 29.287354], [-81.640039, 29.414453], [-81.682861, 29.505225], [-81.683887, 29.367676]], [[-90.432715, 30.326123], [-90.493115, 30.348242], [-90.556885, 30.28374], [-90.580029, 30.234814], [-90.574023, 30.196875], [-90.537451, 30.179395], [-90.466602, 30.197949], [-90.425049, 30.274023], [-90.432715, 30.326123]], [[-82.574707, 33.642676], [-82.467627, 33.640723], [-82.33208, 33.672168], [-82.20835, 33.663574], [-82.187646, 33.693799], [-82.247314, 33.773926], [-82.327148, 33.847021], [-82.381006, 33.926855], [-82.410645, 33.954102], [-82.441211, 33.938379], [-82.545996, 34.008545], [-82.589258, 34.017383], [-82.577197, 33.956396], [-82.55332, 33.937305], [-82.579102, 33.86543], [-82.520654, 33.893213], [-82.490723, 33.8979], [-82.419238, 33.845703], [-82.308057, 33.775879], [-82.275244, 33.725439], [-82.43916, 33.671191], [-82.541309, 33.662354], [-82.574707, 33.642676]], [[-87.323096, 34.76665], [-86.958691, 34.565088], [-86.898535, 34.574756], [-87.006055, 34.68252], [-87.267627, 34.807617], [-87.382812, 34.851465], [-87.542139, 34.850635], [-87.661084, 34.813623], [-87.700439, 34.773389], [-87.636768, 34.76499], [-87.5125, 34.792041], [-87.323096, 34.76665]], [[-88.041309, 35.948535], [-87.975391, 35.945264], [-87.933594, 36.073828], [-87.910254, 36.187012], [-88.006885, 36.4271], [-88.02251, 36.528271], [-88.056934, 36.669336], [-88.206641, 36.970605], [-88.283301, 37.021533], [-88.271777, 36.950586], [-88.126465, 36.65498], [-88.083887, 36.554785], [-88.085938, 36.446875], [-88.119092, 36.354639], [-88.116113, 36.292773], [-88.091895, 36.260352], [-88.066357, 36.314307], [-88.038818, 36.306787], [-87.991211, 36.234131], [-87.982715, 36.098877], [-88.041309, 35.948535]], [[-82.690039, 42.035937], [-82.833838, 41.997217], [-82.936621, 42.006396], [-83.06123, 42.050195], [-83.107861, 42.070996], [-83.117236, 42.119775], [-83.104541, 42.215186], [-83.076465, 42.275488], [-83.04668, 42.297021], [-83.013623, 42.311865], [-82.970605, 42.326758], [-82.867334, 42.335254], [-82.589502, 42.314551], [-82.515723, 42.321777], [-82.461865, 42.339111], [-82.427979, 42.366699], [-82.413525, 42.411084], [-82.418457, 42.472266], [-82.432129, 42.497803], [-82.453027, 42.495459], [-82.613037, 42.524609], [-82.645117, 42.558057], [-82.62998, 42.594531], [-82.632812, 42.661035], [-82.649902, 42.686572], [-82.686768, 42.696924], [-82.732617, 42.689551], [-82.787354, 42.664551], [-82.804443, 42.638916], [-82.783789, 42.612744], [-82.795996, 42.589111], [-82.840967, 42.568115], [-82.870117, 42.518994], [-82.883398, 42.441846], [-82.902002, 42.393994], [-82.925977, 42.375488], [-83.016504, 42.347119], [-83.063379, 42.322656], [-83.104834, 42.286426], [-83.142139, 42.227637], [-83.175244, 42.146289], [-83.188428, 42.083398], [-83.176562, 42.048926], [-83.255566, 41.985596], [-83.265234, 41.970557], [-83.261816, 41.946387], [-83.27251, 41.93457], [-83.297217, 41.935059], [-83.316162, 41.923291], [-83.362061, 41.879883], [-83.456201, 41.74248], [-83.442969, 41.724854], [-83.352246, 41.714014], [-83.290723, 41.693262], [-83.242578, 41.661914], [-83.069092, 41.600635], [-83.016016, 41.562793], [-82.963281, 41.541943], [-82.910791, 41.538232], [-82.874902, 41.550146], [-82.855518, 41.577832], [-82.830762, 41.579687], [-82.800781, 41.555713], [-82.703125, 41.529492], [-82.7, 41.521289], [-82.970703, 41.475732], [-83.02749, 41.454541], [-82.95957, 41.439746], [-82.891113, 41.443311], [-82.822266, 41.465234], [-82.743066, 41.464062], [-82.673486, 41.453662], [-82.642627, 41.466895], [-82.524414, 41.406982], [-82.480273, 41.398096], [-82.434424, 41.404932], [-82.386865, 41.42749], [-82.282471, 41.456836], [-82.121338, 41.492969], [-81.966309, 41.507666], [-81.81748, 41.500879], [-81.723193, 41.510937], [-81.637207, 41.548437], [-81.44707, 41.671484], [-81.228613, 41.77041], [-80.869238, 41.893311], [-80.334473, 42.04082], [-79.704053, 42.300098], [-79.512256, 42.391016], [-79.416357, 42.456885], [-79.315381, 42.511572], [-79.209229, 42.555176], [-79.124951, 42.61123], [-79.062549, 42.679785], [-78.993604, 42.730713], [-78.918262, 42.764062], [-78.877832, 42.799121], [-78.872266, 42.835938], [-78.88623, 42.885645], [-78.919727, 42.948193], [-78.924316, 42.99751], [-78.900098, 43.033496], [-78.894727, 43.057764], [-78.908154, 43.070312], [-79.066064, 43.106104], [-79.073193, 43.093066], [-79.042871, 43.063623], [-79.034521, 43.043896], [-79.039697, 43.021289], [-79.010547, 42.990527], [-78.94707, 42.951562], [-78.922363, 42.923828], [-78.936426, 42.907227], [-79.056934, 42.862256], [-79.121875, 42.85752], [-79.175928, 42.872607], [-79.263965, 42.880322], [-79.385937, 42.880664], [-79.593848, 42.853955], [-79.661475, 42.850586], [-79.698682, 42.861621], [-79.746582, 42.858447], [-79.922852, 42.822412], [-80.099463, 42.802344], [-80.220459, 42.774365], [-80.28584, 42.738477], [-80.364746, 42.683105], [-80.395557, 42.675879], [-80.451221, 42.613477], [-80.446045, 42.604199], [-80.367773, 42.60791], [-80.304932, 42.589697], [-80.104834, 42.571533], [-80.062109, 42.55415], [-80.093848, 42.546387], [-80.396631, 42.577393], [-80.473047, 42.573926], [-80.616602, 42.59585], [-80.827197, 42.643164], [-81.03916, 42.662451], [-81.25249, 42.65376], [-81.404395, 42.62998], [-81.494922, 42.591162], [-81.729932, 42.446582], [-81.809033, 42.368408], [-81.84082, 42.295459], [-81.866797, 42.25835], [-81.887012, 42.257031], [-81.886719, 42.273633], [-81.865918, 42.308057], [-81.874463, 42.315039], [-81.929346, 42.279248], [-81.937891, 42.268896], [-82.044385, 42.257227], [-82.160156, 42.222754], [-82.311377, 42.158252], [-82.411914, 42.103223], [-82.461768, 42.057715], [-82.489844, 42.004639], [-82.495996, 41.944043], [-82.511523, 41.932178], [-82.567236, 41.999951], [-82.604199, 42.025244], [-82.645117, 42.037256], [-82.690039, 42.035937]], [[-77.07749, 42.648486], [-77.113379, 42.568848], [-77.148145, 42.568359], [-77.203027, 42.437354], [-77.191016, 42.425391], [-77.107373, 42.520996], [-77.057568, 42.644482], [-77.07749, 42.648486]], [[-77.244873, 42.875781], [-77.270508, 42.894775], [-77.291113, 42.836475], [-77.33418, 42.784814], [-77.360645, 42.733545], [-77.363916, 42.703809], [-77.354004, 42.688916], [-77.309375, 42.768311], [-77.262207, 42.8146], [-77.244873, 42.875781]], [[-76.280615, 44.046484], [-76.306055, 44.043213], [-76.309668, 44.062744], [-76.352441, 44.106055], [-76.237793, 44.183203], [-75.832178, 44.397266], [-75.790918, 44.429883], [-75.775684, 44.458887], [-75.786572, 44.484326], [-75.805127, 44.494678], [-75.831396, 44.48999], [-75.941602, 44.410791], [-76.057227, 44.366602], [-76.340723, 44.294727], [-76.407812, 44.262451], [-76.490479, 44.243701], [-76.588867, 44.238477], [-76.687695, 44.217969], [-76.787012, 44.182227], [-76.991504, 44.074121], [-77.041309, 44.071094], [-77.062256, 44.091162], [-77.055273, 44.106396], [-77.020947, 44.133105], [-76.896045, 44.187549], [-76.913086, 44.197754], [-76.951074, 44.18623], [-77.01001, 44.152881], [-77.033105, 44.156445], [-77.020459, 44.196924], [-77.058691, 44.205078], [-77.147754, 44.180811], [-77.20332, 44.175391], [-77.225342, 44.18877], [-77.250781, 44.188818], [-77.279639, 44.175586], [-77.325684, 44.178076], [-77.547217, 44.12373], [-77.584375, 44.094336], [-77.585742, 44.084326], [-77.44585, 44.130762], [-77.332715, 44.15293], [-77.313965, 44.142676], [-77.331348, 44.119043], [-77.331641, 44.104199], [-77.295996, 44.097949], [-77.274854, 44.104199], [-77.272949, 44.110693], [-77.290332, 44.117529], [-77.289844, 44.126855], [-77.271484, 44.138672], [-77.115283, 44.172949], [-77.083203, 44.148096], [-77.116992, 44.079492], [-77.102734, 44.046338], [-77.040234, 44.048633], [-76.969336, 44.066309], [-76.889941, 44.099316], [-76.862988, 44.099902], [-76.888428, 44.068018], [-76.930176, 44.038379], [-77.024023, 43.987207], [-77.043799, 43.951904], [-77.042334, 43.942773], [-77.013086, 43.956543], [-76.870312, 43.964941], [-76.879102, 43.94292], [-76.934229, 43.929688], [-77.054492, 43.883008], [-77.151172, 43.866455], [-77.207959, 43.875977], [-77.219238, 43.899658], [-77.185156, 43.9375], [-77.190039, 43.947607], [-77.267187, 43.921631], [-77.289404, 43.922754], [-77.314795, 43.946533], [-77.310596, 43.9521], [-77.275586, 43.95166], [-77.258984, 43.963965], [-77.324512, 43.971582], [-77.420654, 43.954004], [-77.502881, 43.962549], [-77.554004, 43.990332], [-77.567627, 44.007666], [-77.54375, 44.014453], [-77.549023, 44.024756], [-77.583447, 44.038379], [-77.681787, 44.044824], [-77.708691, 44.033301], [-77.726465, 44.009277], [-77.829053, 44.010693], [-77.880762, 43.993945], [-77.999854, 43.978906], [-78.186328, 43.965527], [-78.334961, 43.944434], [-78.445898, 43.915625], [-78.527832, 43.904834], [-78.580908, 43.911963], [-78.669336, 43.902441], [-78.793066, 43.87627], [-78.988672, 43.855469], [-79.060645, 43.835156], [-79.165332, 43.779883], [-79.302783, 43.689697], [-79.396338, 43.64541], [-79.445996, 43.647119], [-79.480127, 43.635986], [-79.498828, 43.611963], [-79.569043, 43.578271], [-79.596289, 43.551807], [-79.610107, 43.513281], [-79.656445, 43.452832], [-79.77417, 43.319824], [-79.773047, 43.301123], [-79.727832, 43.252832], [-79.527881, 43.209521], [-79.401465, 43.208691], [-79.337549, 43.197705], [-79.291357, 43.207471], [-79.213379, 43.242285], [-79.053174, 43.285107], [-78.689453, 43.361475], [-78.457471, 43.387549], [-78.174951, 43.394678], [-77.838232, 43.35708], [-77.707373, 43.322852], [-77.624609, 43.279102], [-77.529053, 43.267383], [-77.420801, 43.287744], [-77.270801, 43.294531], [-77.079004, 43.287695], [-76.976416, 43.277393], [-76.963086, 43.26377], [-76.949805, 43.26792], [-76.93667, 43.289746], [-76.885303, 43.314014], [-76.741406, 43.350049], [-76.722314, 43.342627], [-76.692871, 43.360937], [-76.653076, 43.405029], [-76.579687, 43.453809], [-76.472705, 43.507275], [-76.376025, 43.535059], [-76.2896, 43.537305], [-76.231787, 43.550439], [-76.202588, 43.574512], [-76.193604, 43.595801], [-76.204834, 43.614258], [-76.19502, 43.644824], [-76.209717, 43.670312], [-76.218115, 43.757812], [-76.234863, 43.798779], [-76.258203, 43.829102], [-76.288184, 43.84873], [-76.284619, 43.869238], [-76.23252, 43.894531], [-76.236426, 43.870947], [-76.222754, 43.863818], [-76.19834, 43.874463], [-76.142676, 43.926855], [-76.136475, 43.946631], [-76.098682, 43.966992], [-76.070654, 43.998486], [-76.101904, 44.003174], [-76.175439, 43.993799], [-76.192285, 44.003369], [-76.15415, 44.04541], [-76.16123, 44.069336], [-76.173291, 44.079443], [-76.197607, 44.083496], [-76.280615, 44.046484]], [[-84.97749, 45.706543], [-84.955469, 45.743408], [-84.981396, 45.767041], [-84.951514, 45.775391], [-84.865869, 45.768555], [-84.805957, 45.775049], [-84.771973, 45.794775], [-84.690918, 45.773779], [-84.562939, 45.712158], [-84.441406, 45.67627], [-84.326318, 45.666162], [-84.242285, 45.644434], [-84.189258, 45.611133], [-84.151123, 45.573828], [-84.127734, 45.532471], [-84.072803, 45.509131], [-83.986328, 45.503809], [-83.918262, 45.486279], [-83.86875, 45.456494], [-83.593652, 45.379443], [-83.478516, 45.338818], [-83.415283, 45.299023], [-83.397266, 45.273584], [-83.402588, 45.24834], [-83.396191, 45.221387], [-83.348975, 45.168994], [-83.331104, 45.164209], [-83.320166, 45.138965], [-83.316113, 45.093164], [-83.302295, 45.062402], [-83.278711, 45.046777], [-83.293066, 45.040381], [-83.377832, 45.066895], [-83.425928, 45.058936], [-83.448145, 45.024561], [-83.451562, 44.991992], [-83.436182, 44.961426], [-83.327783, 44.869238], [-83.299561, 44.785205], [-83.294238, 44.68335], [-83.30791, 44.643799], [-83.319287, 44.556494], [-83.330566, 44.375098], [-83.366211, 44.330029], [-83.462793, 44.264941], [-83.464209, 44.277246], [-83.487402, 44.280566], [-83.5125, 44.270752], [-83.54751, 44.215039], [-83.57749, 44.113428], [-83.613965, 44.058252], [-83.656982, 44.049561], [-83.682812, 44.03501], [-83.691504, 44.014453], [-83.737695, 44.000635], [-83.821436, 43.993457], [-83.878809, 43.962549], [-83.921582, 43.875488], [-83.919775, 43.833887], [-83.9396, 43.781934], [-83.938281, 43.737549], [-83.915674, 43.700586], [-83.847998, 43.663623], [-83.735205, 43.62666], [-83.667871, 43.620996], [-83.621582, 43.636475], [-83.573096, 43.697119], [-83.526025, 43.720898], [-83.468896, 43.730908], [-83.352979, 43.879346], [-83.353076, 43.906348], [-83.3875, 43.916602], [-83.382568, 43.924072], [-83.338135, 43.928906], [-83.299463, 43.945117], [-83.266602, 43.972852], [-83.209277, 43.993604], [-83.069482, 44.025049], [-82.994629, 44.061084], [-82.947217, 44.066992], [-82.878223, 44.047754], [-82.787744, 44.003516], [-82.716113, 43.939014], [-82.66333, 43.854199], [-82.596729, 43.634424], [-82.516211, 43.279639], [-82.461279, 43.081006], [-82.417236, 43.017383], [-82.312012, 43.043262], [-82.181055, 43.085107], [-82.088086, 43.132666], [-82.033057, 43.185791], [-81.974121, 43.223437], [-81.911377, 43.245605], [-81.848193, 43.280127], [-81.784521, 43.326855], [-81.739404, 43.391553], [-81.712793, 43.474072], [-81.705176, 43.557617], [-81.716504, 43.642139], [-81.718359, 43.981592], [-81.731982, 44.0604], [-81.708105, 44.130713], [-81.646631, 44.19248], [-81.608936, 44.252539], [-81.594971, 44.31084], [-81.564941, 44.359668], [-81.518848, 44.398926], [-81.474316, 44.424561], [-81.431348, 44.436475], [-81.402197, 44.460596], [-81.386768, 44.496924], [-81.351904, 44.542285], [-81.29751, 44.59668], [-81.277734, 44.643701], [-81.278174, 44.789941], [-81.300049, 44.831982], [-81.341113, 44.869922], [-81.35835, 44.911035], [-81.355225, 44.977539], [-81.376953, 44.984131], [-81.415479, 44.987354], [-81.451172, 45.01499], [-81.499316, 45.081445], [-81.541455, 45.124902], [-81.577441, 45.14541], [-81.590332, 45.165869], [-81.628809, 45.189111], [-81.683154, 45.202832], [-81.706055, 45.223486], [-81.697363, 45.251221], [-81.595361, 45.261963], [-81.296484, 45.24873], [-81.285205, 45.24126], [-81.31582, 45.188672], [-81.312549, 45.15625], [-81.281836, 45.123975], [-81.26416, 45.081348], [-81.259521, 45.02832], [-81.193311, 45.002637], [-81.17998, 44.974365], [-81.137939, 44.968066], [-81.125, 44.952539], [-81.141113, 44.927783], [-81.133594, 44.917871], [-81.074023, 44.91377], [-81.032031, 44.956934], [-81.012012, 44.967334], [-80.972754, 44.969629], [-80.96626, 44.958643], [-80.992578, 44.934375], [-81.005957, 44.906934], [-81.006348, 44.876172], [-81.036426, 44.842822], [-81.127539, 44.782422], [-81.130176, 44.769678], [-81.110254, 44.765332], [-81.021973, 44.802148], [-80.963477, 44.808984], [-80.919434, 44.796777], [-80.895361, 44.780957], [-80.891162, 44.761328], [-80.901172, 44.712012], [-80.925391, 44.632861], [-80.909668, 44.617578], [-80.854053, 44.666113], [-80.789844, 44.700293], [-80.670166, 44.727002], [-80.649512, 44.721289], [-80.592871, 44.638525], [-80.460254, 44.577783], [-80.225977, 44.509521], [-80.084814, 44.489355], [-80.036963, 44.517383], [-80.007812, 44.57168], [-79.997461, 44.652344], [-80.021143, 44.709521], [-80.078906, 44.743115], [-80.10791, 44.775488], [-80.108203, 44.806787], [-80.064746, 44.833594], [-79.996777, 44.855713], [-79.92959, 44.862988], [-79.92041, 44.854541], [-79.935303, 44.823535], [-79.924951, 44.812891], [-79.891309, 44.809375], [-79.826953, 44.768018], [-79.717383, 44.761182], [-79.67793, 44.768945], [-79.708594, 44.791162], [-79.713379, 44.821143], [-79.692383, 44.858789], [-79.695947, 44.875146], [-79.732471, 44.862939], [-79.732764, 44.832031], [-79.749609, 44.815479], [-79.771582, 44.819336], [-79.78457, 44.85415], [-79.828369, 44.936328], [-79.902393, 44.956543], [-79.928906, 44.974365], [-79.931787, 45.001221], [-79.946094, 45.017187], [-79.971875, 45.022168], [-80.021582, 45.072119], [-80.085938, 45.109375], [-80.08335, 45.126416], [-80.022656, 45.136133], [-80.006494, 45.153271], [-80.015381, 45.175879], [-80.049365, 45.204053], [-80.074902, 45.211035], [-80.092187, 45.196875], [-80.107568, 45.200977], [-80.121094, 45.22334], [-80.111475, 45.259229], [-80.049707, 45.301123], [-80.041113, 45.342383], [-80.05708, 45.374561], [-80.09165, 45.393359], [-80.144824, 45.398828], [-80.176123, 45.396582], [-80.185498, 45.386572], [-80.167676, 45.348486], [-80.177295, 45.343848], [-80.270703, 45.360156], [-80.30249, 45.383105], [-80.349609, 45.399268], [-80.384863, 45.458398], [-80.391748, 45.500537], [-80.388525, 45.573584], [-80.414014, 45.619873], [-80.429492, 45.625244], [-80.427051, 45.597803], [-80.444287, 45.584131], [-80.485547, 45.576953], [-80.510693, 45.589746], [-80.519922, 45.622559], [-80.545508, 45.650049], [-80.592676, 45.682031], [-80.641016, 45.747266], [-80.643115, 45.767187], [-80.656152, 45.790234], [-80.696436, 45.815918], [-80.713379, 45.858496], [-80.786621, 45.919141], [-80.805176, 45.94248], [-80.817773, 45.951025], [-80.967969, 45.951807], [-81.097021, 45.941602], [-81.160254, 45.954883], [-81.15752, 45.991699], [-81.162012, 46.012061], [-81.173682, 46.016064], [-81.191309, 46.006152], [-81.196973, 45.990967], [-81.236816, 45.974121], [-81.303516, 45.974121], [-81.449414, 45.994434], [-81.502393, 45.992969], [-81.596729, 45.966553], [-81.627051, 45.978027], [-81.594971, 45.996387], [-81.597266, 46.011914], [-81.623828, 46.016699], [-81.640234, 46.040039], [-81.54165, 46.074658], [-81.544531, 46.090381], [-81.615332, 46.119385], [-81.646191, 46.115283], [-81.661719, 46.092871], [-81.688672, 46.078809], [-81.727051, 46.073096], [-81.750195, 46.057471], [-81.765186, 46.05791], [-81.769287, 46.104443], [-81.816602, 46.114746], [-82.011768, 46.128711], [-82.195996, 46.133936], [-82.317725, 46.162939], [-82.350049, 46.193262], [-82.638135, 46.172412], [-82.663623, 46.175928], [-82.719141, 46.207129], [-82.894727, 46.188428], [-83.025488, 46.181299], [-83.459131, 46.237646], [-83.571729, 46.260498], [-83.592773, 46.277832], [-83.660645, 46.289844], [-83.842725, 46.301953], [-83.863135, 46.306201], [-83.881738, 46.33291], [-83.934229, 46.342041], [-84.033643, 46.343799], [-84.091846, 46.36084], [-84.108789, 46.393213], [-84.106152, 46.430469], [-84.083838, 46.47251], [-84.087109, 46.506982], [-84.118262, 46.539453], [-84.165381, 46.562598], [-84.235645, 46.556787], [-84.343945, 46.531152], [-84.432422, 46.52207], [-84.475439, 46.489014], [-84.500537, 46.483252], [-84.568457, 46.543311], [-84.568555, 46.57666], [-84.465967, 46.674072], [-84.438135, 46.723047], [-84.464014, 46.746924], [-84.488086, 46.743506], [-84.510254, 46.712744], [-84.527539, 46.697363], [-84.539941, 46.697314], [-84.561035, 46.729785], [-84.553467, 46.805566], [-84.527734, 46.833984], [-84.48457, 46.847656], [-84.407764, 46.843652], [-84.382031, 46.85332], [-84.367432, 46.87998], [-84.38501, 46.905762], [-84.434766, 46.930762], [-84.487988, 46.944043], [-84.54458, 46.945703], [-84.58208, 46.937158], [-84.600342, 46.918408], [-84.624902, 46.922363], [-84.655664, 46.948975], [-84.750391, 46.98125], [-84.775146, 47.004004], [-84.77168, 47.036719], [-84.712305, 47.119873], [-84.719531, 47.14209], [-84.688184, 47.191162], [-84.618262, 47.267187], [-84.594336, 47.320215], [-84.616455, 47.350244], [-84.641162, 47.367041], [-84.668457, 47.370605], [-84.693311, 47.390479], [-84.715625, 47.42666], [-84.771338, 47.46167], [-84.860449, 47.495508], [-84.93584, 47.539844], [-84.997607, 47.594775], [-85.014258, 47.63877], [-84.98584, 47.671729], [-84.974805, 47.697998], [-84.981104, 47.717627], [-84.922461, 47.792578], [-84.915186, 47.855127], [-84.867383, 47.896436], [-84.847266, 47.928027], [-84.854736, 47.949951], [-84.963574, 47.960205], [-85.173828, 47.958984], [-85.34248, 47.950244], [-85.469531, 47.934082], [-85.6146, 47.940723], [-85.777686, 47.970166], [-85.913623, 48.029541], [-86.022412, 48.118799], [-86.10415, 48.210303], [-86.158936, 48.303955], [-86.181006, 48.385352], [-86.191357, 48.405566], [-86.215527, 48.422949], [-86.237402, 48.470605], [-86.256982, 48.548437], [-86.282568, 48.597949], [-86.314258, 48.619092], [-86.370996, 48.687549], [-86.390186, 48.714111], [-86.396143, 48.731299], [-86.432422, 48.758154], [-86.459277, 48.764941], [-86.580957, 48.753027], [-86.642871, 48.79458], [-86.692529, 48.80791], [-86.751562, 48.800586], [-86.819873, 48.772559], [-86.887646, 48.772412], [-87.008545, 48.788818], [-87.084717, 48.778906], [-87.223633, 48.775781], [-87.311426, 48.799414], [-87.40708, 48.834814], [-87.463721, 48.842041], [-87.517285, 48.838574], [-87.552002, 48.84834], [-87.567773, 48.87124], [-87.591602, 48.878174], [-87.760937, 48.919922], [-87.965625, 48.958691], [-88.02251, 48.998682], [-88.128223, 48.998145], [-88.160645, 48.981641], [-88.200439, 48.977441], [-88.247559, 48.985547], [-88.263574, 48.973682], [-88.248633, 48.941895], [-88.246582, 48.916992], [-88.224316, 48.867139], [-88.147217, 48.820752], [-88.108789, 48.775977], [-88.10918, 48.73291], [-88.138428, 48.682861], [-88.233105, 48.596973], [-88.325488, 48.584473], [-88.36875, 48.562402], [-88.399658, 48.557275], [-88.418164, 48.569141], [-88.443506, 48.560254], [-88.47583, 48.530664], [-88.489453, 48.506592], [-88.484473, 48.488086], [-88.500928, 48.466992], [-88.53877, 48.443408], [-88.559375, 48.446826], [-88.569336, 48.473926], [-88.584521, 48.492432], [-88.566504, 48.528027], [-88.393799, 48.655811], [-88.333594, 48.709082], [-88.322852, 48.738477], [-88.32915, 48.775684], [-88.352441, 48.820801], [-88.395312, 48.844873], [-88.457617, 48.847852], [-88.502637, 48.833057], [-88.535156, 48.785693], [-88.551953, 48.68374], [-88.549609, 48.658154], [-88.565332, 48.639844], [-88.6021, 48.629932], [-88.625293, 48.59873], [-88.634863, 48.546094], [-88.654102, 48.516553], [-88.683154, 48.510107], [-88.705713, 48.476123], [-88.734375, 48.384082], [-88.888477, 48.337305], [-88.932715, 48.3354], [-88.915674, 48.362744], [-88.896924, 48.378076], [-88.876416, 48.381494], [-88.818262, 48.506445], [-88.76377, 48.572363], [-88.774561, 48.583057], [-89.086426, 48.497656], [-89.200732, 48.45083], [-89.225, 48.417578], [-89.229395, 48.382275], [-89.213916, 48.344922], [-89.221484, 48.310742], [-89.252246, 48.279736], [-89.29668, 48.204248], [-89.315137, 48.158984], [-89.34541, 48.121143], [-89.438477, 48.098779], [-89.547461, 48.012939], [-89.604736, 47.99165], [-89.633838, 47.993701], [-89.67207, 47.978711], [-89.719531, 47.946729], [-89.82876, 47.900879], [-89.999854, 47.841162], [-90.197266, 47.786426], [-90.597461, 47.687744], [-90.846729, 47.585254], [-90.957129, 47.52373], [-91.386279, 47.214746], [-91.645166, 47.050049], [-92.064551, 46.818848], [-92.104248, 46.789404], [-92.107031, 46.761865], [-92.072803, 46.736182], [-91.987305, 46.698975], [-91.920801, 46.694434], [-91.835645, 46.7021], [-91.499072, 46.766113], [-91.356982, 46.810742], [-91.217627, 46.885645], [-91.203369, 46.888037], [-91.127246, 46.867676], [-90.946045, 46.95376], [-90.88667, 46.964795], [-90.839941, 46.962451], [-90.781934, 46.928711], [-90.768359, 46.908008], [-90.787695, 46.868408], [-90.839893, 46.809961], [-90.865332, 46.760693], [-90.863916, 46.720801], [-90.886426, 46.67749], [-90.943506, 46.618994], [-90.922998, 46.603076], [-90.769971, 46.64541], [-90.747559, 46.661865], [-90.74502, 46.67168], [-90.754346, 46.683545], [-90.736816, 46.688867], [-90.616504, 46.631348], [-90.536133, 46.599365], [-90.468848, 46.584131], [-90.341357, 46.60249], [-90.153564, 46.654492], [-89.993262, 46.71792], [-89.860596, 46.792773], [-89.695117, 46.838574], [-89.496826, 46.85542], [-89.35498, 46.881934], [-89.269434, 46.918164], [-89.154785, 46.988623], [-89.090234, 47.009277], [-89.009131, 47.015723], [-88.948096, 47.042969], [-88.907129, 47.091113], [-88.829639, 47.14585], [-88.715625, 47.207178], [-88.650488, 47.231982], [-88.634131, 47.220312], [-88.628223, 47.198633], [-88.632715, 47.166895], [-88.604395, 47.14126], [-88.543262, 47.121582], [-88.51543, 47.095508], [-88.52085, 47.063086], [-88.504395, 47.035449], [-88.466016, 47.012549], [-88.455859, 46.962842], [-88.47373, 46.886279], [-88.476074, 46.836719], [-88.462744, 46.81416], [-88.449121, 46.801514], [-88.427295, 46.813916], [-88.4, 46.840918], [-88.383008, 46.874316], [-88.21626, 46.951562], [-88.18374, 46.955322], [-88.12915, 46.935498], [-87.8771, 46.907715], [-87.777588, 46.887891], [-87.6375, 46.826514], [-87.509473, 46.683447], [-87.451221, 46.627441], [-87.414893, 46.612061], [-87.394482, 46.590088], [-87.377832, 46.539551], [-87.358105, 46.524414], [-87.170654, 46.513525], [-87.085693, 46.522705], [-87.034131, 46.543213], [-86.976758, 46.530078], [-86.913623, 46.483301], [-86.851465, 46.470215], [-86.790381, 46.49082], [-86.73291, 46.490137], [-86.679053, 46.468213], [-86.653906, 46.452246], [-86.6375, 46.452979], [-86.531006, 46.524414], [-86.402686, 46.587744], [-86.231348, 46.65625], [-86.132031, 46.686816], [-86.104639, 46.679248], [-85.946777, 46.702148], [-85.804492, 46.704248], [-85.616113, 46.690576], [-85.441504, 46.706641], [-85.280713, 46.752441], [-85.138428, 46.778027], [-85.014648, 46.783496], [-84.96792, 46.770703], [-84.998193, 46.739697], [-85.014502, 46.686475], [-85.016748, 46.610937], [-85.027393, 46.563135], [-85.046289, 46.543018], [-85.048633, 46.523877], [-85.034326, 46.505762], [-84.914307, 46.493994], [-84.851172, 46.469482], [-84.778809, 46.468359], [-84.697314, 46.490723], [-84.634863, 46.482275], [-84.591504, 46.443115], [-84.528369, 46.436084], [-84.467187, 46.464209], [-84.42417, 46.490674], [-84.386963, 46.502246], [-84.358008, 46.504687], [-84.327441, 46.491455], [-84.306738, 46.469141], [-84.254785, 46.407568], [-84.229053, 46.36582], [-84.21333, 46.303809], [-84.202246, 46.283154], [-84.203662, 46.246973], [-84.238477, 46.222461], [-84.247949, 46.203027], [-84.227051, 46.183643], [-84.108838, 46.178174], [-84.054883, 46.158936], [-84.034717, 46.137402], [-84.048389, 46.113525], [-84.040771, 46.088184], [-84.011963, 46.061426], [-83.917432, 46.020703], [-83.894141, 46.001318], [-83.900977, 45.980859], [-83.929199, 45.967578], [-83.978809, 45.961523], [-84.340918, 45.999805], [-84.447314, 46.006152], [-84.462939, 45.99209], [-84.473096, 45.98999], [-84.521289, 45.99458], [-84.536865, 46.003711], [-84.549902, 46.029248], [-84.581494, 46.045557], [-84.631543, 46.052637], [-84.674658, 46.033301], [-84.724902, 45.95752], [-84.71709, 45.943506], [-84.725391, 45.894873], [-84.712695, 45.881641], [-84.71333, 45.870508], [-84.727393, 45.861475], [-84.756934, 45.862793], [-84.801855, 45.874365], [-84.971826, 45.988965], [-85.100635, 46.046191], [-85.259863, 46.088184], [-85.385937, 46.108643], [-85.478809, 46.107568], [-85.555078, 46.078174], [-85.614795, 46.020459], [-85.707812, 45.987598], [-85.834229, 45.979687], [-85.902881, 45.964209], [-85.913721, 45.941162], [-85.959326, 45.940674], [-86.039746, 45.962695], [-86.122949, 45.968945], [-86.208936, 45.959326], [-86.271777, 45.93667], [-86.338086, 45.865723], [-86.351318, 45.830957], [-86.399561, 45.800684], [-86.52749, 45.753174], [-86.533887, 45.735645], [-86.601172, 45.681641], [-86.622363, 45.652002], [-86.621973, 45.622754], [-86.644434, 45.624512], [-86.689697, 45.657324], [-86.691406, 45.701416], [-86.649512, 45.756836], [-86.612256, 45.783643], [-86.579541, 45.781836], [-86.559277, 45.806299], [-86.551514, 45.85708], [-86.56333, 45.88252], [-86.627197, 45.87251], [-86.660645, 45.852295], [-86.702783, 45.847949], [-86.753613, 45.859473], [-86.798535, 45.831787], [-86.837451, 45.764795], [-86.883887, 45.720947], [-86.937891, 45.700244], [-86.974219, 45.723145], [-86.992773, 45.789648], [-86.99292, 45.841895], [-86.971094, 45.90498], [-86.982324, 45.917285], [-87.005029, 45.897168], [-87.039258, 45.84458], [-87.084863, 45.729785], [-87.11416, 45.69248], [-87.15376, 45.676758], [-87.216406, 45.607324], [-87.302051, 45.484131], [-87.398779, 45.364648], [-87.506494, 45.248877], [-87.571191, 45.186621], [-87.592822, 45.177832], [-87.602246, 45.157031], [-87.607764, 45.082666], [-87.627002, 45.032275], [-87.683203, 44.992627], [-87.830273, 44.94248], [-87.853564, 44.908301], [-87.856787, 44.880371], [-87.951562, 44.763721], [-87.997803, 44.692334], [-88.028271, 44.61792], [-88.01875, 44.571143], [-87.969238, 44.552002], [-87.929004, 44.559473], [-87.898242, 44.593359], [-87.851074, 44.624023], [-87.787549, 44.651562], [-87.740918, 44.692041], [-87.676611, 44.790283], [-87.604395, 44.846875], [-87.555371, 44.848584], [-87.480176, 44.874121], [-87.41958, 44.865625], [-87.383105, 44.8271], [-87.345605, 44.800635], [-87.337305, 44.77583], [-87.356055, 44.720361], [-87.390527, 44.661963], [-87.440869, 44.600684], [-87.486523, 44.508594], [-87.527441, 44.385693], [-87.536133, 44.292969], [-87.5125, 44.230273], [-87.534912, 44.174268], [-87.603418, 44.124951], [-87.658496, 44.059033], [-87.700146, 43.976611], [-87.723828, 43.907275], [-87.729395, 43.851172], [-87.723389, 43.809082], [-87.697949, 43.752441], [-87.699707, 43.72373], [-87.774023, 43.598877], [-87.800879, 43.538086], [-87.805566, 43.490088], [-87.823926, 43.443018], [-87.880713, 43.347021], [-87.898389, 43.293799], [-87.90166, 43.244922], [-87.888818, 43.164551], [-87.896094, 43.137402], [-87.892773, 43.116895], [-87.878857, 43.103125], [-87.879004, 43.077832], [-87.893408, 43.041113], [-87.887744, 43.012451], [-87.862061, 42.991992], [-87.845557, 42.953076], [-87.838184, 42.895654], [-87.818701, 42.847705], [-87.787061, 42.80918], [-87.781396, 42.753418], [-87.80166, 42.680371], [-87.811963, 42.542969], [-87.8125, 42.341064], [-87.797461, 42.211426], [-87.766797, 42.153906], [-87.73252, 42.111523], [-87.694629, 42.084375], [-87.651123, 42.000244], [-87.602051, 41.859131], [-87.556592, 41.765967], [-87.514648, 41.720654], [-87.476953, 41.695459], [-87.447021, 41.680762], [-87.425, 41.678564], [-87.4125, 41.656494], [-87.35625, 41.643262], [-87.253223, 41.637646], [-87.158691, 41.646387], [-87.072607, 41.669482], [-86.798193, 41.788525], [-86.691553, 41.853369], [-86.632471, 41.911328], [-86.575342, 41.987695], [-86.520166, 42.082275], [-86.407373, 42.22373], [-86.35249, 42.309326], [-86.299561, 42.417627], [-86.259619, 42.531201], [-86.232715, 42.65], [-86.22002, 42.773096], [-86.221533, 42.900439], [-86.248486, 43.028809], [-86.32915, 43.224121], [-86.43501, 43.407129], [-86.542139, 43.637305], [-86.540527, 43.656934], [-86.440576, 43.794287], [-86.438037, 43.812744], [-86.448633, 43.923975], [-86.469922, 43.979785], [-86.520947, 44.054736], [-86.519189, 44.07373], [-86.41543, 44.169482], [-86.352734, 44.242383], [-86.295898, 44.330615], [-86.259082, 44.433594], [-86.242188, 44.551318], [-86.242725, 44.629736], [-86.260693, 44.668848], [-86.25874, 44.699023], [-86.237012, 44.720215], [-86.12583, 44.747754], [-86.088428, 44.794238], [-86.080469, 44.875879], [-86.057666, 44.916357], [-86.019922, 44.915723], [-85.98501, 44.93252], [-85.95293, 44.96665], [-85.910498, 44.976318], [-85.857812, 44.961523], [-85.784131, 45.012158], [-85.689355, 45.128076], [-85.616602, 45.19292], [-85.565869, 45.206543], [-85.556201, 45.195996], [-85.587744, 45.161328], [-85.597412, 45.12334], [-85.585254, 45.081982], [-85.595703, 45.041943], [-85.619238, 44.987061], [-85.604687, 44.969922], [-85.645312, 44.881641], [-85.647217, 44.8375], [-85.62251, 44.803955], [-85.593262, 44.815674], [-85.559326, 44.872656], [-85.549219, 44.902979], [-85.562842, 44.906738], [-85.557764, 44.930957], [-85.533887, 44.975586], [-85.512646, 44.996777], [-85.494092, 44.994434], [-85.488916, 44.970117], [-85.497119, 44.923828], [-85.550928, 44.814648], [-85.561475, 44.78125], [-85.549365, 44.771875], [-85.484717, 44.840332], [-85.389014, 45.032764], [-85.381592, 45.078271], [-85.393994, 45.195654], [-85.391455, 45.243799], [-85.375684, 45.276953], [-85.319482, 45.314453], [-85.222852, 45.356152], [-85.127344, 45.378467], [-85.032959, 45.38125], [-84.967139, 45.392676], [-84.929834, 45.412598], [-84.942871, 45.428564], [-85.006396, 45.440479], [-85.054688, 45.46665], [-85.087695, 45.506885], [-85.09873, 45.553125], [-85.087793, 45.605273], [-85.047363, 45.656396], [-84.97749, 45.706543]], [[-88.41792, 44.194531], [-88.484473, 44.110449], [-88.51875, 44.029053], [-88.491846, 43.93916], [-88.464844, 43.813428], [-88.431055, 43.808105], [-88.38335, 43.866016], [-88.333789, 43.938135], [-88.321094, 44.180176], [-88.358105, 44.196045], [-88.41792, 44.194531]], [[-79.56748, 44.431299], [-79.58418, 44.405078], [-79.536865, 44.352832], [-79.519385, 44.274316], [-79.498877, 44.226855], [-79.480078, 44.235791], [-79.478955, 44.269775], [-79.448242, 44.309619], [-79.201562, 44.384375], [-79.171777, 44.418896], [-79.162695, 44.449512], [-79.176709, 44.491357], [-79.211035, 44.535254], [-79.265088, 44.562793], [-79.340869, 44.636426], [-79.354395, 44.689893], [-79.372705, 44.698096], [-79.392627, 44.602637], [-79.445312, 44.51001], [-79.50293, 44.462891], [-79.56748, 44.431299]], [[-93.795459, 46.255371], [-93.775, 46.200439], [-93.725928, 46.15791], [-93.667871, 46.136816], [-93.599805, 46.135596], [-93.539648, 46.150146], [-93.513623, 46.176611], [-93.534277, 46.24873], [-93.551758, 46.341162], [-93.569434, 46.356592], [-93.607227, 46.360205], [-93.678809, 46.34458], [-93.75835, 46.307959], [-93.795459, 46.255371]], [[-80.125488, 46.323633], [-80.142725, 46.301709], [-80.118018, 46.27749], [-80.14668, 46.25752], [-80.252783, 46.249316], [-80.314062, 46.263721], [-80.345996, 46.285547], [-80.409131, 46.289746], [-80.447217, 46.282178], [-80.293359, 46.225], [-80.062598, 46.244043], [-80.01499, 46.232129], [-79.991211, 46.198828], [-80.005859, 46.165771], [-79.986475, 46.160791], [-79.876367, 46.192969], [-79.771826, 46.212939], [-79.572607, 46.165918], [-79.486523, 46.184229], [-79.435547, 46.235449], [-79.493994, 46.310645], [-79.653418, 46.358252], [-79.855908, 46.339551], [-80.05332, 46.345801], [-80.125488, 46.323633]], [[-76.934814, 47.487549], [-76.962939, 47.502344], [-77.065332, 47.508496], [-77.101514, 47.545117], [-77.128809, 47.56084], [-77.176953, 47.546973], [-77.235449, 47.549512], [-77.28833, 47.613721], [-77.303662, 47.606934], [-77.321973, 47.573486], [-77.304443, 47.513184], [-77.270312, 47.462891], [-77.288525, 47.385986], [-77.259424, 47.346729], [-77.181348, 47.368994], [-77.16499, 47.389355], [-77.178613, 47.411523], [-77.184668, 47.456201], [-77.119385, 47.477295], [-76.965625, 47.442334], [-76.934814, 47.487549]], [[-78.611865, 47.680615], [-78.724072, 47.683691], [-78.791943, 47.690967], [-78.812793, 47.656396], [-78.786963, 47.594922], [-78.762842, 47.570264], [-78.696387, 47.57666], [-78.62793, 47.596924], [-78.583789, 47.624609], [-78.57124, 47.65625], [-78.611865, 47.680615]], [[-83.639893, 48.42749], [-83.721094, 48.420752], [-83.854102, 48.336816], [-83.925146, 48.307129], [-83.832129, 48.314893], [-83.78125, 48.304541], [-83.688135, 48.33916], [-83.610937, 48.37832], [-83.467969, 48.433691], [-83.429248, 48.506006], [-83.57251, 48.424414], [-83.639893, 48.42749]], [[-92.703711, 48.504541], [-92.787598, 48.454932], [-92.865039, 48.461963], [-93.055762, 48.512842], [-93.071143, 48.504443], [-93.050488, 48.479541], [-92.995264, 48.450586], [-92.917822, 48.432959], [-92.600391, 48.42417], [-92.519824, 48.398633], [-92.455859, 48.350684], [-92.441162, 48.357227], [-92.43457, 48.390674], [-92.448682, 48.424121], [-92.490625, 48.45625], [-92.56748, 48.468018], [-92.599902, 48.48457], [-92.569678, 48.500195], [-92.58252, 48.50957], [-92.585352, 48.53374], [-92.603223, 48.56499], [-92.654639, 48.599658], [-92.685059, 48.591113], [-92.731836, 48.588428], [-92.866309, 48.615234], [-92.869922, 48.634766], [-92.853418, 48.646094], [-92.779004, 48.678027], [-92.793408, 48.695312], [-92.896484, 48.683008], [-92.948828, 48.681299], [-92.979492, 48.687598], [-93.118506, 48.667969], [-93.149219, 48.674756], [-93.123682, 48.72832], [-93.2229, 48.670264], [-93.24541, 48.667041], [-93.260889, 48.67373], [-93.264844, 48.686377], [-93.199805, 48.745654], [-93.202588, 48.79082], [-93.261572, 48.825098], [-93.322461, 48.934424], [-93.462793, 48.902832], [-93.438867, 48.869287], [-93.433887, 48.846338], [-93.491357, 48.839062], [-93.583301, 48.842676], [-93.612793, 48.833594], [-93.496143, 48.812988], [-93.416943, 48.785205], [-93.364502, 48.748047], [-93.352393, 48.716895], [-93.40332, 48.705273], [-93.400879, 48.681494], [-93.370312, 48.656885], [-93.370068, 48.638428], [-93.381592, 48.616162], [-93.339307, 48.6], [-93.279248, 48.606836], [-93.196484, 48.578906], [-93.162354, 48.557568], [-93.116992, 48.553174], [-93.099854, 48.564209], [-93.109082, 48.580518], [-93.079492, 48.590576], [-93.001025, 48.593115], [-92.947852, 48.586475], [-92.949951, 48.576416], [-92.936377, 48.564551], [-92.697607, 48.517041], [-92.703711, 48.504541]], [[-79.836328, 48.874707], [-79.864746, 48.890283], [-79.889062, 48.924219], [-79.952051, 48.934717], [-80.105469, 48.912744], [-80.123389, 48.877002], [-80.153223, 48.834668], [-80.180225, 48.812109], [-80.148291, 48.789502], [-80.091309, 48.774609], [-80.060352, 48.783105], [-79.980908, 48.71665], [-79.972021, 48.698584], [-79.916113, 48.658643], [-79.867285, 48.633447], [-79.80415, 48.631982], [-79.753271, 48.643701], [-79.700586, 48.641016], [-79.602148, 48.620459], [-79.510547, 48.612939], [-79.485449, 48.618262], [-79.477686, 48.641748], [-79.438672, 48.648242], [-79.372949, 48.644727], [-79.319336, 48.631104], [-79.297217, 48.608301], [-79.294971, 48.577637], [-79.311328, 48.531836], [-79.313232, 48.45249], [-79.282861, 48.448975], [-79.246875, 48.456104], [-79.22627, 48.472217], [-79.256543, 48.598828], [-79.248047, 48.665479], [-79.25918, 48.689551], [-79.323584, 48.704736], [-79.412598, 48.714648], [-79.576416, 48.797168], [-79.617236, 48.770068], [-79.653906, 48.738574], [-79.700781, 48.723047], [-79.769629, 48.716895], [-79.832422, 48.729785], [-79.85459, 48.7646], [-79.857275, 48.806689], [-79.835742, 48.852881], [-79.836328, 48.874707]], [[-90.600928, 48.811377], [-90.458154, 48.797949], [-90.440381, 48.784668], [-90.375146, 48.785937], [-90.339648, 48.821484], [-90.313965, 48.87832], [-90.287744, 48.915625], [-90.291797, 48.934961], [-90.360791, 48.892529], [-90.400342, 48.88584], [-90.47959, 48.88457], [-90.546484, 48.895166], [-90.561133, 48.926172], [-90.591064, 48.960254], [-90.626221, 48.973828], [-90.66582, 48.966895], [-90.688184, 48.944141], [-90.684277, 48.920361], [-90.650146, 48.91665], [-90.631689, 48.86709], [-90.634326, 48.832764], [-90.600928, 48.811377]], [[-88.165674, 49.58042], [-88.134229, 49.635254], [-88.112402, 49.711426], [-88.129492, 49.784912], [-88.108057, 49.867822], [-88.143311, 49.894873], [-88.144531, 49.912158], [-88.106494, 49.934229], [-88.030469, 49.96123], [-88.033252, 49.979053], [-88.083643, 50.000684], [-88.132568, 50.035205], [-88.168848, 50.027783], [-88.213184, 49.993457], [-88.234717, 49.990576], [-88.217627, 50.026953], [-88.222363, 50.059229], [-88.215381, 50.095801], [-88.204492, 50.111475], [-88.172217, 50.112891], [-88.170508, 50.134814], [-88.199219, 50.187744], [-88.231836, 50.212793], [-88.343799, 50.275], [-88.383936, 50.290771], [-88.420508, 50.28916], [-88.414844, 50.265332], [-88.340039, 50.22583], [-88.288184, 50.177979], [-88.277783, 50.159326], [-88.287598, 50.150049], [-88.314648, 50.147949], [-88.355908, 50.162012], [-88.464795, 50.237646], [-88.551074, 50.239111], [-88.639111, 50.277002], [-88.704541, 50.253613], [-88.769385, 50.213281], [-88.893213, 50.056836], [-88.904639, 50.023389], [-88.888477, 49.93252], [-88.945068, 49.879736], [-88.950195, 49.855127], [-88.940625, 49.819922], [-88.949414, 49.809766], [-89.004443, 49.786523], [-89.069238, 49.824023], [-89.087012, 49.804053], [-89.09209, 49.775537], [-89.04541, 49.725928], [-89.00752, 49.714258], [-88.955713, 49.756006], [-88.930322, 49.754687], [-88.929053, 49.694336], [-88.906494, 49.617627], [-88.907422, 49.579443], [-88.920215, 49.559668], [-88.960059, 49.560303], [-89.016406, 49.582812], [-89.018604, 49.567822], [-89.000342, 49.528613], [-88.960059, 49.50127], [-88.868945, 49.520508], [-88.823193, 49.539551], [-88.785596, 49.56709], [-88.744189, 49.630811], [-88.688135, 49.633203], [-88.607471, 49.646631], [-88.587305, 49.62793], [-88.590186, 49.607812], [-88.710352, 49.586963], [-88.785937, 49.48833], [-88.772949, 49.458105], [-88.667578, 49.433447], [-88.621826, 49.427881], [-88.562695, 49.462207], [-88.547021, 49.48833], [-88.552197, 49.543701], [-88.541602, 49.548779], [-88.513477, 49.51416], [-88.493555, 49.4625], [-88.466553, 49.443213], [-88.438721, 49.393652], [-88.406006, 49.389062], [-88.368311, 49.434082], [-88.304883, 49.45918], [-88.180273, 49.466211], [-88.158594, 49.507471], [-88.165674, 49.58042]], [[-90.745312, 51.12041], [-90.911328, 51.037451], [-90.976221, 51.011133], [-91.213867, 51.066309], [-91.274365, 51.068994], [-91.302148, 51.035498], [-91.36709, 50.930469], [-91.317969, 50.918457], [-91.238184, 50.93374], [-91.119824, 50.945557], [-90.936523, 50.954443], [-90.747021, 51.014111], [-90.527783, 51.068066], [-90.426904, 51.119189], [-90.430811, 51.139551], [-90.472412, 51.169824], [-90.520166, 51.191504], [-90.604102, 51.214502], [-90.745312, 51.12041]], [[-78.549805, 51.03374], [-78.616309, 51.077148], [-78.72041, 51.108936], [-78.794336, 51.145898], [-78.827393, 51.152295], [-78.812988, 51.097363], [-78.549805, 51.03374]], [[-91.416699, 51.143262], [-91.441455, 51.162891], [-91.608594, 51.165967], [-91.646777, 51.153564], [-91.541553, 51.085498], [-91.389893, 51.071045], [-91.417773, 51.119531], [-91.416699, 51.143262]], [[-93.455273, 51.264014], [-93.480176, 51.236572], [-93.481299, 51.208154], [-93.429297, 51.153613], [-93.31958, 51.074609], [-93.2354, 51.033496], [-93.199609, 51.038574], [-93.164502, 51.071191], [-93.137305, 51.122803], [-93.073633, 51.159033], [-93.071631, 51.17334], [-93.101465, 51.207324], [-93.141064, 51.272949], [-93.174561, 51.294727], [-93.215137, 51.298926], [-93.283301, 51.279492], [-93.343555, 51.286133], [-93.37002, 51.301514], [-93.405762, 51.292041], [-93.455273, 51.264014]], [[-91.949512, 51.98208], [-91.991211, 51.936816], [-91.968115, 51.924414], [-91.931738, 51.894238], [-91.910449, 51.911084], [-91.895361, 51.951904], [-91.949512, 51.98208]], [[-88.952002, 52.987744], [-89.003711, 52.985352], [-89.122852, 52.965918], [-89.198975, 52.988477], [-89.283203, 53.005713], [-89.42207, 52.948242], [-89.434082, 52.917676], [-89.471045, 52.897021], [-89.522314, 52.882666], [-89.477832, 52.868359], [-89.150977, 52.853857], [-89.043799, 52.870215], [-88.983008, 52.940039], [-88.952002, 52.987744]], [[-90.144922, 53.853906], [-90.171289, 53.837891], [-90.20083, 53.840625], [-90.251758, 53.870068], [-90.289893, 53.867969], [-90.321094, 53.834912], [-90.357178, 53.766064], [-90.166895, 53.746631], [-90.033789, 53.685205], [-89.938672, 53.67876], [-89.813916, 53.689941], [-89.67793, 53.733057], [-89.608594, 53.771533], [-89.846729, 53.814893], [-89.861865, 53.833545], [-89.927637, 53.863232], [-90.001855, 53.886328], [-90.100684, 53.870801], [-90.144922, 53.853906]], [[-89.088525, 66.483447], [-88.929688, 66.576855], [-88.819922, 66.595557], [-88.791846, 66.632959], [-88.960059, 66.607227], [-89.074512, 66.555859], [-89.088525, 66.483447]], [[-88.710645, 66.632324], [-88.710254, 66.596875], [-88.68208, 66.579248], [-88.547461, 66.639795], [-88.396191, 66.656787], [-88.28418, 66.634033], [-88.212598, 66.581494], [-88.091113, 66.604883], [-88.20249, 66.632666], [-88.341064, 66.705322], [-88.462549, 66.700684], [-88.566992, 66.71416], [-88.61499, 66.710791], [-88.658154, 66.664746], [-88.710645, 66.632324]], [[-76.876465, 42.444189], [-76.882715, 42.536719], [-76.882031, 42.682764], [-76.954004, 42.869629], [-76.969922, 42.877588], [-76.954004, 42.730176], [-76.917578, 42.591357], [-76.910156, 42.459229], [-76.879199, 42.416309], [-76.876465, 42.444189]], [[-76.665137, 42.668408], [-76.701025, 42.757861], [-76.734863, 42.943311], [-76.75083, 42.925391], [-76.772754, 42.777979], [-76.667139, 42.602686], [-76.586328, 42.547363], [-76.527686, 42.48916], [-76.519727, 42.501074], [-76.665137, 42.668408]], [[-76.527197, 42.836084], [-76.479199, 42.769971], [-76.468457, 42.769141], [-76.469336, 42.780713], [-76.536279, 42.92207], [-76.548682, 42.897266], [-76.527197, 42.836084]], [[-76.427979, 42.910498], [-76.361816, 42.850146], [-76.272168, 42.787207], [-76.293164, 42.832764], [-76.372217, 42.887305], [-76.425488, 42.960107], [-76.427979, 42.910498]], [[-75.75, 43.225537], [-75.860742, 43.247852], [-76.060059, 43.262744], [-76.096387, 43.253662], [-76.095605, 43.237939], [-75.95918, 43.176758], [-75.799609, 43.180859], [-75.733447, 43.205664], [-75.75, 43.225537]], [[-71.443457, 43.627734], [-71.370508, 43.59751], [-71.277295, 43.532031], [-71.232471, 43.539697], [-71.214111, 43.568701], [-71.216357, 43.586523], [-71.262012, 43.609326], [-71.292578, 43.634668], [-71.305566, 43.666943], [-71.330664, 43.699609], [-71.373828, 43.722266], [-71.399268, 43.724561], [-71.394482, 43.71123], [-71.42998, 43.678613], [-71.443457, 43.627734]], [[-65.188672, 44.234668], [-65.199365, 44.20791], [-65.198486, 44.181396], [-65.176221, 44.155127], [-65.099463, 44.14873], [-65.024561, 44.163818], [-65.001074, 44.181738], [-64.964258, 44.238477], [-64.965723, 44.252441], [-65.009668, 44.230273], [-65.052539, 44.224072], [-65.079541, 44.227637], [-65.09502, 44.24707], [-65.103906, 44.271777], [-65.134473, 44.270166], [-65.166895, 44.256543], [-65.188672, 44.234668]], [[-73.446973, 44.031104], [-73.430273, 44.00498], [-73.403223, 43.865527], [-73.367627, 43.756982], [-73.355713, 43.780713], [-73.369336, 43.875732], [-73.404932, 44.053857], [-73.373242, 44.147705], [-73.325928, 44.233838], [-73.287793, 44.319971], [-73.270557, 44.396729], [-73.24834, 44.43667], [-73.23584, 44.432812], [-73.227637, 44.444971], [-73.228516, 44.493262], [-73.255615, 44.506836], [-73.262549, 44.541797], [-73.226904, 44.563232], [-73.213721, 44.586426], [-73.194434, 44.707129], [-73.17251, 44.919092], [-73.192676, 44.956592], [-73.162744, 44.985449], [-73.11084, 45.009326], [-73.087842, 45.046143], [-73.104004, 45.077979], [-73.146826, 45.072998], [-73.204004, 45.02168], [-73.25542, 44.94248], [-73.285059, 44.912646], [-73.296387, 44.914014], [-73.323926, 45.02876], [-73.346777, 45.018018], [-73.382861, 44.936084], [-73.399854, 44.774902], [-73.443799, 44.637549], [-73.400342, 44.430859], [-73.376855, 44.392773], [-73.354053, 44.281152], [-73.443945, 44.192969], [-73.451221, 44.083398], [-73.446973, 44.031104]], [[-67.625488, 45.602246], [-67.512402, 45.589355], [-67.449414, 45.60708], [-67.480078, 45.683057], [-67.532715, 45.642529], [-67.600439, 45.637305], [-67.707764, 45.69209], [-67.787061, 45.758984], [-67.862988, 45.7396], [-67.778955, 45.670117], [-67.625488, 45.602246]], [[-65.942139, 46.098682], [-66.026855, 46.049658], [-66.077295, 45.952881], [-66.130908, 45.909814], [-66.189648, 45.880762], [-66.150195, 45.856104], [-66.106348, 45.871338], [-66.041309, 45.903613], [-65.988574, 45.942187], [-65.978613, 45.969336], [-65.929785, 46.034229], [-65.919873, 46.064014], [-65.91958, 46.092871], [-65.942139, 46.098682]], [[-76.01748, 46.746729], [-75.943262, 46.758643], [-75.864355, 46.754932], [-75.794873, 46.714941], [-75.751416, 46.717627], [-75.731641, 46.768115], [-75.698389, 46.824854], [-75.687793, 46.87207], [-75.736523, 46.99707], [-75.778857, 46.963721], [-75.830615, 46.901611], [-75.95498, 46.874854], [-75.971484, 46.819092], [-76.009619, 46.777734], [-76.033496, 46.759473], [-76.01748, 46.746729]], [[-76.392529, 47.055957], [-76.331445, 47.083154], [-76.326855, 47.102295], [-76.358936, 47.119238], [-76.435205, 47.122217], [-76.478955, 47.138428], [-76.511523, 47.170508], [-76.516797, 47.20083], [-76.501514, 47.221875], [-76.474951, 47.331396], [-76.422461, 47.400195], [-76.407764, 47.446045], [-76.458984, 47.475537], [-76.633398, 47.510205], [-76.605176, 47.572217], [-76.714844, 47.52417], [-76.721631, 47.539648], [-76.699023, 47.570361], [-76.594629, 47.623926], [-76.516162, 47.673047], [-76.522314, 47.69082], [-76.819336, 47.517383], [-76.822754, 47.497705], [-76.779053, 47.476367], [-76.767383, 47.449414], [-76.788672, 47.385059], [-76.781396, 47.357373], [-76.741406, 47.35459], [-76.7146, 47.310889], [-76.707227, 47.242139], [-76.668848, 47.199854], [-76.638574, 47.184912], [-76.668018, 47.266211], [-76.650732, 47.278369], [-76.624707, 47.268896], [-76.602734, 47.241406], [-76.581836, 47.17832], [-76.552637, 47.120996], [-76.504639, 47.091943], [-76.442676, 47.063867], [-76.392529, 47.055957]], [[-74.686035, 48.35708], [-74.67666, 48.363525], [-74.638477, 48.413818], [-74.621387, 48.420117], [-74.596094, 48.418408], [-74.545312, 48.438574], [-74.530957, 48.46084], [-74.510254, 48.479736], [-74.462549, 48.470654], [-74.39541, 48.440234], [-74.312061, 48.376855], [-74.2375, 48.346826], [-74.100195, 48.372217], [-74.117578, 48.388428], [-74.173779, 48.398193], [-74.222754, 48.426221], [-74.314307, 48.44917], [-74.369678, 48.485742], [-74.405664, 48.547168], [-74.396582, 48.579297], [-74.411719, 48.588525], [-74.485205, 48.580029], [-74.507227, 48.593994], [-74.554785, 48.608301], [-74.57998, 48.6396], [-74.543701, 48.70376], [-74.522363, 48.756104], [-74.557861, 48.802393], [-74.630078, 48.801074], [-74.722656, 48.784766], [-74.812061, 48.757178], [-74.921387, 48.709717], [-74.969531, 48.693555], [-75.042187, 48.71167], [-75.060986, 48.706299], [-75.109326, 48.674951], [-75.180762, 48.601807], [-75.218896, 48.592041], [-75.249707, 48.598193], [-75.281836, 48.597266], [-75.349756, 48.531592], [-75.389355, 48.483447], [-75.414453, 48.437842], [-75.387109, 48.443701], [-75.362598, 48.429004], [-75.336035, 48.436963], [-75.26875, 48.408203], [-75.213477, 48.405859], [-75.173877, 48.414404], [-75.181006, 48.438477], [-75.181982, 48.479053], [-75.164844, 48.526025], [-75.069971, 48.596484], [-75.018164, 48.612207], [-75.008008, 48.56416], [-75.04248, 48.513721], [-75.099219, 48.478174], [-75.139502, 48.288721], [-75.129785, 48.2875], [-75.081738, 48.340723], [-75.023438, 48.359082], [-74.960303, 48.364307], [-74.954053, 48.379736], [-74.941992, 48.487109], [-74.960303, 48.498682], [-74.968555, 48.51875], [-74.964258, 48.556299], [-74.945459, 48.575635], [-74.911133, 48.574951], [-74.866553, 48.559961], [-74.755518, 48.448682], [-74.722168, 48.433936], [-74.705664, 48.419727], [-74.686035, 48.35708]], [[-72.158057, 48.755273], [-72.290527, 48.733154], [-72.330518, 48.668555], [-72.306152, 48.619336], [-72.24209, 48.574854], [-72.16543, 48.481006], [-72.13335, 48.468896], [-72.054639, 48.453662], [-71.924414, 48.44375], [-71.82251, 48.475146], [-71.780566, 48.518213], [-71.77373, 48.560596], [-71.775635, 48.609912], [-71.845703, 48.659424], [-71.906982, 48.681445], [-71.999609, 48.723633], [-72.158057, 48.755273]], [[-70.324219, 49.623779], [-70.282959, 49.641016], [-70.241797, 49.634912], [-70.195117, 49.617432], [-70.157178, 49.591699], [-70.137354, 49.565234], [-70.1375, 49.490771], [-70.080469, 49.439893], [-70.063672, 49.474805], [-70.029346, 49.497754], [-69.982422, 49.516895], [-69.946338, 49.517627], [-69.917383, 49.504102], [-69.902246, 49.480908], [-69.903809, 49.450684], [-69.888623, 49.406689], [-69.855811, 49.34248], [-69.824902, 49.333154], [-69.783105, 49.338623], [-69.786768, 49.370361], [-69.844287, 49.472217], [-69.898535, 49.545117], [-69.950684, 49.554883], [-70.016797, 49.596729], [-70.072949, 49.642725], [-70.099756, 49.689795], [-70.135352, 49.708252], [-70.171289, 49.683984], [-70.205615, 49.681934], [-70.235742, 49.698535], [-70.317187, 49.863574], [-70.339307, 49.883594], [-70.376904, 49.886963], [-70.35835, 49.831934], [-70.307422, 49.748145], [-70.30459, 49.700537], [-70.340234, 49.670215], [-70.442236, 49.683545], [-70.471094, 49.67207], [-70.514307, 49.629834], [-70.585254, 49.572266], [-70.667383, 49.531152], [-70.715625, 49.524805], [-70.744385, 49.559863], [-70.834277, 49.625439], [-70.859326, 49.599219], [-70.920801, 49.497168], [-70.963086, 49.405957], [-70.940479, 49.408154], [-70.892285, 49.456641], [-70.854687, 49.525244], [-70.834473, 49.541748], [-70.815869, 49.543457], [-70.788525, 49.535937], [-70.756494, 49.4875], [-70.736133, 49.441699], [-70.700781, 49.427393], [-70.676807, 49.448486], [-70.638721, 49.466162], [-70.571338, 49.472705], [-70.515527, 49.41084], [-70.508057, 49.42666], [-70.50459, 49.461035], [-70.46748, 49.531543], [-70.449609, 49.53667], [-70.353906, 49.503857], [-70.329199, 49.523096], [-70.350928, 49.590332], [-70.324219, 49.623779]], [[-73.457959, 50.81377], [-73.459326, 50.793262], [-73.253809, 50.9125], [-73.134521, 50.988965], [-73.11377, 50.996777], [-72.987793, 51.103564], [-72.899902, 51.14585], [-72.718555, 51.217334], [-72.690137, 51.240625], [-72.723486, 51.254346], [-72.811279, 51.244092], [-73.040869, 51.154492], [-73.071826, 51.160254], [-73.091504, 51.178418], [-73.067432, 51.206006], [-72.851074, 51.304785], [-72.800098, 51.335107], [-72.791895, 51.353125], [-72.811328, 51.360986], [-72.88999, 51.354004], [-73.040479, 51.309375], [-73.067187, 51.317236], [-72.984375, 51.378027], [-72.985889, 51.397021], [-73.066943, 51.390381], [-73.202344, 51.319775], [-73.378271, 51.240283], [-73.641455, 51.077588], [-73.891895, 50.981006], [-73.905176, 50.962744], [-73.88999, 50.953809], [-73.91582, 50.910352], [-73.911377, 50.897461], [-73.855908, 50.897949], [-73.845264, 50.888184], [-73.954053, 50.721924], [-74.131885, 50.403174], [-74.105469, 50.398779], [-74.002393, 50.478076], [-73.931641, 50.457666], [-73.918555, 50.474268], [-73.916895, 50.48916], [-73.925879, 50.51416], [-73.915674, 50.543848], [-73.887109, 50.589941], [-73.838623, 50.639307], [-73.877734, 50.381104], [-73.898779, 50.352441], [-73.896094, 50.327441], [-73.87959, 50.297021], [-73.835889, 50.27583], [-73.827637, 50.249365], [-73.878857, 50.217969], [-74.012793, 50.178271], [-74.098047, 50.091846], [-74.199707, 50.075732], [-74.219531, 50.057568], [-74.151709, 50.037744], [-74.075684, 50.042676], [-74.007861, 50.12041], [-73.903662, 50.161768], [-73.817676, 50.211377], [-73.799512, 50.236182], [-73.819336, 50.300635], [-73.837061, 50.340771], [-73.843164, 50.405713], [-73.831836, 50.412891], [-73.807373, 50.387695], [-73.787891, 50.389941], [-73.810498, 50.451953], [-73.817383, 50.499023], [-73.800098, 50.595166], [-73.771094, 50.640771], [-73.630811, 50.824023], [-73.598877, 50.824561], [-73.572949, 50.835303], [-73.39624, 50.993506], [-73.292773, 51.076855], [-73.172949, 51.157812], [-73.150684, 51.156055], [-73.12915, 51.105518], [-73.131543, 51.090332], [-73.15127, 51.06958], [-73.188672, 51.069238], [-73.261523, 50.977344], [-73.394336, 50.892676], [-73.457959, 50.81377]], [[-68.642187, 50.990723], [-68.528662, 51.074609], [-68.447168, 51.120215], [-68.352295, 51.148975], [-68.313281, 51.191992], [-68.222754, 51.265039], [-68.204443, 51.305811], [-68.216504, 51.345068], [-68.255127, 51.398535], [-68.25127, 51.465479], [-68.285742, 51.507129], [-68.290918, 51.536621], [-68.267334, 51.572363], [-68.268994, 51.615137], [-68.196582, 51.692139], [-68.206494, 51.706934], [-68.251758, 51.685938], [-68.31875, 51.641748], [-68.461133, 51.672363], [-68.483398, 51.702002], [-68.42876, 51.858838], [-68.436768, 51.873975], [-68.456885, 51.882812], [-68.534961, 51.755225], [-68.596094, 51.756445], [-68.635986, 51.709814], [-68.699609, 51.691406], [-68.767773, 51.68374], [-68.80752, 51.683008], [-68.855957, 51.720605], [-68.934814, 51.648389], [-68.978711, 51.630664], [-69.010449, 51.633301], [-69.042676, 51.675488], [-69.062988, 51.838037], [-69.091553, 51.813281], [-69.099023, 51.708838], [-69.117871, 51.660547], [-69.138281, 51.656299], [-69.232471, 51.699512], [-69.249805, 51.682227], [-69.154785, 51.580127], [-69.133594, 51.518311], [-69.175635, 51.32373], [-69.148438, 51.274316], [-68.995166, 51.180371], [-68.868115, 51.093896], [-68.782178, 51.003857], [-68.742773, 50.921582], [-68.735059, 50.841797], [-68.744141, 50.77627], [-68.739795, 50.715967], [-68.642187, 50.990723]], [[-76.839502, 51.404346], [-76.861621, 51.379687], [-76.903223, 51.354639], [-76.982568, 51.343164], [-77.025928, 51.328711], [-76.751221, 51.288232], [-76.563232, 51.344482], [-76.553516, 51.364014], [-76.677197, 51.373437], [-76.762207, 51.39082], [-76.819482, 51.415771], [-76.839502, 51.404346]], [[-60.738574, 52.378369], [-60.647949, 52.315381], [-60.600439, 52.320068], [-60.603809, 52.328516], [-60.657129, 52.357715], [-60.708496, 52.40918], [-60.723828, 52.443945], [-60.904395, 52.549609], [-61.138574, 52.619238], [-61.296875, 52.603418], [-61.150098, 52.589355], [-60.967529, 52.516211], [-60.917041, 52.476807], [-60.789502, 52.424219], [-60.738574, 52.378369]], [[-70.474463, 52.813281], [-70.463721, 52.862598], [-70.483887, 52.871826], [-70.476172, 52.900732], [-70.44248, 52.940625], [-70.397021, 52.973877], [-70.48623, 52.982861], [-70.526758, 53.006641], [-70.548145, 53.006641], [-70.59873, 52.987842], [-70.651953, 52.990088], [-70.691406, 52.997803], [-70.749805, 53.037988], [-70.820312, 53.060254], [-70.833301, 53.043115], [-70.828467, 53.014502], [-70.771484, 53.008398], [-70.748486, 52.99585], [-70.741309, 52.981445], [-70.749951, 52.962695], [-70.838281, 52.942822], [-70.923633, 52.937695], [-70.982422, 52.872363], [-70.981055, 52.840869], [-70.964648, 52.819043], [-70.940039, 52.816846], [-70.899268, 52.848145], [-70.84668, 52.878467], [-70.816895, 52.908594], [-70.783057, 52.899316], [-70.776904, 52.862549], [-70.779883, 52.808887], [-70.762402, 52.787402], [-70.702832, 52.774609], [-70.656494, 52.750879], [-70.640234, 52.735791], [-70.602539, 52.759082], [-70.591797, 52.789404], [-70.577197, 52.803027], [-70.538037, 52.799658], [-70.521387, 52.785352], [-70.521729, 52.682471], [-70.487012, 52.629883], [-70.433398, 52.609912], [-70.421582, 52.638574], [-70.443555, 52.677197], [-70.467676, 52.745801], [-70.474463, 52.813281]], [[-76.838574, 53.033984], [-76.843262, 53.094971], [-76.784277, 53.146777], [-76.687891, 53.169727], [-76.684814, 53.190088], [-76.691895, 53.211523], [-76.665234, 53.22085], [-76.637207, 53.260107], [-76.589209, 53.288867], [-76.607861, 53.306152], [-76.656152, 53.297998], [-76.676172, 53.313916], [-76.671533, 53.340088], [-76.637207, 53.36084], [-76.522559, 53.379492], [-76.49668, 53.413965], [-76.514551, 53.467529], [-76.563916, 53.484863], [-76.66123, 53.416846], [-76.70332, 53.419434], [-76.70332, 53.444238], [-76.719873, 53.468848], [-76.843555, 53.394238], [-76.891797, 53.344873], [-76.8729, 53.324121], [-76.891992, 53.290869], [-76.889795, 53.244043], [-76.880713, 53.215918], [-76.904492, 53.164648], [-76.937549, 53.118799], [-76.899463, 52.994775], [-76.854541, 52.967529], [-76.798535, 52.980859], [-76.838574, 53.033984]], [[-71.04834, 53.500684], [-70.980469, 53.430908], [-70.864697, 53.406836], [-70.843262, 53.427002], [-70.86084, 53.451563], [-70.904102, 53.458008], [-70.935498, 53.483008], [-70.932471, 53.518848], [-70.949805, 53.56499], [-71.018799, 53.595654], [-71.116797, 53.590771], [-71.125391, 53.565332], [-71.04834, 53.500684]], [[-75.292285, 53.896533], [-75.5521, 53.891943], [-75.849951, 53.855078], [-75.912207, 53.812744], [-75.902002, 53.791064], [-75.930273, 53.76582], [-76.036377, 53.737012], [-76.142725, 53.736914], [-76.55376, 53.712158], [-76.696143, 53.699414], [-76.749658, 53.722949], [-76.702734, 53.750146], [-76.595508, 53.788281], [-76.487354, 53.851465], [-76.43335, 53.897559], [-76.349023, 53.945898], [-76.304004, 53.962744], [-76.255371, 54.073486], [-76.183398, 54.10332], [-76.105322, 54.115967], [-76.150293, 54.142578], [-76.190869, 54.152832], [-76.202002, 54.138721], [-76.263965, 54.13584], [-76.328857, 54.162109], [-76.368359, 54.187988], [-76.453906, 54.177686], [-76.557422, 54.157178], [-76.572656, 54.14043], [-76.471973, 54.082422], [-76.471289, 54.058789], [-76.509277, 54.047852], [-76.560645, 54.055713], [-76.602344, 54.054785], [-76.618359, 54.033008], [-76.659619, 54.026318], [-76.840186, 54.088037], [-76.86792, 54.072363], [-76.887988, 54.056641], [-76.845898, 54.031055], [-76.731006, 53.976514], [-76.765967, 53.909717], [-76.901855, 53.847168], [-77.015674, 53.821045], [-77.287842, 53.791113], [-77.340723, 53.811377], [-77.419678, 53.797803], [-77.61167, 53.721582], [-77.68501, 53.679199], [-77.620752, 53.658984], [-77.511084, 53.650928], [-77.464844, 53.638135], [-77.492822, 53.60708], [-77.487695, 53.560498], [-77.396631, 53.520801], [-77.289844, 53.522949], [-77.223047, 53.514551], [-77.186768, 53.492822], [-76.911621, 53.501367], [-76.838525, 53.499219], [-76.514648, 53.557471], [-76.384863, 53.595752], [-76.360156, 53.630127], [-76.017969, 53.672314], [-75.94502, 53.685742], [-75.906787, 53.653125], [-75.94502, 53.623877], [-76.064404, 53.569092], [-76.124463, 53.522607], [-76.10166, 53.475342], [-75.934473, 53.465283], [-75.716064, 53.497412], [-75.632422, 53.538379], [-75.601074, 53.582031], [-75.613672, 53.601514], [-75.657666, 53.620068], [-75.633398, 53.637695], [-75.237598, 53.618652], [-75.119727, 53.623145], [-75.033936, 53.639258], [-74.998389, 53.622266], [-75.026758, 53.57627], [-74.935352, 53.577881], [-74.807178, 53.604932], [-74.678662, 53.609033], [-74.460938, 53.6625], [-74.43335, 53.684521], [-74.456006, 53.701367], [-74.593408, 53.667432], [-74.770801, 53.653857], [-74.94292, 53.671777], [-75.161572, 53.677002], [-75.265186, 53.684033], [-75.269922, 53.709131], [-75.048682, 53.752588], [-74.889355, 53.794141], [-74.819824, 53.83833], [-74.724707, 53.857178], [-74.733789, 53.895654], [-74.799268, 53.893408], [-75.183789, 53.820459], [-75.24082, 53.842627], [-75.268164, 53.87793], [-75.292285, 53.896533]], [[-68.869092, 53.523291], [-68.869434, 53.575879], [-68.853174, 53.593799], [-68.777246, 53.577295], [-68.715527, 53.582568], [-68.706982, 53.609863], [-68.726123, 53.688965], [-68.70459, 53.774512], [-68.679688, 53.798389], [-68.684766, 53.812061], [-68.732568, 53.835889], [-68.846387, 53.910547], [-68.863672, 53.952002], [-68.902588, 53.985254], [-68.979102, 54.011426], [-69.004883, 54.041699], [-69.061572, 54.007422], [-69.115625, 54.022656], [-69.146143, 54.039551], [-69.159814, 54.023145], [-69.154395, 53.999854], [-69.170947, 53.989941], [-69.200098, 53.989209], [-69.230518, 53.979053], [-69.242529, 53.961084], [-69.225, 53.948926], [-69.06084, 53.957617], [-69.007617, 53.939697], [-68.966992, 53.907568], [-68.907227, 53.87627], [-68.813672, 53.845947], [-68.766602, 53.796338], [-68.780664, 53.774951], [-68.850391, 53.754883], [-68.865723, 53.736768], [-68.836914, 53.71709], [-68.826953, 53.675732], [-68.867578, 53.644922], [-68.946729, 53.609082], [-68.983789, 53.558789], [-69.084961, 53.444238], [-69.055176, 53.427686], [-68.934961, 53.468848], [-68.900391, 53.483252], [-68.869092, 53.523291]], [[-69.834473, 53.946143], [-69.782031, 53.946924], [-69.595459, 53.998438], [-69.412402, 54.03623], [-69.319775, 54.024658], [-69.268945, 54.047314], [-69.351172, 54.08252], [-69.406348, 54.121387], [-69.476855, 54.09248], [-69.587793, 54.106641], [-69.697314, 54.152686], [-69.704004, 54.172266], [-69.663574, 54.210352], [-69.686719, 54.2396], [-69.682471, 54.267871], [-69.792725, 54.282617], [-69.804102, 54.311865], [-69.858154, 54.368457], [-69.900879, 54.379297], [-69.970996, 54.364893], [-70.040771, 54.371924], [-70.081885, 54.342627], [-70.070703, 54.336719], [-70.029199, 54.337207], [-69.978955, 54.317773], [-69.926562, 54.319629], [-69.880371, 54.310742], [-69.86875, 54.289258], [-69.878906, 54.260596], [-69.980371, 54.236621], [-70.010986, 54.223096], [-70.08374, 54.178467], [-70.140918, 54.128955], [-70.129004, 54.110156], [-70.05542, 54.133887], [-69.983398, 54.139014], [-69.758008, 54.077588], [-69.706787, 54.069189], [-69.703418, 54.037891], [-69.827344, 53.999121], [-69.855566, 53.976807], [-69.868652, 53.955273], [-69.834473, 53.946143]], [[-63.489404, 54.012109], [-63.304834, 53.990234], [-63.246875, 53.966162], [-63.199951, 53.955664], [-63.136914, 53.973389], [-63.103613, 54.003613], [-63.20332, 54.073828], [-63.175586, 54.129492], [-63.228174, 54.137451], [-63.318945, 54.142725], [-63.373047, 54.140234], [-63.465381, 54.097949], [-63.583594, 54.077734], [-63.747559, 54.096338], [-63.870361, 54.168848], [-63.946582, 54.243115], [-64.029492, 54.284814], [-64.137891, 54.350439], [-64.320215, 54.517432], [-64.329443, 54.566016], [-64.295996, 54.658545], [-64.320215, 54.696045], [-64.397266, 54.743408], [-64.416309, 54.737354], [-64.377588, 54.678516], [-64.366309, 54.615332], [-64.4, 54.51084], [-64.424707, 54.331738], [-64.479883, 54.273291], [-64.463574, 54.252881], [-64.407031, 54.256494], [-64.324658, 54.272656], [-64.284473, 54.255957], [-64.27417, 54.231201], [-64.233984, 54.211133], [-64.219092, 54.178125], [-64.333154, 54.166016], [-64.431396, 54.186572], [-64.509863, 54.188916], [-64.583447, 54.185596], [-64.617188, 54.175146], [-64.679639, 54.142578], [-64.763086, 54.144043], [-64.855469, 54.167334], [-64.878711, 54.160059], [-64.883398, 54.148389], [-64.919775, 54.170752], [-64.970215, 54.235986], [-64.980273, 54.288525], [-64.960156, 54.302588], [-65.059082, 54.396191], [-65.103369, 54.473242], [-65.139648, 54.511279], [-65.187109, 54.527979], [-65.217773, 54.556641], [-65.135449, 54.637695], [-65.156982, 54.655908], [-65.223535, 54.650244], [-65.271191, 54.607666], [-65.279248, 54.52334], [-65.304883, 54.459619], [-65.164893, 54.435156], [-65.072314, 54.340332], [-65.011084, 54.224268], [-64.941113, 54.152393], [-64.816309, 54.076465], [-64.864111, 54.052881], [-65.130469, 54.083301], [-65.177734, 54.074805], [-65.103369, 54.011914], [-65.19209, 53.993018], [-65.34541, 54.043311], [-65.400293, 54.006641], [-65.503369, 54.055371], [-65.682227, 54.175537], [-65.713086, 54.163086], [-65.791455, 54.2021], [-65.871582, 54.280518], [-65.908691, 54.285107], [-65.937646, 54.270654], [-65.993848, 54.340039], [-66.022656, 54.346191], [-66.191016, 54.476367], [-66.191016, 54.525098], [-66.200146, 54.576563], [-66.354248, 54.687207], [-66.359668, 54.714844], [-66.42915, 54.813477], [-66.423242, 54.83335], [-66.412158, 54.837646], [-66.399316, 54.852686], [-66.427539, 54.880566], [-66.432031, 54.892969], [-66.420312, 54.901318], [-66.379785, 54.904395], [-66.351465, 54.91377], [-66.352246, 54.937256], [-66.344873, 54.978809], [-66.448926, 55.052344], [-66.532422, 55.100098], [-66.556055, 55.101562], [-66.541211, 55.073096], [-66.552637, 55.053906], [-66.584082, 55.049268], [-66.5979, 55.028613], [-66.574121, 54.990576], [-66.56748, 54.958447], [-66.594775, 54.949414], [-66.600342, 54.922461], [-66.555469, 54.883496], [-66.508838, 54.802393], [-66.529297, 54.769775], [-66.507861, 54.653516], [-66.535059, 54.628223], [-66.621143, 54.623096], [-66.614551, 54.581543], [-66.616455, 54.520557], [-66.607715, 54.487744], [-66.576758, 54.423535], [-66.491455, 54.27334], [-66.381836, 54.163721], [-66.323535, 54.154248], [-66.331348, 54.17876], [-66.387305, 54.262695], [-66.406201, 54.33833], [-66.377197, 54.375391], [-66.349316, 54.423535], [-66.42876, 54.508447], [-66.440088, 54.562207], [-66.363818, 54.541211], [-66.276367, 54.47832], [-66.254199, 54.425537], [-66.112354, 54.346729], [-65.825537, 54.135303], [-65.728125, 54.086572], [-65.582568, 54.060791], [-65.516943, 53.997266], [-65.50708, 53.949707], [-65.453418, 53.914111], [-65.407324, 53.903857], [-65.337793, 53.87915], [-65.327881, 53.82124], [-65.381055, 53.715039], [-65.364404, 53.674756], [-65.325977, 53.635937], [-65.316797, 53.604883], [-65.334619, 53.586523], [-65.388135, 53.559229], [-65.58252, 53.54248], [-65.529102, 53.489697], [-65.233691, 53.455225], [-65.020312, 53.421094], [-64.973096, 53.455127], [-65.127783, 53.500439], [-65.163525, 53.540088], [-65.147559, 53.564209], [-65.189551, 53.639063], [-65.191016, 53.67417], [-65.295117, 53.724121], [-65.297559, 53.759619], [-65.263379, 53.796094], [-65.176904, 53.818408], [-65.013916, 53.888477], [-64.921973, 53.916211], [-64.836475, 53.930615], [-64.75127, 53.934229], [-64.694043, 53.960547], [-64.658398, 53.995752], [-64.64165, 54.031104], [-64.688477, 54.080908], [-64.651807, 54.113867], [-64.56416, 54.124512], [-64.525244, 54.110303], [-64.494922, 54.079346], [-64.176074, 54.012207], [-64.13833, 53.960156], [-64.123926, 53.896484], [-64.009473, 53.861572], [-63.82666, 53.858008], [-63.76416, 53.878613], [-63.769629, 53.901562], [-63.703125, 53.917627], [-63.651758, 53.924609], [-63.529199, 53.929443], [-63.528711, 53.955225], [-63.568359, 53.981689], [-63.555176, 54.005908], [-63.489404, 54.012109]], [[-70.424414, 54.409961], [-70.45957, 54.431787], [-70.517139, 54.440723], [-70.497461, 54.40708], [-70.419434, 54.358691], [-70.312109, 54.408105], [-70.274414, 54.435938], [-70.232666, 54.444141], [-70.15498, 54.43584], [-70.015283, 54.438477], [-69.988184, 54.425342], [-69.948682, 54.425293], [-69.882031, 54.45625], [-69.765625, 54.466113], [-69.774219, 54.491895], [-69.839453, 54.524609], [-69.8396, 54.556201], [-69.86001, 54.621729], [-69.900195, 54.704297], [-69.934912, 54.732422], [-69.983398, 54.741553], [-70.008008, 54.721826], [-70.029199, 54.676221], [-69.959717, 54.684473], [-69.920117, 54.654443], [-69.911914, 54.616943], [-69.911914, 54.552051], [-69.931641, 54.515771], [-69.969531, 54.48999], [-70.095312, 54.472754], [-70.214404, 54.479395], [-70.424414, 54.409961]], [[-72.516943, 55.221045], [-72.646631, 55.213281], [-72.923242, 55.179541], [-73.154102, 55.125049], [-73.153613, 55.112793], [-73.205762, 55.089111], [-73.364844, 55.047852], [-73.491016, 55.055615], [-73.511279, 55.0479], [-73.513574, 55.03418], [-73.43335, 55.006396], [-73.409229, 54.986523], [-73.427686, 54.969531], [-73.511182, 54.942041], [-73.604395, 54.927441], [-73.555371, 54.902832], [-73.412842, 54.92124], [-73.213477, 54.967871], [-73.149268, 54.964453], [-73.109814, 54.946777], [-73.045117, 54.946387], [-72.918213, 54.973877], [-72.705664, 55.010205], [-72.628613, 55.049121], [-72.472998, 55.083154], [-72.357812, 55.125781], [-72.289795, 55.166406], [-72.281201, 55.226318], [-72.25, 55.261816], [-72.225391, 55.281445], [-72.304785, 55.27168], [-72.418408, 55.240869], [-72.516943, 55.221045]], [[-74.336182, 56.024072], [-74.230615, 55.984766], [-74.276416, 55.951465], [-74.249316, 55.938037], [-74.221338, 55.935449], [-74.227686, 55.946094], [-74.183887, 55.957373], [-74.070312, 55.974756], [-73.989746, 56.025586], [-73.985449, 56.096533], [-74.05415, 56.137061], [-74.160742, 56.143652], [-74.248437, 56.160986], [-74.312207, 56.262256], [-74.477441, 56.317627], [-74.663818, 56.336182], [-74.770996, 56.308008], [-74.819141, 56.273438], [-74.824805, 56.213818], [-74.800391, 56.137305], [-74.732422, 56.091357], [-74.563721, 56.06709], [-74.336182, 56.024072]], [[-76.36582, 56.550195], [-76.391406, 56.498828], [-76.425098, 56.388721], [-76.420264, 56.364844], [-76.397217, 56.345264], [-76.417187, 56.306152], [-76.504395, 56.212598], [-76.524609, 56.183545], [-76.546777, 56.163916], [-76.446094, 56.139307], [-76.146777, 56.126807], [-75.953418, 56.14541], [-75.9354, 56.173779], [-75.939062, 56.19082], [-76.024756, 56.236621], [-76.116357, 56.276514], [-76.204687, 56.322021], [-76.275439, 56.378662], [-76.233691, 56.397021], [-76.245117, 56.4229], [-76.305176, 56.467529], [-76.329541, 56.503516], [-76.341309, 56.530664], [-76.36582, 56.550195]], [[-69.273633, 56.503711], [-69.195264, 56.42749], [-69.188916, 56.325879], [-69.121191, 56.24751], [-68.795068, 56.054834], [-68.807812, 56.088672], [-69.076953, 56.271777], [-69.12251, 56.332178], [-69.153467, 56.506934], [-69.127539, 56.649854], [-69.218604, 56.563037], [-69.273633, 56.503711]]], [[[-122.907959, 47.226123], [-122.911914, 47.254346], [-122.885107, 47.274707], [-122.84917, 47.216309], [-122.862598, 47.185059], [-122.876758, 47.186133], [-122.907959, 47.226123]]], [[[-122.394141, 47.395264], [-122.39873, 47.37251], [-122.437109, 47.354785], [-122.456982, 47.359326], [-122.458203, 47.386133], [-122.468555, 47.390234], [-122.509912, 47.358008], [-122.506836, 47.42168], [-122.486475, 47.48877], [-122.468604, 47.48999], [-122.44209, 47.446143], [-122.394141, 47.395264]]], [[[-122.557812, 47.598291], [-122.575928, 47.619482], [-122.57373, 47.666846], [-122.560107, 47.697754], [-122.549756, 47.703955], [-122.507861, 47.682666], [-122.497266, 47.59458], [-122.502637, 47.575439], [-122.557812, 47.598291]]], [[[-122.55752, 47.99248], [-122.591357, 48.029639], [-122.603174, 48.055029], [-122.606299, 48.128564], [-122.622656, 48.151416], [-122.657275, 48.156494], [-122.690381, 48.173877], [-122.741504, 48.225293], [-122.74873, 48.239014], [-122.724512, 48.280908], [-122.668994, 48.351025], [-122.628613, 48.384229], [-122.603516, 48.380615], [-122.572461, 48.35957], [-122.535547, 48.321191], [-122.542432, 48.293994], [-122.692139, 48.241064], [-122.697021, 48.228662], [-122.624414, 48.21377], [-122.597607, 48.200439], [-122.572754, 48.156641], [-122.523828, 48.025439], [-122.502832, 48.080078], [-122.366748, 47.985449], [-122.366602, 47.938818], [-122.383154, 47.923193], [-122.411426, 47.917725], [-122.437598, 47.931348], [-122.461621, 47.964014], [-122.492285, 47.981299], [-122.55752, 47.99248]]], [[[-122.820898, 48.431348], [-122.836572, 48.421533], [-122.890039, 48.434668], [-122.921631, 48.456934], [-122.932275, 48.484766], [-122.912207, 48.537988], [-122.885498, 48.551611], [-122.868896, 48.548633], [-122.861914, 48.501855], [-122.8146, 48.452344], [-122.820898, 48.431348]]], [[[-122.986768, 48.468018], [-123.094434, 48.489062], [-123.139941, 48.507959], [-123.153418, 48.526318], [-123.16958, 48.586719], [-123.162158, 48.606396], [-123.11416, 48.613281], [-123.02417, 48.538477], [-123.013135, 48.500879], [-122.986768, 48.468018]]], [[[-122.918018, 48.706982], [-122.897705, 48.710352], [-122.782129, 48.672705], [-122.768848, 48.650977], [-122.808984, 48.629834], [-122.837598, 48.626562], [-122.883105, 48.660645], [-122.903027, 48.664697], [-122.887012, 48.612305], [-122.892529, 48.594482], [-122.985645, 48.626709], [-123.002832, 48.652197], [-122.97666, 48.67915], [-122.918018, 48.706982]]], [[[-123.477246, 48.72876], [-123.499609, 48.732178], [-123.517529, 48.750146], [-123.582324, 48.925781], [-123.554688, 48.92207], [-123.467871, 48.867383], [-123.487549, 48.845703], [-123.422754, 48.793359], [-123.406787, 48.756055], [-123.4354, 48.754443], [-123.477246, 48.72876]]], [[[-123.645605, 49.038623], [-123.689258, 49.095117], [-123.482324, 48.954687], [-123.37793, 48.908252], [-123.372363, 48.886133], [-123.384814, 48.875195], [-123.541016, 48.945947], [-123.645605, 49.038623]]], [[[-126.229639, 49.295654], [-126.231445, 49.339062], [-126.208545, 49.379785], [-126.115283, 49.365039], [-126.09209, 49.354004], [-126.064014, 49.263623], [-126.186816, 49.278125], [-126.229639, 49.295654]]], [[[-125.066406, 49.848193], [-124.934668, 49.731641], [-124.904639, 49.685352], [-124.932422, 49.670459], [-124.930664, 49.643164], [-124.830615, 49.530078], [-124.642871, 49.428662], [-124.495947, 49.380273], [-124.185889, 49.300586], [-123.995801, 49.224023], [-123.937158, 49.170801], [-123.854492, 49.119189], [-123.82002, 49.083496], [-123.752295, 48.951221], [-123.626563, 48.824023], [-123.497021, 48.58208], [-123.472852, 48.602295], [-123.457959, 48.674414], [-123.443066, 48.690479], [-123.415479, 48.698193], [-123.389893, 48.670215], [-123.366309, 48.606445], [-123.283789, 48.455176], [-123.310645, 48.411035], [-123.334521, 48.406494], [-123.445898, 48.427246], [-123.48457, 48.400098], [-123.536475, 48.344971], [-123.573145, 48.322803], [-123.594629, 48.333545], [-123.916943, 48.386572], [-124.115234, 48.436426], [-124.376221, 48.515234], [-124.689404, 48.597314], [-124.868262, 48.653613], [-125.017236, 48.711475], [-125.120703, 48.760791], [-125.140283, 48.802637], [-125.135693, 48.822412], [-124.934766, 48.956348], [-124.849658, 49.028271], [-124.817041, 49.083301], [-124.800244, 49.141553], [-124.812646, 49.212646], [-124.820752, 49.207129], [-124.838721, 49.139062], [-124.868311, 49.078516], [-124.904443, 49.031006], [-124.927344, 49.014209], [-125.168213, 48.991016], [-125.362744, 48.998242], [-125.460303, 48.941064], [-125.489453, 48.933789], [-125.543115, 48.952832], [-125.660498, 49.02915], [-125.828516, 49.091846], [-125.811963, 49.107227], [-125.702295, 49.139209], [-125.644238, 49.185791], [-125.654639, 49.193213], [-125.693701, 49.190381], [-125.728027, 49.199854], [-125.796387, 49.260205], [-125.835449, 49.27666], [-125.918359, 49.249512], [-125.95166, 49.248047], [-125.983838, 49.287891], [-125.937695, 49.379785], [-125.9354, 49.401465], [-126.020312, 49.368018], [-126.04834, 49.379004], [-126.074902, 49.408789], [-126.099854, 49.421289], [-126.168848, 49.415186], [-126.243604, 49.442676], [-126.269727, 49.431885], [-126.279639, 49.392187], [-126.304492, 49.382031], [-126.418604, 49.449023], [-126.444531, 49.451123], [-126.499854, 49.399951], [-126.519141, 49.396777], [-126.548535, 49.418945], [-126.563721, 49.543262], [-126.557471, 49.578613], [-126.541895, 49.590479], [-126.442773, 49.619287], [-126.157813, 49.650146], [-126.134082, 49.672314], [-126.347559, 49.66084], [-126.403174, 49.677734], [-126.462793, 49.720215], [-126.525244, 49.71958], [-126.558252, 49.733398], [-126.592871, 49.764111], [-126.683105, 49.876465], [-126.744629, 49.904932], [-126.849365, 49.922803], [-126.90332, 49.944141], [-126.926074, 49.934717], [-126.947949, 49.902686], [-126.9771, 49.882812], [-127.04873, 49.871533], [-127.114307, 49.879736], [-127.165527, 49.910449], [-127.195898, 49.94917], [-127.20752, 49.992432], [-127.179102, 50.050293], [-127.179639, 50.073145], [-127.192334, 50.099902], [-127.215674, 50.121484], [-127.249805, 50.137988], [-127.268408, 50.129346], [-127.271533, 50.095557], [-127.290039, 50.07085], [-127.349414, 50.051953], [-127.3979, 50.08501], [-127.429785, 50.130859], [-127.467139, 50.163428], [-127.674854, 50.16333], [-127.770459, 50.121143], [-127.816309, 50.117725], [-127.863916, 50.127734], [-127.872998, 50.150098], [-127.828174, 50.211426], [-127.83916, 50.293213], [-127.85083, 50.313721], [-127.94668, 50.326221], [-127.962939, 50.345996], [-127.905859, 50.445215], [-127.874023, 50.463965], [-127.831543, 50.471045], [-127.641406, 50.479102], [-127.578125, 50.464941], [-127.486523, 50.404639], [-127.489355, 50.427344], [-127.524023, 50.495752], [-127.529004, 50.536768], [-127.465918, 50.583105], [-127.526221, 50.59668], [-127.751465, 50.607373], [-127.749707, 50.577734], [-127.731152, 50.535742], [-127.864697, 50.498877], [-127.963672, 50.492627], [-128.05835, 50.498486], [-128.135645, 50.520557], [-128.267432, 50.609277], [-128.349902, 50.696582], [-128.346045, 50.744238], [-128.30083, 50.794141], [-128.241553, 50.828174], [-128.101318, 50.857764], [-127.918066, 50.860547], [-127.713037, 50.820752], [-127.197314, 50.640381], [-126.700928, 50.515527], [-126.203857, 50.453857], [-125.83916, 50.380811], [-125.615234, 50.358545], [-125.534326, 50.34248], [-125.48208, 50.316797], [-125.420459, 50.254639], [-125.313965, 50.106689], [-125.233203, 50.012207], [-125.066406, 49.848193]]], [[[-124.309131, 49.667285], [-124.153662, 49.531152], [-124.139795, 49.510352], [-124.362305, 49.588184], [-124.457227, 49.634229], [-124.517822, 49.686328], [-124.630957, 49.735693], [-124.649854, 49.75835], [-124.623291, 49.775098], [-124.547168, 49.764941], [-124.421484, 49.727783], [-124.309131, 49.667285]]], [[[-126.738135, 49.843652], [-126.698145, 49.808496], [-126.649902, 49.745801], [-126.628174, 49.675146], [-126.625781, 49.626807], [-126.641211, 49.605811], [-126.68042, 49.601367], [-126.743408, 49.613477], [-126.814209, 49.64209], [-126.938574, 49.718457], [-126.95127, 49.735693], [-126.940039, 49.750488], [-126.904883, 49.762793], [-126.896875, 49.78291], [-126.92583, 49.837744], [-126.826074, 49.872363], [-126.738135, 49.843652]]], [[[-124.977734, 50.02959], [-125.001563, 50.020752], [-125.025977, 50.134082], [-124.995654, 50.175195], [-124.987012, 50.19585], [-124.99082, 50.217139], [-124.937842, 50.165918], [-124.916406, 50.131543], [-124.907471, 50.083984], [-124.908447, 50.071289], [-124.977734, 50.02959]]], [[[-125.091406, 50.267773], [-125.074023, 50.220654], [-125.112988, 50.163477], [-125.184131, 50.097119], [-125.195117, 50.044336], [-125.25957, 50.130029], [-125.358447, 50.311523], [-125.345313, 50.353955], [-125.301172, 50.414062], [-125.260937, 50.417822], [-125.195996, 50.389746], [-125.139502, 50.339697], [-125.091406, 50.267773]]], [[[-127.986816, 51.673584], [-127.916357, 51.585449], [-127.916309, 51.506201], [-127.924658, 51.473877], [-127.94126, 51.457178], [-127.98125, 51.457227], [-128.044531, 51.474023], [-128.091797, 51.511133], [-128.148779, 51.626709], [-128.142383, 51.646582], [-128.122754, 51.666797], [-128.031738, 51.708398], [-127.998682, 51.703809], [-127.986816, 51.673584]]], [[[-131.103418, 52.013867], [-131.117334, 52.101025], [-131.107129, 52.136572], [-131.098096, 52.150635], [-131.010645, 52.095264], [-131.029297, 51.961621], [-131.047266, 51.959717], [-131.080518, 51.98042], [-131.103418, 52.013867]]], [[[-128.323779, 52.458984], [-128.343555, 52.426074], [-128.36875, 52.400879], [-128.44541, 52.3875], [-128.419873, 52.441113], [-128.4125, 52.472852], [-128.42627, 52.502734], [-128.435937, 52.560352], [-128.439795, 52.696387], [-128.364893, 52.781885], [-128.247266, 52.784375], [-128.248437, 52.741211], [-128.323779, 52.458984]]], [[[-128.993994, 52.661719], [-128.940332, 52.600732], [-128.936865, 52.51001], [-128.968701, 52.464258], [-129.102344, 52.574365], [-129.151025, 52.605322], [-129.250488, 52.722168], [-129.267773, 52.772363], [-129.263525, 52.800781], [-129.245947, 52.81123], [-129.186182, 52.79126], [-128.993994, 52.661719]]], [[[-131.727295, 52.756396], [-131.610596, 52.745215], [-131.455225, 52.701709], [-131.572803, 52.62334], [-131.590576, 52.578223], [-131.443896, 52.45332], [-131.42998, 52.422119], [-131.383008, 52.415723], [-131.273633, 52.42583], [-131.259717, 52.415918], [-131.259961, 52.390039], [-131.327051, 52.317529], [-131.319922, 52.303076], [-131.25918, 52.29165], [-131.142627, 52.291113], [-131.116162, 52.219092], [-131.221533, 52.153613], [-131.421875, 52.237988], [-131.511133, 52.32207], [-131.562061, 52.399951], [-131.623682, 52.443994], [-131.809668, 52.541699], [-132.092236, 52.752783], [-132.165088, 52.783301], [-132.238574, 52.866797], [-132.259961, 52.906982], [-132.258105, 52.933887], [-132.229541, 52.948096], [-132.144922, 52.957471], [-132.14375, 52.999316], [-132.468701, 53.071875], [-132.504834, 53.086719], [-132.546777, 53.1375], [-132.524219, 53.144922], [-132.34541, 53.136084], [-132.153906, 53.160498], [-132.035937, 53.17915], [-131.989502, 53.201953], [-131.893115, 53.231445], [-131.853467, 53.229736], [-131.753711, 53.195557], [-131.652344, 53.102979], [-131.622168, 53.020068], [-131.634668, 52.922168], [-131.795264, 52.885059], [-131.879687, 52.914648], [-131.916357, 52.909131], [-131.971777, 52.879834], [-131.904395, 52.866699], [-131.810059, 52.818701], [-131.727295, 52.756396]]], [[[-128.746338, 52.763379], [-128.769629, 52.751221], [-128.831201, 52.678809], [-128.899805, 52.673828], [-129.022852, 52.755957], [-129.084717, 52.822461], [-129.094873, 52.891846], [-129.175928, 52.964941], [-129.184326, 52.990674], [-129.177686, 53.01792], [-129.111084, 53.090674], [-129.084082, 53.139697], [-129.060352, 53.240625], [-129.033252, 53.279932], [-128.970215, 53.274365], [-128.857715, 53.228564], [-128.740381, 53.178857], [-128.632666, 53.1125], [-128.552441, 52.939746], [-128.506543, 52.620703], [-128.509912, 52.518604], [-128.576807, 52.451807], [-128.624023, 52.339893], [-128.678955, 52.289648], [-128.730908, 52.356543], [-128.735547, 52.467725], [-128.749414, 52.556055], [-128.766455, 52.598389], [-128.746338, 52.763379]]], [[[-129.313721, 52.992188], [-129.328711, 52.984229], [-129.37002, 52.997607], [-129.409717, 53.02373], [-129.477783, 53.097754], [-129.500146, 53.128906], [-129.514746, 53.179395], [-129.501074, 53.18833], [-129.450732, 53.174707], [-129.343506, 53.052783], [-129.313721, 52.992188]]], [[[-129.177002, 53.259131], [-129.167725, 53.117871], [-129.173242, 53.110742], [-129.276855, 53.110937], [-129.305713, 53.121143], [-129.323877, 53.142139], [-129.33125, 53.173975], [-129.314355, 53.212305], [-129.253076, 53.285498], [-129.251172, 53.316699], [-129.238184, 53.330078], [-129.195215, 53.293213], [-129.177002, 53.259131]]], [[[-130.0354, 53.481104], [-129.944727, 53.436377], [-129.754834, 53.244775], [-129.768945, 53.217285], [-129.848584, 53.16792], [-129.868555, 53.164502], [-129.934375, 53.17666], [-130.151416, 53.345703], [-130.305664, 53.407373], [-130.410742, 53.49082], [-130.517578, 53.544238], [-130.452002, 53.631152], [-130.394824, 53.62041], [-130.19502, 53.549658], [-130.0354, 53.481104]]], [[[-132.564893, 53.687646], [-132.574121, 53.675391], [-132.567139, 53.663965], [-132.534668, 53.651709], [-132.464404, 53.65332], [-132.186963, 53.684814], [-132.17168, 53.706836], [-132.152246, 53.806982], [-132.114014, 53.860156], [-132.110596, 53.900293], [-132.135889, 53.99585], [-132.134424, 54.034277], [-131.94082, 54.041992], [-131.819629, 54.077344], [-131.695947, 54.143164], [-131.667627, 54.141357], [-131.6854, 54.022803], [-131.702539, 53.986377], [-131.821143, 53.841504], [-131.88916, 53.713965], [-131.922314, 53.587891], [-131.928076, 53.379199], [-131.957422, 53.308691], [-132.011328, 53.265186], [-132.347266, 53.189209], [-132.520459, 53.194043], [-132.674805, 53.263184], [-132.74751, 53.310498], [-132.692578, 53.367871], [-132.654785, 53.370557], [-132.54624, 53.359277], [-132.462402, 53.337891], [-132.425, 53.336963], [-132.431348, 53.350439], [-132.670166, 53.458594], [-132.84502, 53.507715], [-132.897998, 53.562695], [-132.899561, 53.605371], [-132.913379, 53.629199], [-133.052246, 53.778125], [-133.079492, 53.837012], [-133.097656, 53.920264], [-133.097949, 54.005615], [-133.063867, 54.144043], [-133.048389, 54.158936], [-132.991455, 54.157812], [-132.893066, 54.140771], [-132.655518, 54.12749], [-132.564063, 54.068652], [-132.344434, 54.106055], [-132.303369, 54.098877], [-132.261621, 54.076318], [-132.215918, 54.028418], [-132.166113, 53.955225], [-132.155127, 53.875195], [-132.175098, 53.846533], [-132.214502, 53.814746], [-132.564893, 53.687646]]], [[[-130.646289, 53.894043], [-130.637891, 53.86001], [-130.643701, 53.844531], [-130.663574, 53.847559], [-130.683447, 53.863477], [-130.703174, 53.892236], [-130.707275, 53.921484], [-130.695703, 53.95127], [-130.646924, 53.99126], [-130.494629, 54.07417], [-130.447998, 54.089014], [-130.397314, 54.085693], [-130.315869, 54.046924], [-130.298486, 54.035645], [-130.236279, 53.958545], [-130.267236, 53.922607], [-130.337549, 53.86626], [-130.384229, 53.843945], [-130.407227, 53.855518], [-130.470264, 53.861768], [-130.5375, 53.917871], [-130.589844, 53.940283], [-130.624609, 53.941406], [-130.641846, 53.921143], [-130.646289, 53.894043]]], [[[-130.927148, 54.479053], [-130.950293, 54.477783], [-130.959033, 54.498682], [-130.953467, 54.541846], [-130.921777, 54.614893], [-130.906836, 54.631787], [-130.758008, 54.61377], [-130.753418, 54.599707], [-130.763379, 54.576709], [-130.805127, 54.543799], [-130.927148, 54.479053]]], [[[-131.595117, 55.090723], [-131.556006, 55.137402], [-131.577832, 55.20083], [-131.578467, 55.248779], [-131.56543, 55.264111], [-131.512646, 55.262744], [-131.404639, 55.21333], [-131.339746, 55.079834], [-131.237451, 54.949512], [-131.232031, 54.90376], [-131.329541, 54.887744], [-131.406201, 54.894287], [-131.445703, 54.909326], [-131.456104, 54.930566], [-131.431348, 54.996484], [-131.481738, 55.035254], [-131.540039, 55.048486], [-131.592236, 55.025684], [-131.595117, 55.090723]]], [[[-131.447559, 55.408789], [-131.474512, 55.373486], [-131.521826, 55.341064], [-131.641309, 55.298926], [-131.723682, 55.218359], [-131.7625, 55.16582], [-131.810986, 55.223096], [-131.841992, 55.358691], [-131.846094, 55.41626], [-131.759473, 55.503076], [-131.647559, 55.585547], [-131.624951, 55.831689], [-131.269238, 55.955371], [-131.236182, 55.948975], [-131.120654, 55.856641], [-130.997803, 55.727637], [-130.965967, 55.669531], [-130.965039, 55.568018], [-130.97915, 55.48916], [-131.013916, 55.379297], [-131.082764, 55.266797], [-131.187891, 55.206299], [-131.261865, 55.219775], [-131.316309, 55.268506], [-131.366846, 55.26582], [-131.420703, 55.275879], [-131.450928, 55.316309], [-131.422363, 55.368408], [-131.447559, 55.408789]]], [[[-132.602979, 56.066406], [-132.659912, 56.078174], [-132.691357, 56.130078], [-132.699023, 56.198193], [-132.675195, 56.223633], [-132.59873, 56.24165], [-132.539014, 56.32417], [-132.505957, 56.335254], [-132.379834, 56.498779], [-132.316504, 56.4875], [-132.205615, 56.387939], [-132.066895, 56.244238], [-132.112354, 56.109375], [-132.132959, 55.943262], [-132.172607, 55.952637], [-132.210303, 55.952979], [-132.287305, 55.929395], [-132.368604, 55.939746], [-132.406592, 55.958203], [-132.420605, 55.979541], [-132.406055, 56.028857], [-132.451172, 56.056348], [-132.602979, 56.066406]]], [[[-132.598682, 56.635742], [-132.567969, 56.57583], [-132.634229, 56.553467], [-132.714453, 56.542529], [-132.746875, 56.525684], [-132.757617, 56.511035], [-132.884717, 56.512451], [-132.930811, 56.524463], [-132.948047, 56.567236], [-132.93623, 56.606836], [-132.906543, 56.637402], [-132.870654, 56.696387], [-132.842529, 56.794775], [-132.655859, 56.684717], [-132.598682, 56.635742]]], [[[-113.491406, 72.82207], [-113.449854, 72.863232], [-113.292383, 72.949805], [-113.208008, 72.981006], [-113.073535, 72.995264], [-112.753613, 72.986035], [-112.45376, 72.936621], [-112.048096, 72.888037], [-111.45542, 72.765918], [-111.269727, 72.713721], [-111.250391, 72.668555], [-111.355518, 72.572119], [-111.610889, 72.435596], [-111.816016, 72.386328], [-111.895166, 72.356104], [-111.761621, 72.335254], [-111.675098, 72.300146], [-111.543555, 72.350928], [-111.447363, 72.407715], [-111.311182, 72.454834], [-111.264795, 72.459033], [-111.253418, 72.449072], [-111.277148, 72.424854], [-111.287256, 72.401123], [-111.28374, 72.377979], [-111.268066, 72.363867], [-111.184619, 72.356641], [-111.139893, 72.365332], [-110.958984, 72.431982], [-110.781543, 72.533887], [-110.512549, 72.599707], [-110.439307, 72.63335], [-110.205127, 72.661279], [-110.207959, 72.681055], [-110.197168, 72.758887], [-110.279102, 72.792041], [-110.553613, 72.861426], [-110.689404, 72.944531], [-110.66084, 73.008203], [-110.509277, 72.998926], [-110.094629, 72.992139], [-110.008447, 72.983643], [-109.609961, 72.875684], [-109.469092, 72.808447], [-109.357129, 72.775049], [-109.121924, 72.726416], [-109.043018, 72.686865], [-108.987402, 72.670801], [-108.968164, 72.654102], [-108.9854, 72.636816], [-108.994434, 72.595996], [-108.950781, 72.582861], [-108.797852, 72.567529], [-108.75498, 72.551074], [-108.698291, 72.499268], [-108.627734, 72.412012], [-108.566357, 72.317334], [-108.46958, 72.13877], [-108.276416, 71.900391], [-108.2104, 71.751172], [-108.188232, 71.723779], [-108.144678, 71.704932], [-108.020801, 71.67749], [-107.925342, 71.638672], [-107.812842, 71.626172], [-107.785449, 71.629688], [-107.757471, 71.663037], [-107.687256, 71.716113], [-107.346924, 71.819238], [-107.329297, 71.835254], [-107.369434, 71.858984], [-107.381787, 71.875146], [-107.376855, 71.886084], [-107.306006, 71.894678], [-107.542627, 72.025342], [-107.69585, 72.149316], [-107.794043, 72.302637], [-107.809033, 72.347461], [-107.82373, 72.442773], [-107.855615, 72.467822], [-107.909814, 72.490771], [-107.93252, 72.52041], [-107.923682, 72.556641], [-107.934375, 72.587744], [-107.997168, 72.652686], [-108.238232, 73.105811], [-108.237402, 73.149902], [-108.20415, 73.183057], [-108.118311, 73.202051], [-107.979932, 73.206738], [-107.936182, 73.217139], [-107.987061, 73.233105], [-108.07749, 73.281396], [-108.089404, 73.303711], [-108.029053, 73.34873], [-107.72002, 73.329053], [-107.496289, 73.288379], [-107.113477, 73.192139], [-107.074414, 73.197412], [-107.03252, 73.245312], [-106.950781, 73.276025], [-106.828369, 73.265918], [-106.482129, 73.196191], [-106.081641, 73.071924], [-105.812695, 73.010645], [-105.62417, 72.92749], [-105.495947, 72.848975], [-105.415137, 72.78833], [-105.41167, 72.764648], [-105.430078, 72.740381], [-105.411084, 72.70874], [-105.354541, 72.669727], [-105.323193, 72.634814], [-105.297559, 72.560449], [-105.246924, 72.463574], [-105.234082, 72.415088], [-104.87832, 71.97998], [-104.810303, 71.903174], [-104.766992, 71.867578], [-104.518311, 71.699219], [-104.385937, 71.576953], [-104.373145, 71.495117], [-104.355371, 71.47168], [-104.349561, 71.433984], [-104.355811, 71.38208], [-104.384863, 71.337549], [-104.436816, 71.300293], [-104.487061, 71.2479], [-104.563086, 71.132422], [-104.56958, 71.104053], [-104.514795, 71.064258], [-104.166846, 70.927197], [-103.953467, 70.762646], [-103.853467, 70.733789], [-103.58457, 70.630859], [-103.294678, 70.572461], [-103.197168, 70.547314], [-103.10498, 70.510254], [-103.077197, 70.508838], [-103.021191, 70.51582], [-103.005176, 70.525928], [-103.001221, 70.540967], [-103.082812, 70.619092], [-103.088574, 70.649707], [-103.049561, 70.655078], [-102.750488, 70.521875], [-102.58916, 70.468848], [-102.36875, 70.413232], [-101.989844, 70.285059], [-101.937207, 70.274561], [-101.732227, 70.286377], [-101.676318, 70.278271], [-101.641162, 70.265576], [-101.626807, 70.24834], [-101.618457, 70.172412], [-101.562402, 70.13501], [-101.23916, 70.150977], [-101.148535, 70.147607], [-101.090771, 70.135693], [-101.042676, 70.110791], [-100.97334, 70.029492], [-100.909082, 69.869189], [-100.905713, 69.811719], [-100.935107, 69.715332], [-100.982373, 69.679883], [-101.043701, 69.668701], [-101.216211, 69.679639], [-101.337256, 69.710254], [-101.400098, 69.749268], [-101.456738, 69.833887], [-101.483838, 69.850195], [-101.508398, 69.833154], [-101.565088, 69.755664], [-101.60249, 69.721289], [-101.647656, 69.698535], [-101.733594, 69.70415], [-101.860254, 69.738086], [-102.097949, 69.824609], [-102.182129, 69.845947], [-102.234326, 69.842236], [-102.348096, 69.812988], [-102.523486, 69.758203], [-102.595898, 69.71792], [-102.565234, 69.692188], [-102.544922, 69.659814], [-102.534863, 69.620801], [-102.540918, 69.59209], [-102.563135, 69.573584], [-102.621094, 69.551514], [-102.743604, 69.547754], [-102.919775, 69.564648], [-103.05918, 69.594678], [-103.303223, 69.674316], [-103.359277, 69.685352], [-103.434766, 69.667676], [-103.464893, 69.644482], [-103.418018, 69.611426], [-103.294043, 69.568457], [-103.142432, 69.497266], [-103.101855, 69.48335], [-103.062744, 69.484912], [-103.048926, 69.471777], [-103.031836, 69.433496], [-103.039795, 69.367578], [-103.112695, 69.235986], [-103.120215, 69.20459], [-103.090332, 69.212012], [-102.884082, 69.341309], [-102.777441, 69.377588], [-102.546484, 69.434473], [-102.446777, 69.476318], [-102.151416, 69.487695], [-102.045947, 69.464844], [-101.978223, 69.425098], [-101.975537, 69.407031], [-102.052881, 69.360449], [-102.066895, 69.337109], [-102.070898, 69.307617], [-102.064014, 69.281152], [-102.046094, 69.257666], [-101.992969, 69.236035], [-101.899121, 69.245508], [-101.872852, 69.239941], [-101.82251, 69.21709], [-101.789258, 69.181641], [-101.787793, 69.132275], [-101.857129, 69.023975], [-101.980566, 68.988525], [-102.358789, 68.922852], [-102.488428, 68.888916], [-102.73833, 68.86499], [-102.834863, 68.833252], [-102.895068, 68.823633], [-103.162256, 68.828711], [-103.468213, 68.808545], [-103.820361, 68.847998], [-104.067334, 68.865576], [-104.352686, 68.928174], [-104.460156, 68.912402], [-104.571436, 68.872119], [-105.105859, 68.92041], [-105.169287, 68.955371], [-105.14834, 68.978125], [-105.021631, 69.05249], [-105.013574, 69.068066], [-105.01958, 69.08125], [-105.262354, 69.093994], [-105.533008, 69.133545], [-105.80498, 69.153174], [-106.008398, 69.147607], [-106.140869, 69.162012], [-106.270166, 69.19458], [-106.341162, 69.224365], [-106.353955, 69.251221], [-106.355713, 69.280615], [-106.344238, 69.339648], [-106.361377, 69.381055], [-106.419971, 69.41377], [-106.539795, 69.443066], [-106.659082, 69.4396], [-106.759961, 69.407129], [-106.855811, 69.347314], [-107.033447, 69.180762], [-107.12251, 69.152295], [-107.353369, 69.031689], [-107.439893, 69.002148], [-107.863379, 68.954346], [-108.36499, 68.934766], [-108.552539, 68.897412], [-108.73042, 68.827441], [-108.945898, 68.759814], [-109.472119, 68.676709], [-109.958545, 68.630273], [-110.467627, 68.61001], [-110.848096, 68.578418], [-110.957227, 68.594189], [-111.127588, 68.58833], [-111.310937, 68.542041], [-111.518066, 68.533057], [-112.304932, 68.516211], [-112.666211, 68.485254], [-112.864258, 68.4771], [-113.019531, 68.481348], [-113.127734, 68.494141], [-113.231396, 68.5354], [-113.338086, 68.598779], [-113.554834, 68.767578], [-113.616846, 68.838477], [-113.592529, 68.959863], [-113.608545, 69.030176], [-113.680664, 69.181982], [-113.694141, 69.19502], [-114.073437, 69.251318], [-114.322949, 69.269141], [-114.699072, 69.272754], [-115.159033, 69.264746], [-115.618115, 69.282959], [-115.860742, 69.303564], [-116.101562, 69.337158], [-116.513477, 69.424609], [-116.536816, 69.433545], [-116.568799, 69.462695], [-116.609473, 69.512012], [-116.712012, 69.576221], [-116.992773, 69.719385], [-117.104004, 69.804248], [-117.121973, 69.825879], [-117.148633, 69.888135], [-117.184033, 69.991064], [-117.19541, 70.054053], [-117.162744, 70.09248], [-117.135449, 70.100146], [-116.553809, 70.175049], [-115.529102, 70.257129], [-114.592334, 70.312451], [-114.166992, 70.307471], [-113.916602, 70.281543], [-113.665527, 70.269678], [-113.210742, 70.263818], [-112.637891, 70.225244], [-112.522754, 70.228564], [-112.265967, 70.254688], [-112.189648, 70.275586], [-111.783691, 70.2729], [-111.704883, 70.285742], [-111.632568, 70.308838], [-111.72583, 70.352051], [-112.11416, 70.446875], [-113.145508, 70.616357], [-113.397021, 70.652393], [-113.757275, 70.690723], [-113.966064, 70.696191], [-114.232178, 70.674268], [-114.331396, 70.675244], [-114.592627, 70.642236], [-114.840723, 70.621387], [-115.31123, 70.601172], [-115.990918, 70.586279], [-116.086084, 70.590674], [-116.225879, 70.616406], [-116.327295, 70.62373], [-116.992529, 70.603662], [-117.587061, 70.629541], [-118.264062, 70.88833], [-118.376514, 70.967725], [-118.352539, 71.000049], [-118.269092, 71.034717], [-117.933838, 71.134668], [-117.814063, 71.158447], [-117.313965, 71.212109], [-116.815283, 71.276953], [-116.421533, 71.337988], [-116.228223, 71.35918], [-116.04209, 71.36167], [-115.89165, 71.381787], [-115.922266, 71.401074], [-116.045312, 71.423096], [-116.043945, 71.454297], [-115.980273, 71.469287], [-115.73374, 71.485107], [-115.471875, 71.46582], [-115.341016, 71.472412], [-115.303418, 71.493701], [-115.338135, 71.510889], [-115.58667, 71.546387], [-116.780273, 71.444189], [-117.337109, 71.434619], [-117.72334, 71.390674], [-117.935645, 71.39209], [-118.188184, 71.435937], [-118.221875, 71.449072], [-118.226465, 71.46709], [-118.14834, 71.525732], [-117.878418, 71.56084], [-117.742334, 71.659326], [-117.887598, 71.661035], [-118.371533, 71.639941], [-118.583008, 71.649023], [-118.868408, 71.686768], [-118.9521, 71.731738], [-118.987695, 71.764258], [-118.99375, 71.803027], [-118.98418, 71.913086], [-118.959814, 71.972217], [-118.944629, 71.985547], [-118.589844, 72.16748], [-118.368652, 72.205469], [-118.213477, 72.262891], [-118.207471, 72.286914], [-118.245898, 72.311035], [-118.390479, 72.369531], [-118.448633, 72.399219], [-118.481299, 72.427686], [-118.456592, 72.47251], [-118.374512, 72.533887], [-118.133105, 72.632812], [-117.551709, 72.831104], [-117.256445, 72.914404], [-116.97168, 72.959326], [-116.573242, 73.054932], [-115.552197, 73.213477], [-114.638232, 73.372656], [-114.301904, 73.330713], [-114.206396, 73.297803], [-114.163965, 73.269824], [-114.127051, 73.230713], [-114.095459, 73.180273], [-114.051709, 73.070996], [-114.046143, 73.0146], [-114.05376, 72.958057], [-114.074756, 72.906836], [-114.10918, 72.860986], [-114.177686, 72.805078], [-114.280322, 72.739063], [-114.497852, 72.625879], [-114.521533, 72.59292], [-114.458105, 72.580371], [-114.342432, 72.590771], [-114.174463, 72.624072], [-113.957813, 72.651465], [-113.692432, 72.672803], [-113.622168, 72.646826], [-113.578076, 72.6521], [-113.500049, 72.694434], [-113.486133, 72.722266], [-113.495898, 72.753662], [-113.491406, 72.82207]], [[-104.511377, 69.718359], [-104.388184, 69.755713], [-104.358301, 69.81543], [-104.482471, 69.8396], [-104.761523, 69.858154], [-104.862061, 69.855518], [-104.645654, 69.732666], [-104.511377, 69.718359]]], [[[-119.025684, 74.044727], [-118.744141, 74.19209], [-118.625293, 74.23252], [-118.543994, 74.244629], [-118.199658, 74.266748], [-117.965869, 74.266064], [-117.707471, 74.252344], [-117.514844, 74.231738], [-117.198828, 74.171143], [-116.950391, 74.101416], [-116.722363, 74.027148], [-115.957715, 73.747949], [-115.634326, 73.665527], [-115.510693, 73.61875], [-115.455664, 73.584668], [-115.40752, 73.541895], [-115.392822, 73.501953], [-115.411572, 73.464795], [-115.446875, 73.438867], [-115.524463, 73.416748], [-115.992285, 73.323242], [-116.238623, 73.29458], [-116.48252, 73.253223], [-117.06543, 73.107275], [-117.464453, 73.037744], [-117.983203, 72.902197], [-118.961572, 72.684131], [-119.077979, 72.640332], [-119.131543, 72.608838], [-119.407764, 72.3604], [-119.512842, 72.302686], [-119.76748, 72.243848], [-120.089746, 72.22915], [-120.179883, 72.212646], [-120.194434, 72.126758], [-120.31001, 71.984082], [-120.36626, 71.888037], [-120.443164, 71.630811], [-120.460938, 71.605078], [-120.519678, 71.557422], [-120.619336, 71.505762], [-120.930322, 71.44624], [-121.159814, 71.41499], [-121.472168, 71.389014], [-121.546826, 71.406787], [-121.622168, 71.447607], [-121.700684, 71.451172], [-121.749365, 71.444775], [-122.156641, 71.265918], [-122.549512, 71.193555], [-122.719775, 71.128174], [-122.839941, 71.097461], [-122.936523, 71.087988], [-123.095654, 71.093799], [-123.210596, 71.123437], [-123.314746, 71.169189], [-123.393359, 71.218848], [-123.595166, 71.423193], [-123.681836, 71.493115], [-123.755566, 71.528027], [-123.953271, 71.65249], [-124.007764, 71.677441], [-124.759961, 71.835156], [-125.126123, 71.923633], [-125.214648, 71.954785], [-125.29668, 71.973047], [-125.766895, 71.96084], [-125.829102, 71.965625], [-125.845313, 71.978662], [-125.789648, 72.025], [-125.767725, 72.054248], [-125.760498, 72.08291], [-125.768604, 72.12915], [-125.762598, 72.1375], [-125.583789, 72.183057], [-125.612793, 72.192529], [-125.633789, 72.210303], [-125.646777, 72.236523], [-125.627295, 72.254834], [-125.575488, 72.265283], [-125.512402, 72.307715], [-125.438086, 72.38208], [-125.382764, 72.423828], [-125.306006, 72.450732], [-125.168311, 72.522607], [-125.070215, 72.551611], [-124.987109, 72.587988], [-124.984668, 72.604395], [-125.018555, 72.616992], [-125.030225, 72.644775], [-125.014746, 72.731445], [-125.01543, 72.776074], [-125.000391, 72.81333], [-124.969678, 72.843311], [-124.930859, 72.863184], [-124.582568, 72.925928], [-124.564941, 72.944141], [-124.56084, 72.965039], [-124.570215, 72.988721], [-124.588281, 73.005322], [-124.643311, 73.018945], [-124.736426, 73.022705], [-124.81709, 73.058789], [-124.836426, 73.07627], [-124.804053, 73.125684], [-124.646924, 73.204443], [-124.593994, 73.243311], [-124.424219, 73.418701], [-124.11416, 73.527393], [-124.030176, 73.644238], [-123.797266, 73.768164], [-123.797803, 73.785303], [-123.873047, 73.827588], [-124.088037, 73.856885], [-124.191504, 73.902002], [-124.260742, 73.953271], [-124.575342, 74.248145], [-124.629102, 74.27002], [-124.64502, 74.304346], [-124.709326, 74.327002], [-124.69624, 74.348193], [-123.468311, 74.436133], [-122.623145, 74.46416], [-121.7479, 74.540625], [-121.50415, 74.545117], [-121.315234, 74.52998], [-121.128711, 74.490234], [-120.881641, 74.420752], [-120.554492, 74.35293], [-119.943604, 74.253711], [-119.562646, 74.232812], [-119.715381, 74.153662], [-119.736914, 74.129932], [-119.736328, 74.112646], [-119.728564, 74.108447], [-119.471094, 74.201221], [-119.314844, 74.20625], [-119.205957, 74.197998], [-119.171436, 74.186182], [-119.149609, 74.167871], [-119.13877, 74.127588], [-119.131885, 74.027881], [-119.117969, 74.015527], [-119.08252, 74.021191], [-119.025684, 74.044727]]], [[[-112.519336, 74.416846], [-113.016895, 74.401904], [-113.514062, 74.430078], [-113.671582, 74.453027], [-113.836816, 74.488965], [-114.174756, 74.57373], [-114.268262, 74.604346], [-114.376953, 74.67085], [-114.312695, 74.715088], [-114.132471, 74.766113], [-113.862891, 74.812549], [-113.324316, 74.875293], [-112.835986, 74.975586], [-112.663037, 74.994434], [-112.49233411127051, 75.0], [-109.04297790541715, 75.0], [-109.503125, 74.882764], [-110.175781, 74.83999], [-110.386719, 74.813965], [-110.543408, 74.780371], [-110.624756, 74.752686], [-110.749316, 74.687695], [-110.940869, 74.638721], [-111.287549, 74.585156], [-111.728711, 74.501953], [-112.519336, 74.416846]]], [[[-115.728857, 74.968115], [-115.90850590724152, 75.0], [-115.62903504237288, 75.0], [-115.683154, 74.97417], [-115.728857, 74.968115]]], [[[-114.85805206027119, 75.0], [-115.020117, 74.976172], [-115.077051, 74.985303], [-115.10822603074058, 75.0], [-114.85805206027119, 75.0]]], [[[-86.438281, 16.413867], [-86.337842, 16.439209], [-86.255518, 16.428223], [-86.419922, 16.378369], [-86.580273, 16.300244], [-86.63042, 16.301758], [-86.556934, 16.362109], [-86.438281, 16.413867]]], [[[-85.878223, 16.513965], [-85.833789, 16.510889], [-85.844434, 16.487744], [-85.870947, 16.461523], [-85.947217, 16.403613], [-85.960986, 16.429688], [-85.924219, 16.483301], [-85.878223, 16.513965]]], [[[-87.92998, 17.283008], [-87.934863, 17.322949], [-87.902832, 17.426465], [-87.859424, 17.462793], [-87.83252, 17.501074], [-87.826416, 17.546289], [-87.788623, 17.524219], [-87.798145, 17.47959], [-87.85293, 17.422852], [-87.92998, 17.283008]]], [[[-87.95332, 18.001074], [-87.89834, 18.154932], [-87.858936, 18.154053], [-87.848535, 18.140381], [-87.950586, 17.924951], [-87.998096, 17.906348], [-87.959033, 17.964014], [-87.95332, 18.001074]]], [[[-91.589111, 18.778027], [-91.550293, 18.773682], [-91.536719, 18.76001], [-91.654248, 18.711475], [-91.683691, 18.677344], [-91.796143, 18.654199], [-91.816113, 18.675879], [-91.589111, 18.778027]]], [[[-87.019434, 20.382324], [-86.977979, 20.489795], [-86.927832, 20.551514], [-86.828564, 20.558789], [-86.763281, 20.579053], [-86.755029, 20.551758], [-86.808789, 20.468457], [-86.939648, 20.30332], [-86.991406, 20.272168], [-87.019434, 20.382324]]], [[[-86.752881, 21.278809], [-86.739062, 21.27998], [-86.726904, 21.264307], [-86.696289, 21.191016], [-86.713623, 21.196777], [-86.736377, 21.233301], [-86.752881, 21.278809]]], [[[-106.607031, 21.561475], [-106.63418, 21.613135], [-106.639355, 21.697852], [-106.597363, 21.712158], [-106.536426, 21.676367], [-106.502246, 21.61084], [-106.531348, 21.528516], [-106.607031, 21.561475]]], [[[-97.267334, 26.329785], [-97.4021, 26.820508], [-97.407178, 27.100195], [-97.385986, 27.196484], [-97.351221, 26.801465], [-97.202246, 26.299805], [-97.170703, 26.159375], [-97.184521, 26.112939], [-97.267334, 26.329785]]], [[[-97.29502, 27.523096], [-97.130029, 27.77915], [-97.060547, 27.822021], [-97.250879, 27.541211], [-97.353613, 27.300049], [-97.384814, 27.242529], [-97.376221, 27.328271], [-97.29502, 27.523096]]], [[[-96.978662, 28.013867], [-96.899316, 28.11748], [-96.857422, 28.13291], [-96.839746, 28.088818], [-96.921338, 28.016016], [-97.014355, 27.901611], [-97.036035, 27.89917], [-96.987646, 27.981055], [-96.978662, 28.013867]]], [[[-96.801123, 28.148438], [-96.755615, 28.202441], [-96.681641, 28.229687], [-96.519336, 28.333447], [-96.453125, 28.340576], [-96.418652, 28.376318], [-96.403564, 28.381592], [-96.41333, 28.337793], [-96.543896, 28.275586], [-96.764404, 28.152588], [-96.801123, 28.148438]]], [[[-94.767627, 29.339062], [-94.864941, 29.252881], [-95.039697, 29.145898], [-95.089648, 29.136328], [-94.87168, 29.290137], [-94.825977, 29.341309], [-94.767627, 29.339062]]], [[[-91.793701, 29.500732], [-91.830859, 29.486475], [-91.99624, 29.573096], [-92.006641, 29.610303], [-91.925049, 29.643945], [-91.875244, 29.640967], [-91.767676, 29.584717], [-91.754297, 29.566895], [-91.761914, 29.539014], [-91.793701, 29.500732]]], [[[-85.116748, 29.632812], [-85.049316, 29.637793], [-85.000537, 29.627197], [-84.877002, 29.678662], [-84.812207, 29.717627], [-84.737158, 29.732422], [-84.90791, 29.642627], [-85.008252, 29.606641], [-85.116748, 29.632812]]], [[[-88.943604, 29.660254], [-88.941113, 29.680225], [-88.901172, 29.732617], [-88.872656, 29.752979], [-88.889307, 29.712598], [-88.943604, 29.660254]]], [[[-88.812598, 29.93335], [-88.827441, 29.807715], [-88.855664, 29.775879], [-88.827979, 29.928369], [-88.866895, 30.056738], [-88.825879, 30.000391], [-88.812598, 29.93335]]], [[[-89.220459, 30.037598], [-89.269434, 30.060742], [-89.341992, 30.062842], [-89.310059, 30.078711], [-89.287646, 30.094189], [-89.276465, 30.11084], [-89.184668, 30.168652], [-89.210693, 30.126221], [-89.223975, 30.084082], [-89.220459, 30.037598]]], [[[-88.722852, 30.264258], [-88.573975, 30.22915], [-88.558105, 30.215918], [-88.570654, 30.204785], [-88.659229, 30.225586], [-88.713086, 30.244922], [-88.722852, 30.264258]]], [[[-88.263916, 30.254736], [-88.109375, 30.27373], [-88.071338, 30.252344], [-88.159326, 30.230908], [-88.289746, 30.23291], [-88.31626, 30.24043], [-88.263916, 30.254736]]], [[[-93.075781, 61.93501], [-92.993018, 61.889697], [-92.999951, 61.86748], [-93.043945, 61.844092], [-93.084814, 61.841699], [-93.176562, 61.892725], [-93.19668, 61.918555], [-93.075781, 61.93501]]], [[[-83.071387, 62.200391], [-83.129687, 62.204102], [-83.252393, 62.232959], [-83.376807, 62.238135], [-83.698877, 62.160254], [-83.714404, 62.173584], [-83.728613, 62.257178], [-83.760937, 62.303516], [-83.903125, 62.40249], [-83.912402, 62.425537], [-83.910498, 62.45415], [-83.899268, 62.476465], [-83.739062, 62.568848], [-83.376416, 62.904932], [-83.289453, 62.921582], [-83.110937, 62.884131], [-83.02627, 62.87207], [-82.965771, 62.873926], [-82.706445, 62.944531], [-82.459717, 62.936182], [-82.234766, 62.977441], [-82.129248, 62.977686], [-82.047607, 62.970557], [-82.000488, 62.954199], [-81.960547, 62.926221], [-81.948584, 62.884033], [-81.964404, 62.827637], [-81.990186, 62.776318], [-82.02583, 62.730078], [-82.113721, 62.652246], [-82.388037, 62.519141], [-82.490967, 62.446582], [-82.568262, 62.403223], [-83.01582, 62.209912], [-83.071387, 62.200391]]], [[[-84.084863, 65.217822], [-83.900098, 65.18125], [-83.722559, 65.168994], [-83.490771, 65.131787], [-83.407129, 65.103906], [-83.222266, 64.967969], [-83.200977, 64.959668], [-82.990576, 64.904102], [-82.667627, 64.780322], [-82.585791, 64.761914], [-82.27168, 64.721143], [-82.158887, 64.690674], [-82.05, 64.644287], [-81.928906, 64.559424], [-81.787207, 64.425977], [-81.676123, 64.212646], [-81.667383, 64.170508], [-81.680908, 64.145557], [-81.720947, 64.118896], [-81.902637, 64.03125], [-81.887109, 64.016406], [-81.716113, 64.021875], [-81.335645, 64.075781], [-81.104053, 64.037109], [-81.023584, 64.031055], [-81.005029, 64.033301], [-80.921143, 64.100488], [-80.828955, 64.089941], [-80.694287, 64.024756], [-80.607568, 63.97207], [-80.568848, 63.931934], [-80.579199, 63.909229], [-80.668262, 63.901465], [-80.450586, 63.862939], [-80.261328, 63.801953], [-80.302051, 63.762207], [-80.504053, 63.673779], [-80.711768, 63.596387], [-80.953516, 63.480273], [-81.013867, 63.462549], [-81.046387, 63.461572], [-81.179688, 63.483203], [-81.371729, 63.538086], [-81.96333, 63.664453], [-82.145996, 63.691162], [-82.378125, 63.706787], [-82.411719, 63.736523], [-82.46709, 63.926953], [-82.571484, 63.960693], [-82.929688, 64.000439], [-83.033887, 64.023242], [-83.038672, 64.061426], [-83.016162, 64.127002], [-83.065137, 64.159033], [-83.185547, 64.15752], [-83.303955, 64.143799], [-83.494336, 64.099219], [-83.583594, 64.058105], [-83.61709, 64.013428], [-83.637988, 63.917822], [-83.661621, 63.872607], [-83.728271, 63.813379], [-84.022119, 63.659863], [-84.141602, 63.613721], [-84.260449, 63.600488], [-84.307617, 63.585791], [-84.3875, 63.529102], [-84.506201, 63.390039], [-84.55459, 63.35], [-84.63291, 63.309229], [-84.795557, 63.246924], [-84.961523, 63.197217], [-85.238135, 63.139307], [-85.392627, 63.119678], [-85.495508, 63.139111], [-85.566113, 63.270898], [-85.71416, 63.657959], [-85.738721, 63.684131], [-85.768945, 63.700342], [-85.804688, 63.706543], [-86.301562, 63.656787], [-86.575684, 63.662305], [-86.846875, 63.575293], [-86.915234, 63.568994], [-87.05293, 63.571777], [-87.151904, 63.585645], [-87.177148, 63.595117], [-87.193848, 63.632812], [-87.188916, 63.672266], [-87.154395, 63.714893], [-87.031934, 63.83042], [-86.932031, 63.90166], [-86.886035, 63.92373], [-86.421729, 64.051563], [-86.308594, 64.093652], [-86.2521, 64.136865], [-86.252197, 64.18125], [-86.27417, 64.238037], [-86.354492, 64.376514], [-86.374902, 64.502979], [-86.374268, 64.56582], [-86.343848, 64.662354], [-86.227637, 64.896338], [-86.188281, 65.010303], [-86.114209, 65.417285], [-86.074609, 65.533838], [-86.01709, 65.640283], [-85.96167, 65.704248], [-85.813965, 65.831934], [-85.699072, 65.883154], [-85.554688, 65.918652], [-85.523047, 65.914551], [-85.495508, 65.899707], [-85.442432, 65.845557], [-85.241113, 65.795508], [-85.176221, 65.746875], [-85.130371, 65.69292], [-85.105371, 65.622705], [-85.130322, 65.59209], [-85.226318, 65.545752], [-85.242773, 65.526221], [-85.239941, 65.510303], [-85.056055, 65.437402], [-84.919629, 65.261084], [-84.885107, 65.248975], [-84.84209, 65.255908], [-84.771289, 65.305273], [-84.6125, 65.447314], [-84.56792, 65.460645], [-84.501123, 65.458447], [-84.266406, 65.367236], [-84.17998, 65.316309], [-84.133496, 65.245459], [-84.084863, 65.217822]]], [[[-85.17417, 65.94375], [-85.175684, 65.972412], [-85.149609, 66.015381], [-85.031396, 66.025488], [-84.938574, 66.008545], [-84.889453, 65.97207], [-84.869531, 65.941504], [-84.757373, 65.858936], [-84.691748, 65.793164], [-84.602637, 65.657373], [-84.602246, 65.631494], [-84.62627, 65.604053], [-84.674756, 65.575], [-84.727002, 65.563721], [-84.78291, 65.570068], [-84.830273, 65.598975], [-84.868945, 65.650537], [-84.931152, 65.68916], [-85.071973, 65.737354], [-85.096338, 65.756201], [-85.136279, 65.82085], [-85.144043, 65.885352], [-85.17417, 65.94375]]], [[[-83.537109, 65.669189], [-83.583203, 65.698633], [-83.606543, 65.701367], [-83.636377, 65.691504], [-83.644385, 65.678516], [-83.630664, 65.662354], [-83.649512, 65.657764], [-83.787549, 65.668896], [-83.809229, 65.67832], [-83.798193, 65.71001], [-83.701904, 65.756201], [-83.786523, 65.77041], [-83.813574, 65.7875], [-83.938965, 65.758447], [-84.008496, 65.751514], [-84.118262, 65.771777], [-84.129932, 65.877441], [-84.143213, 65.915967], [-84.193213, 65.942139], [-84.222949, 65.969775], [-84.270898, 65.990625], [-84.370117, 66.011816], [-84.450586, 66.064404], [-84.467383, 66.088281], [-84.456348, 66.10625], [-84.407178, 66.131006], [-84.122266, 66.077832], [-83.950391, 66.02749], [-83.786963, 65.965771], [-83.701367, 65.920117], [-83.693652, 65.890381], [-83.714893, 65.860742], [-83.765137, 65.831152], [-83.725977, 65.796729], [-83.59751, 65.757471], [-83.469434, 65.735205], [-83.263184, 65.723291], [-83.23374, 65.715039], [-83.233936, 65.696582], [-83.263672, 65.667822], [-83.332422, 65.631055], [-83.381445, 65.62998], [-83.537109, 65.669189]]], [[[-83.123486, 66.282813], [-83.023877, 66.270654], [-82.948145, 66.271924], [-82.931348, 66.257324], [-83.01084, 66.208447], [-83.059863, 66.199268], [-83.1479, 66.234229], [-83.213916, 66.277051], [-83.232568, 66.302979], [-83.237842, 66.331543], [-83.222266, 66.336475], [-83.123486, 66.282813]]], [[[-107.83335, 66.921338], [-107.895166, 66.871875], [-107.943945, 66.857812], [-107.965137, 66.884863], [-108.059717, 66.946875], [-108.092725, 67.005176], [-107.966455, 66.997266], [-107.805518, 66.998584], [-107.83335, 66.921338]]], [[[-107.990869, 67.622119], [-107.974902, 67.549365], [-107.989355, 67.513574], [-107.931787, 67.476465], [-107.905176, 67.467041], [-107.890967, 67.437207], [-107.899854, 67.401807], [-107.950244, 67.318213], [-107.969531, 67.326025], [-108.003955, 67.365918], [-108.07334, 67.385059], [-108.152246, 67.429443], [-108.151123, 67.524805], [-108.12085, 67.568164], [-108.127539, 67.628564], [-108.048975, 67.664893], [-107.990869, 67.622119]]], [[[-109.166406, 67.982373], [-109.053906, 67.971875], [-108.970508, 67.979736], [-108.909619, 67.939404], [-108.886035, 67.898535], [-108.893848, 67.884473], [-108.920166, 67.878809], [-109.09624, 67.924023], [-109.161523, 67.951709], [-109.183594, 67.975], [-109.166406, 67.982373]]], [[[-86.959814, 68.100244], [-86.94917, 68.118701], [-86.898682, 68.162891], [-86.884863, 68.190527], [-86.833984, 68.229687], [-86.7021, 68.305615], [-86.569922, 68.287695], [-86.451953, 68.225488], [-86.421143, 68.183447], [-86.430322, 68.138721], [-86.42002, 68.073926], [-86.390332, 67.988916], [-86.382422, 67.927295], [-86.396436, 67.888965], [-86.446924, 67.816992], [-86.489648, 67.783594], [-86.546045, 67.752197], [-86.595557, 67.735938], [-86.638184, 67.734863], [-86.705957, 67.750146], [-86.861084, 67.810498], [-86.892529, 67.836572], [-86.908301, 67.867041], [-86.908447, 67.901953], [-86.89458, 67.938086], [-86.84707, 68.010254], [-86.937744, 68.067578], [-86.959814, 68.100244]]], [[[-109.323535, 68.01333], [-109.323145, 67.990869], [-109.36084, 67.987598], [-109.497949, 68.047021], [-109.469141, 68.097998], [-109.341699, 68.04585], [-109.323535, 68.01333]]], [[[-104.472119, 68.503516], [-104.444531, 68.470703], [-104.440479, 68.449512], [-104.457129, 68.431152], [-104.540674, 68.405908], [-104.595996, 68.402197], [-104.699463, 68.418262], [-104.851123, 68.453955], [-104.965234, 68.491748], [-105.041748, 68.531543], [-105.051367, 68.559033], [-104.993994, 68.574219], [-104.907275, 68.581787], [-104.700391, 68.576709], [-104.602002, 68.561523], [-104.472119, 68.503516]]], [[[-101.759326, 68.774609], [-101.732959, 68.753418], [-101.721631, 68.724121], [-101.732031, 68.652148], [-101.794287, 68.636865], [-101.845898, 68.586328], [-101.887207, 68.584961], [-101.944629, 68.602832], [-102.266357, 68.663672], [-102.308154, 68.681982], [-102.270508, 68.707568], [-102.15332, 68.740479], [-102.074365, 68.774023], [-102.013379, 68.825391], [-101.828369, 68.798975], [-101.759326, 68.774609]]], [[[-100.596533, 68.766406], [-100.615967, 68.78291], [-100.625391, 68.815918], [-100.624658, 68.865283], [-100.599902, 68.941357], [-100.59834, 68.969092], [-100.611572, 68.990186], [-100.600635, 69.009424], [-100.565479, 69.026807], [-100.520312, 69.035059], [-100.413965, 69.028076], [-100.329932, 68.997559], [-100.288965, 68.957666], [-100.206885, 68.926172], [-100.178467, 68.903906], [-100.217236, 68.806689], [-100.248779, 68.775049], [-100.287939, 68.766064], [-100.365723, 68.728809], [-100.397314, 68.723828], [-100.442578, 68.747559], [-100.480664, 68.786182], [-100.496924, 68.792236], [-100.521045, 68.790674], [-100.573389, 68.766064], [-100.596533, 68.766406]]], [[[-100.035352, 69.086572], [-100.005615, 69.047119], [-99.994678, 69.013525], [-100.018018, 68.954004], [-100.141309, 68.969922], [-100.195703, 68.991455], [-100.241992, 69.040381], [-100.247363, 69.052783], [-100.237061, 69.071484], [-100.186963, 69.114014], [-100.153125, 69.129492], [-100.072803, 69.111475], [-100.035352, 69.086572]]], [[[-96.18374, 69.258691], [-96.060986, 69.125439], [-95.951367, 69.02373], [-95.854883, 68.953564], [-95.751367, 68.897656], [-95.585498, 68.835107], [-95.437549, 68.880615], [-95.37417, 68.892139], [-95.319531, 68.873193], [-95.267773, 68.826074], [-95.295166, 68.805029], [-95.359473, 68.778369], [-95.465576, 68.747266], [-95.614209, 68.74502], [-95.685645, 68.73584], [-95.802148, 68.686475], [-95.894629, 68.627246], [-96.024023, 68.607275], [-96.267627, 68.50791], [-96.401562, 68.470703], [-96.598828, 68.46084], [-97.008398, 68.538672], [-97.263672, 68.527734], [-97.472021, 68.543701], [-97.704785, 68.625928], [-97.885352, 68.672461], [-98.235059, 68.739355], [-98.257959, 68.749268], [-98.273047, 68.771875], [-98.280176, 68.807178], [-98.296045, 68.830762], [-98.320557, 68.842725], [-98.375586, 68.841699], [-98.431836, 68.818359], [-98.539648, 68.798242], [-98.703809, 68.802783], [-98.775244, 68.816748], [-98.829639, 68.838623], [-98.859131, 68.864355], [-98.863721, 68.893799], [-98.878857, 68.916455], [-98.904492, 68.932422], [-98.964014, 68.932861], [-99.057373, 68.917676], [-99.093848, 68.898877], [-99.073389, 68.876563], [-99.090625, 68.86333], [-99.254004, 68.863184], [-99.317969, 68.87627], [-99.440869, 68.917676], [-99.494678, 68.95957], [-99.564062, 69.034131], [-99.557373, 69.054297], [-99.513281, 69.099609], [-99.455713, 69.131201], [-99.085449, 69.149756], [-98.912207, 69.167578], [-98.723633, 69.219141], [-98.503516, 69.308301], [-98.455957, 69.334668], [-98.450391, 69.354053], [-98.466602, 69.375], [-98.535352, 69.426318], [-98.558545, 69.461426], [-98.536719, 69.478027], [-98.448389, 69.479541], [-98.494873, 69.499365], [-98.534375, 69.527441], [-98.548242, 69.544971], [-98.545996, 69.5729], [-98.47583, 69.579053], [-98.389355, 69.565039], [-98.222314, 69.484521], [-98.155762, 69.468848], [-98.041357, 69.456641], [-98.162988, 69.512207], [-98.288818, 69.629004], [-98.304492, 69.669287], [-98.301221, 69.691699], [-98.268213, 69.754443], [-98.238672, 69.780029], [-98.200488, 69.796973], [-98.080762, 69.833057], [-97.888965, 69.858252], [-97.790723, 69.861621], [-97.691211, 69.84126], [-97.604346, 69.802197], [-97.411377, 69.738477], [-97.382568, 69.712402], [-97.385693, 69.700244], [-97.460156, 69.682715], [-97.469434, 69.666797], [-97.439453, 69.642676], [-97.408643, 69.630762], [-97.350684, 69.640869], [-97.305762, 69.673486], [-97.278467, 69.679639], [-97.236084, 69.673486], [-97.096338, 69.61499], [-96.989062, 69.553613], [-96.875195, 69.51001], [-96.694531, 69.471094], [-96.299951, 69.344385], [-96.18374, 69.258691]]], [[[-90.510645, 69.29043], [-90.485352, 69.246631], [-90.492578, 69.221094], [-90.574414, 69.209424], [-90.625781, 69.250928], [-90.667432, 69.259473], [-90.685889, 69.287158], [-90.771582, 69.292578], [-90.765674, 69.335986], [-90.742383, 69.357324], [-90.662793, 69.37417], [-90.599707, 69.367822], [-90.539844, 69.324609], [-90.510645, 69.29043]]], [[[-90.32207, 69.428711], [-90.252832, 69.41792], [-90.228564, 69.436035], [-90.199805, 69.419092], [-90.177393, 69.35708], [-90.267285, 69.2729], [-90.295459, 69.257812], [-90.330273, 69.252197], [-90.364062, 69.262598], [-90.464697, 69.328711], [-90.492041, 69.369873], [-90.455127, 69.390479], [-90.377246, 69.416211], [-90.32207, 69.428711]]], [[[-95.670166, 69.402002], [-95.66582, 69.438965], [-95.682812, 69.500293], [-95.704102, 69.538037], [-95.763623, 69.559619], [-95.806201, 69.560498], [-95.817773, 69.540576], [-95.79834, 69.499805], [-95.811816, 69.447021], [-95.858203, 69.382227], [-95.893457, 69.351758], [-95.956055, 69.367139], [-95.985937, 69.391895], [-95.97793, 69.432715], [-95.994775, 69.469678], [-95.978857, 69.508838], [-95.93623, 69.567041], [-95.87583, 69.606006], [-95.797754, 69.625732], [-95.706641, 69.624316], [-95.60249, 69.601807], [-95.513672, 69.573633], [-95.380908, 69.506592], [-95.38208, 69.474072], [-95.399414, 69.419775], [-95.437451, 69.378467], [-95.49624, 69.350098], [-95.578516, 69.33584], [-95.684375, 69.335693], [-95.730127, 69.347559], [-95.695898, 69.389551], [-95.670166, 69.402002]]], [[[-101.356494, 69.539697], [-101.351318, 69.559229], [-101.312891, 69.576074], [-101.244873, 69.573535], [-101.09834, 69.540771], [-101.031152, 69.495459], [-101.000635, 69.461914], [-101.04917, 69.456934], [-101.086865, 69.443359], [-101.126953, 69.414697], [-101.171729, 69.39707], [-101.253516, 69.388477], [-101.268506, 69.390576], [-101.261523, 69.417822], [-101.267627, 69.431494], [-101.289502, 69.44126], [-101.217773, 69.462939], [-101.207324, 69.479834], [-101.230127, 69.492822], [-101.328467, 69.517432], [-101.356494, 69.539697]]], [[[-87.043799, 69.999854], [-87.19082, 70.018555], [-87.263916, 70.043945], [-87.323242, 70.080127], [-87.323145, 70.102246], [-87.168115, 70.127246], [-87.107275, 70.14668], [-86.913037, 70.113232], [-86.798779, 70.105273], [-86.691211, 70.115039], [-86.612744, 70.105713], [-86.563379, 70.077246], [-86.530908, 70.047656], [-86.515234, 70.017041], [-86.557666, 69.995312], [-86.734326, 69.976318], [-86.854932, 69.985742], [-86.983984, 70.011133], [-87.043799, 69.999854]]], [[[-100.321094, 70.578369], [-100.323242, 70.542432], [-100.305518, 70.508398], [-100.30835, 70.495801], [-100.32124, 70.487695], [-100.537256, 70.525], [-100.620654, 70.546924], [-100.647754, 70.563135], [-100.666943, 70.59624], [-100.67832, 70.646191], [-100.635303, 70.670312], [-100.537939, 70.668604], [-100.433936, 70.649414], [-100.276123, 70.594629], [-100.321094, 70.578369]]], [[[-97.327051, 73.861865], [-97.224756, 73.843799], [-97.170508, 73.824854], [-97.111719, 73.790332], [-97.011279, 73.706152], [-96.996582, 73.674902], [-97.001709, 73.666504], [-97.09458, 73.614746], [-97.156396, 73.592187], [-97.28418, 73.570752], [-97.394775, 73.564209], [-97.489795, 73.526611], [-97.596973, 73.536621], [-97.625879, 73.502295], [-97.6146, 73.481348], [-97.58584, 73.471143], [-97.531836, 73.473584], [-97.470117, 73.488232], [-97.350293, 73.480957], [-97.287109, 73.458447], [-97.230371, 73.421289], [-97.27251, 73.386816], [-97.484082, 73.339209], [-97.795898, 73.285303], [-98.17583, 73.115771], [-98.375586, 73.044678], [-98.416846, 73.02251], [-98.436963, 73.000244], [-98.430908, 72.958057], [-98.421777, 72.941016], [-98.36665, 72.934131], [-98.180811, 72.993066], [-98.061035, 73.020508], [-97.939404, 73.035596], [-97.724805, 73.03667], [-97.636328, 73.027637], [-97.475684, 72.992285], [-97.32876, 72.937842], [-97.29585, 72.918018], [-97.309912, 72.898145], [-97.370996, 72.878125], [-97.377686, 72.864941], [-97.237598, 72.837451], [-97.083008, 72.762842], [-97.0729, 72.717578], [-97.140479, 72.672754], [-97.158936, 72.642773], [-97.128125, 72.627588], [-97.051807, 72.636816], [-96.869043, 72.687012], [-96.671289, 72.713184], [-96.59209, 72.710254], [-96.54209, 72.69873], [-96.489209, 72.629883], [-96.445605, 72.552441], [-96.440137, 72.487305], [-96.472852, 72.434375], [-96.519873, 72.393115], [-96.638281, 72.342041], [-96.745508, 72.322607], [-96.801465, 72.322412], [-96.795898, 72.31377], [-96.66875, 72.27124], [-96.615576, 72.237256], [-96.592871, 72.204492], [-96.600586, 72.172852], [-96.618115, 72.145898], [-96.766309, 72.045947], [-96.758301, 72.031689], [-96.717285, 72.025146], [-96.624365, 71.967578], [-96.613428, 71.833838], [-96.946484, 71.791895], [-97.024658, 71.760742], [-97.116699, 71.71084], [-97.222217, 71.673486], [-97.46123, 71.634229], [-97.582275, 71.629688], [-98.181348, 71.662451], [-98.241943, 71.681494], [-98.283887, 71.715527], [-98.30708, 71.764502], [-98.313379, 71.803076], [-98.302686, 71.831104], [-98.305811, 71.847559], [-98.322705, 71.852344], [-98.389307, 71.824268], [-98.458838, 71.773193], [-98.420801, 71.716504], [-98.231445, 71.558936], [-98.195312, 71.491211], [-98.190137, 71.462451], [-98.198633, 71.440869], [-98.412305, 71.348828], [-98.535937, 71.317627], [-98.662891, 71.3021], [-98.783838, 71.313672], [-98.898779, 71.352344], [-98.98623, 71.369482], [-99.167139, 71.367188], [-99.223633, 71.387109], [-99.276172, 71.424219], [-99.403662, 71.557178], [-99.581445, 71.651562], [-99.734717, 71.757227], [-100.124121, 71.911523], [-100.325684, 72.003857], [-100.594482, 72.152344], [-100.706836, 72.185937], [-100.800195, 72.199414], [-100.983643, 72.210059], [-101.026221, 72.228564], [-101.093115, 72.279053], [-101.208545, 72.316992], [-101.250684, 72.321777], [-101.318701, 72.312842], [-101.49834, 72.277881], [-101.723926, 72.314893], [-101.774512, 72.340918], [-101.804443, 72.385059], [-101.83291, 72.409277], [-101.909326, 72.431055], [-101.973682, 72.486133], [-102.402246, 72.594727], [-102.65708, 72.719434], [-102.70874, 72.764502], [-102.713672, 72.78291], [-102.6875, 72.842822], [-102.628467, 72.910791], [-102.551074, 72.978271], [-102.503809, 73.005908], [-102.336133, 73.064111], [-102.204004, 73.077295], [-102.019629, 73.069922], [-101.922461, 73.056982], [-101.8354, 73.018018], [-101.798047, 72.973096], [-101.754541, 72.942822], [-101.617773, 72.909717], [-101.543604, 72.883057], [-101.434619, 72.821045], [-101.350586, 72.746289], [-101.273193, 72.72168], [-101.087598, 72.713281], [-100.896045, 72.725928], [-100.484766, 72.772949], [-100.468018, 72.778809], [-100.442578, 72.806836], [-100.395703, 72.977002], [-100.367529, 72.977734], [-100.22793, 72.898926], [-100.18833, 72.890283], [-100.128125, 72.906689], [-100.092383, 72.944971], [-100.096729, 72.963135], [-100.184473, 73.055322], [-100.236182, 73.09541], [-100.282666, 73.120312], [-100.334375, 73.128467], [-100.446191, 73.120557], [-100.531396, 73.138281], [-100.550195, 73.163721], [-100.536377, 73.197852], [-100.489307, 73.233936], [-100.438818, 73.25459], [-100.340723, 73.265186], [-100.225879, 73.254688], [-100.066992, 73.211084], [-99.966406, 73.201416], [-99.825146, 73.213867], [-100.005908, 73.239502], [-100.257959, 73.340234], [-100.366113, 73.359033], [-100.497998, 73.31582], [-100.587012, 73.299561], [-100.755322, 73.278467], [-100.889355, 73.275342], [-101.450879, 73.430957], [-101.48208, 73.44585], [-101.523193, 73.486377], [-101.518457, 73.505029], [-101.463037, 73.533838], [-101.323145, 73.571973], [-101.114941, 73.59585], [-100.975781, 73.599756], [-100.854102, 73.571289], [-100.676807, 73.494287], [-100.52168, 73.449316], [-100.508936, 73.465479], [-100.536328, 73.509717], [-100.607129, 73.575391], [-100.65791, 73.593359], [-100.782715, 73.612939], [-100.898242, 73.658057], [-100.952588, 73.691406], [-100.981543, 73.727197], [-100.985107, 73.765332], [-100.962988, 73.791406], [-100.915137, 73.805371], [-100.483643, 73.843506], [-100.182324, 73.80127], [-99.991113, 73.795166], [-99.911865, 73.847021], [-99.939502, 73.857129], [-100.040088, 73.843799], [-100.153809, 73.844092], [-100.224805, 73.87251], [-100.227051, 73.889111], [-100.138477, 73.928857], [-100.001904, 73.945898], [-99.157959, 73.731592], [-99.039648, 73.749268], [-98.784521, 73.760547], [-98.519336, 73.79209], [-98.151855, 73.818213], [-97.927734, 73.865771], [-97.832178, 73.879346], [-97.669971, 73.887744], [-97.581836, 73.887549], [-97.327051, 73.861865]]], [[[-96.744434, 73.12627], [-96.645996, 73.101904], [-96.598486, 73.073828], [-96.603516, 73.041553], [-96.6354, 72.992432], [-96.670605, 72.960938], [-96.709229, 72.946973], [-96.782324, 72.936621], [-96.943799, 72.926709], [-97.092773, 72.996924], [-97.097656, 73.062402], [-97.087695, 73.098486], [-97.069238, 73.130176], [-97.01499, 73.157275], [-96.862402, 73.188818], [-96.793164, 73.165479], [-96.767773, 73.137305], [-96.744434, 73.12627]]], [[[-90.458008, 73.908398], [-90.35459, 73.868652], [-90.381396, 73.824756], [-90.466162, 73.753857], [-90.565576, 73.686426], [-90.764551, 73.580615], [-90.933691, 73.527686], [-90.975488, 73.502295], [-91.001953, 73.46709], [-91.067627, 73.415527], [-91.249316, 73.304004], [-91.297803, 73.284912], [-91.553711, 73.236084], [-91.466016, 73.214209], [-91.425928, 73.194873], [-91.459619, 73.145361], [-91.620996, 73.025879], [-91.78833, 72.915381], [-91.905322, 72.849316], [-92.11792, 72.753809], [-92.234912, 72.726807], [-92.391943, 72.718457], [-93.340625, 72.801855], [-93.578662, 72.800537], [-94.211328, 72.756934], [-94.151709, 72.735645], [-93.92002, 72.703369], [-93.770557, 72.668213], [-93.572266, 72.558643], [-93.546484, 72.531299], [-93.533936, 72.499463], [-93.541602, 72.437012], [-93.555176, 72.421143], [-93.870605, 72.252637], [-93.972559, 72.12998], [-94.037549, 72.02876], [-94.14375, 72.00083], [-94.497168, 72.043604], [-94.61123, 72.042334], [-95.007861, 72.012793], [-95.192969, 72.027441], [-95.166797, 72.180029], [-95.192676, 72.344775], [-95.251025, 72.501953], [-95.547607, 72.781543], [-95.580322, 72.831152], [-95.602148, 72.884473], [-95.613184, 72.941602], [-95.612207, 72.999072], [-95.591602, 73.115283], [-95.589258, 73.17417], [-95.604102, 73.327734], [-95.644238, 73.557471], [-95.647998, 73.638525], [-95.645264, 73.670801], [-95.63291, 73.695459], [-95.569434, 73.728174], [-95.447412, 73.75166], [-95.385986, 73.755127], [-94.996143, 73.685742], [-94.816846, 73.662549], [-94.697607, 73.663574], [-94.691016, 73.671436], [-94.797168, 73.686084], [-94.896924, 73.716016], [-95.059473, 73.805078], [-95.134131, 73.88125], [-95.149023, 73.906396], [-95.152588, 73.932764], [-95.144775, 73.960303], [-95.121191, 73.985059], [-95.039844, 74.023877], [-94.973535, 74.041406], [-94.728955, 74.085986], [-94.482568, 74.113135], [-93.938818, 74.131592], [-93.784619, 74.118359], [-93.549219, 74.167139], [-93.410303, 74.17876], [-93.17085, 74.160986], [-92.778027, 74.113721], [-92.586816, 74.082715], [-92.492822, 74.062061], [-92.313867, 73.992383], [-92.222705, 73.972363], [-91.87417, 74.012793], [-91.63042, 74.027783], [-91.087988, 74.009277], [-90.627441, 73.951709], [-90.458008, 73.908398]]], [[[-106.949658, 73.510352], [-106.831006, 73.599072], [-106.694824, 73.669922], [-106.613965, 73.695605], [-106.362109, 73.718604], [-105.512305, 73.765771], [-105.317969, 73.767139], [-105.114453, 73.744434], [-104.834668, 73.647266], [-104.718262, 73.636279], [-104.648779, 73.614404], [-104.5875, 73.578076], [-104.555078, 73.541113], [-104.552344, 73.465576], [-104.582861, 73.353906], [-104.621729, 73.311133], [-104.791016, 73.167627], [-104.968652, 73.088672], [-105.002588, 73.037549], [-105.074609, 72.997021], [-105.200635, 72.947314], [-105.288916, 72.919922], [-105.339355, 72.914893], [-105.434082, 72.937988], [-105.572998, 72.989307], [-105.800146, 73.093311], [-106.071045, 73.196387], [-106.112646, 73.258105], [-106.180029, 73.304102], [-106.525732, 73.413379], [-106.750391, 73.457715], [-106.921533, 73.479834], [-106.949658, 73.510352]]], [[[-99.096875, 73.948291], [-99.004687, 73.964941], [-98.966699, 73.988184], [-98.904492, 74.006885], [-98.818164, 74.020996], [-98.584961, 74.034521], [-98.061035, 74.104687], [-97.800439, 74.114648], [-97.698242, 74.108691], [-97.667432, 74.090137], [-97.659131, 74.071631], [-97.67334, 74.053027], [-97.754736, 74.005518], [-97.861084, 73.968457], [-98.146973, 73.888818], [-98.270361, 73.868506], [-98.558203, 73.847412], [-98.691064, 73.856494], [-98.761377, 73.828857], [-98.816602, 73.817139], [-98.973926, 73.812061], [-99.298047, 73.861963], [-99.385156, 73.879297], [-99.416992, 73.89541], [-99.403809, 73.910889], [-99.345605, 73.925732], [-99.096875, 73.948291]]], [[[-97.656104, 74.465674], [-97.721582, 74.489209], [-97.75, 74.510547], [-97.516309, 74.60249], [-97.416504, 74.626563], [-97.318213, 74.597998], [-97.291309, 74.576367], [-97.303857, 74.559668], [-97.355518, 74.526318], [-97.656104, 74.465674]]], [[[-95.352539, 74.585693], [-95.278369, 74.539551], [-95.274463, 74.519189], [-95.306641, 74.50542], [-95.352441, 74.500391], [-95.441504, 74.506104], [-95.777197, 74.550732], [-95.834375, 74.569043], [-95.850732, 74.582471], [-95.774414, 74.598682], [-95.745605, 74.615967], [-95.660449, 74.636914], [-95.510205, 74.636768], [-95.352539, 74.585693]]], [[[-80.202441, 74.894824], [-80.289209, 74.908301], [-80.347754, 74.902979], [-80.314551, 74.876172], [-80.189746, 74.827686], [-80.148926, 74.795703], [-80.192236, 74.780176], [-80.212695, 74.749463], [-80.210254, 74.703613], [-80.220605, 74.657031], [-80.262744, 74.584473], [-81.226221, 74.56665], [-81.340479, 74.553516], [-81.607178, 74.502344], [-81.808838, 74.476611], [-81.940186, 74.472705], [-82.068506, 74.48208], [-82.414746, 74.535205], [-82.64541, 74.525195], [-82.735791, 74.530273], [-82.931055, 74.565576], [-82.978418, 74.583447], [-83.057617, 74.629785], [-83.116992, 74.693115], [-83.112305, 74.732129], [-83.087305, 74.788379], [-83.102637, 74.816553], [-83.158301, 74.816748], [-83.220312, 74.828418], [-83.407031, 74.884814], [-83.52207, 74.901465], [-83.543555, 74.892285], [-83.509766, 74.848193], [-83.487305, 74.834131], [-83.364209, 74.801904], [-83.341309, 74.7646], [-83.393701, 74.670166], [-83.412207, 74.65498], [-83.531885, 74.585693], [-83.621875, 74.565918], [-83.868066, 74.564404], [-84.245166, 74.515186], [-84.425537, 74.508105], [-84.66709, 74.51958], [-84.818262, 74.541992], [-84.916309, 74.567676], [-85.011523, 74.604199], [-85.061426, 74.606934], [-85.086768, 74.527686], [-85.133447, 74.517432], [-85.214307, 74.518652], [-85.339258, 74.543311], [-85.442334, 74.600586], [-85.474414, 74.600342], [-85.488672, 74.566992], [-85.511719, 74.545117], [-85.543506, 74.534766], [-85.808008, 74.498975], [-85.955615, 74.498779], [-86.109863, 74.539746], [-86.210938, 74.535596], [-86.340576, 74.513477], [-86.65542, 74.55542], [-86.730762, 74.557031], [-86.666113, 74.489111], [-86.770166, 74.478613], [-86.994727, 74.480322], [-87.36377, 74.502197], [-87.592578, 74.470361], [-88.005859, 74.489355], [-88.423047, 74.494141], [-88.500732, 74.509717], [-88.555664, 74.541455], [-88.557861, 74.569727], [-88.537646, 74.608789], [-88.476611, 74.666895], [-88.374707, 74.744141], [-88.339551, 74.784863], [-88.431445, 74.803711], [-88.488184, 74.828906], [-88.534961, 74.831738], [-88.682031, 74.802002], [-88.777832, 74.715186], [-88.851074, 74.68999], [-88.883398, 74.711084], [-88.907812, 74.763818], [-88.940137, 74.789502], [-88.980371, 74.788086], [-89.019629, 74.774023], [-89.057861, 74.747266], [-89.115283, 74.737598], [-89.191943, 74.744873], [-89.219141, 74.731787], [-89.196826, 74.698242], [-89.189062, 74.666846], [-89.195801, 74.637549], [-89.261865, 74.60918], [-89.45, 74.56792], [-89.558691, 74.554736], [-89.844385, 74.548584], [-90.015332, 74.560889], [-90.361621, 74.610449], [-90.553271, 74.612744], [-90.784082, 74.695898], [-90.966797, 74.715088], [-90.95752, 74.745166], [-90.877637, 74.801074], [-90.880225, 74.817773], [-91.129883, 74.736279], [-91.163721, 74.710254], [-91.13457, 74.649854], [-91.167725, 74.645508], [-91.339453, 74.667236], [-91.50835, 74.650684], [-91.549121, 74.655566], [-91.665771, 74.69917], [-91.871045, 74.743506], [-91.961572, 74.793213], [-92.102539, 74.948389], [-92.13854180022398, 75.0], [-80.24149126169816, 75.0], [-80.135254, 74.988086], [-80.036426, 74.990918], [-79.94613036214687, 75.0], [-79.5708604319327, 75.0], [-79.524805, 74.989697], [-79.4604, 74.958789], [-79.401416, 74.917627], [-79.507959, 74.880127], [-79.944482, 74.833643], [-80.202441, 74.894824]]], [[[-93.98457, 74.644189], [-94.206055, 74.647412], [-94.534521, 74.636719], [-94.697266, 74.642188], [-94.803857, 74.660107], [-94.95874, 74.699951], [-95.286084, 74.794092], [-95.451221, 74.797363], [-95.86543, 74.83042], [-96.094238, 74.93252], [-96.181738, 74.950781], [-96.270117, 74.920312], [-96.294189, 74.927197], [-96.318555, 74.947705], [-96.343164, 74.981934], [-96.386328, 74.999463], [-96.559863, 74.990381], [-96.58610189497993, 75.0], [-93.51893802329653, 75.0], [-93.478271, 74.951953], [-93.466602, 74.921338], [-93.463477, 74.856494], [-93.490869, 74.771973], [-93.50918, 74.756494], [-93.535645, 74.749316], [-93.548291, 74.727539], [-93.547168, 74.691064], [-93.573096, 74.668848], [-93.626172, 74.660889], [-93.98457, 74.644189]]], [[[-107.81970162881774, 75.0], [-106.66460191890312, 75.0], [-106.961133, 74.940088], [-107.055615, 74.928174], [-107.153418, 74.927148], [-107.461914, 74.952148], [-107.81970162881774, 75.0]]], [[[-108.226611, 74.951904], [-108.354443, 74.942627], [-108.474756, 74.947217], [-108.594189, 74.95957], [-108.751318, 74.991943], [-108.70717794741468, 75.0], [-107.82080283755717, 75.0], [-108.023633, 74.986475], [-108.226611, 74.951904]]], [[[-99.626904, 74.98374], [-99.8992044934004, 75.0], [-99.57100628728544, 75.0], [-99.626904, 74.98374]]], [[[-81.710449, 7.485547], [-81.694727, 7.425], [-81.613428, 7.380176], [-81.603271, 7.332812], [-81.658105, 7.327539], [-81.770117, 7.370361], [-81.852051, 7.45332], [-81.858594, 7.480176], [-81.856934, 7.507666], [-81.812158, 7.592383], [-81.752295, 7.621631], [-81.72876, 7.621191], [-81.671436, 7.523438], [-81.710449, 7.485547]]], [[[-79.110352, 8.209814], [-79.127539, 8.251855], [-79.096289, 8.29541], [-79.085303, 8.295801], [-79.06543, 8.254199], [-79.110352, 8.209814]]], [[[-78.918115, 8.231934], [-78.964941, 8.32627], [-78.957422, 8.350586], [-78.960596, 8.43584], [-78.916016, 8.458252], [-78.883252, 8.460254], [-78.856152, 8.448242], [-78.83916, 8.3479], [-78.853223, 8.302441], [-78.89834, 8.274268], [-78.918115, 8.231934]]], [[[-82.233496, 9.380713], [-82.244434, 9.334082], [-82.321729, 9.418115], [-82.275781, 9.431885], [-82.259424, 9.430273], [-82.233496, 9.380713]]], [[[-76.301465, 17.879834], [-76.415527, 17.868213], [-76.524609, 17.866211], [-76.625391, 17.900977], [-76.669385, 17.927637], [-76.774316, 17.94043], [-76.748291, 17.964893], [-76.794824, 17.976318], [-76.853223, 17.97373], [-76.89624, 17.904102], [-76.944141, 17.848779], [-77.035937, 17.854102], [-77.071289, 17.90127], [-77.119482, 17.880078], [-77.158398, 17.845068], [-77.20498, 17.714941], [-77.279883, 17.779541], [-77.361426, 17.833691], [-77.463867, 17.856055], [-77.670752, 17.859717], [-77.768164, 17.877393], [-77.849414, 17.9875], [-77.881299, 18.019043], [-77.962988, 18.047559], [-78.044482, 18.173828], [-78.073633, 18.191162], [-78.294092, 18.218066], [-78.339502, 18.287207], [-78.325977, 18.349756], [-78.252441, 18.42627], [-78.216699, 18.448096], [-78.094531, 18.444824], [-77.978174, 18.467822], [-77.926855, 18.500684], [-77.873437, 18.522217], [-77.451611, 18.467041], [-77.354248, 18.466455], [-77.261475, 18.457422], [-77.139551, 18.421484], [-77.01377, 18.40293], [-76.959375, 18.401855], [-76.908203, 18.39043], [-76.793262, 18.304297], [-76.700732, 18.257178], [-76.349854, 18.151855], [-76.232764, 17.970312], [-76.210791, 17.913525], [-76.301465, 17.879834]]], [[[-81.419092, 19.374756], [-81.391016, 19.384912], [-81.369531, 19.348877], [-81.337256, 19.329492], [-81.296484, 19.341357], [-81.284814, 19.362549], [-81.130469, 19.346777], [-81.107129, 19.305176], [-81.224609, 19.304102], [-81.277295, 19.277393], [-81.303711, 19.271875], [-81.404785, 19.278418], [-81.419092, 19.374756]]], [[[-80.459229, 22.975], [-80.364893, 22.943408], [-80.266162, 22.934961], [-80.167627, 22.949365], [-80.075244, 22.942334], [-79.959912, 22.876904], [-79.923535, 22.869141], [-79.820264, 22.887012], [-79.850732, 22.827197], [-79.67666, 22.743066], [-79.549219, 22.577783], [-79.456494, 22.509863], [-79.358301, 22.448926], [-79.275684, 22.407617], [-79.183008, 22.387891], [-78.901904, 22.395996], [-78.835449, 22.390918], [-78.775977, 22.367334], [-78.719238, 22.358057], [-78.686475, 22.366846], [-78.143115, 22.109424], [-77.970508, 21.971973], [-77.865039, 21.900586], [-77.636816, 21.797363], [-77.545117, 21.774609], [-77.497119, 21.78833], [-77.506543, 21.811035], [-77.57334, 21.868311], [-77.583154, 21.889258], [-77.497266, 21.871631], [-77.342139, 21.755273], [-77.299512, 21.712256], [-77.22207, 21.672412], [-77.144141, 21.643604], [-77.18125, 21.597656], [-77.244531, 21.59375], [-77.366162, 21.612646], [-77.26958, 21.537891], [-77.252881, 21.483496], [-77.20791, 21.478857], [-77.140967, 21.538623], [-77.098633, 21.589014], [-76.928076, 21.458984], [-76.836328, 21.399512], [-76.859814, 21.364795], [-76.867432, 21.33042], [-76.76499, 21.362402], [-76.726074, 21.358887], [-76.688525, 21.34043], [-76.647412, 21.284521], [-76.551709, 21.272119], [-76.455176, 21.273633], [-76.259229, 21.227393], [-76.073633, 21.133447], [-75.899023, 21.114258], [-75.722949, 21.111035], [-75.63374, 21.061328], [-75.595801, 20.994678], [-75.638525, 20.947461], [-75.662939, 20.898145], [-75.597266, 20.837646], [-75.740234, 20.811963], [-75.7604, 20.775537], [-75.752979, 20.736182], [-75.724561, 20.714551], [-75.642773, 20.733496], [-75.524609, 20.71665], [-75.338135, 20.701611], [-75.213281, 20.713867], [-74.959717, 20.672656], [-74.882568, 20.650635], [-74.73208, 20.573193], [-74.662451, 20.522119], [-74.513135, 20.38457], [-74.384375, 20.330469], [-74.272803, 20.317383], [-74.233887, 20.326416], [-74.16748, 20.292187], [-74.136816, 20.231934], [-74.153711, 20.168555], [-74.217432, 20.117139], [-74.252832, 20.079687], [-74.412158, 20.075342], [-74.634766, 20.058154], [-74.850049, 20.002295], [-74.955127, 19.95791], [-75.003174, 19.928564], [-75.116406, 19.901416], [-75.124121, 19.924658], [-75.121973, 19.953906], [-75.151611, 20.00835], [-75.177295, 19.959375], [-75.219434, 19.923633], [-75.290479, 19.893115], [-75.551953, 19.891113], [-75.657227, 19.932227], [-75.765137, 19.9604], [-76.158447, 19.989746], [-76.252832, 19.987158], [-76.515625, 19.956689], [-76.779736, 19.940186], [-76.890234, 19.921338], [-76.999463, 19.892822], [-77.211963, 19.89375], [-77.463184, 19.861377], [-77.715088, 19.855469], [-77.55376, 20.082129], [-77.213379, 20.300391], [-77.149414, 20.347266], [-77.103809, 20.40752], [-77.093018, 20.45293], [-77.10791, 20.49165], [-77.188965, 20.559961], [-77.205469, 20.61084], [-77.22959, 20.64375], [-77.347559, 20.672363], [-77.467041, 20.689502], [-77.592725, 20.690088], [-77.856885, 20.713623], [-77.997314, 20.715381], [-78.116357, 20.761865], [-78.313867, 20.92749], [-78.406348, 20.973877], [-78.453857, 21.010986], [-78.490771, 21.053711], [-78.537256, 21.296826], [-78.576562, 21.413818], [-78.636475, 21.515527], [-78.727686, 21.592725], [-78.822949, 21.618945], [-79.189209, 21.552832], [-79.274414, 21.562646], [-79.357422, 21.585156], [-79.910303, 21.742578], [-80.13833, 21.829248], [-80.231348, 21.872168], [-80.310693, 21.933398], [-80.39292, 22.03374], [-80.485449, 22.123437], [-80.484814, 22.087158], [-80.499072, 22.063525], [-80.961914, 22.052881], [-81.035645, 22.073584], [-81.083105, 22.097949], [-81.11665, 22.134229], [-81.141406, 22.206934], [-81.185498, 22.267969], [-81.199561, 22.20293], [-81.222412, 22.14292], [-81.284375, 22.109424], [-81.355273, 22.104102], [-81.441113, 22.183789], [-81.816211, 22.200195], [-81.849414, 22.213672], [-81.972607, 22.290869], [-82.077734, 22.387695], [-81.973047, 22.421826], [-81.75708, 22.466748], [-81.710352, 22.49668], [-81.683252, 22.534814], [-81.702734, 22.591895], [-81.745654, 22.63291], [-81.789893, 22.657031], [-81.838818, 22.672461], [-81.903418, 22.679004], [-82.738037, 22.689258], [-82.786377, 22.65835], [-82.86123, 22.595117], [-83.009424, 22.514014], [-83.107129, 22.429883], [-83.14375, 22.386475], [-83.189404, 22.35542], [-83.292139, 22.303223], [-83.379639, 22.222998], [-83.485937, 22.187109], [-83.544043, 22.208936], [-83.601514, 22.20874], [-83.643066, 22.188965], [-83.686621, 22.179932], [-83.900732, 22.170117], [-83.932715, 22.149658], [-83.96333, 22.09209], [-83.998047, 21.980127], [-84.030957, 21.943115], [-84.13833, 21.929004], [-84.240674, 21.89834], [-84.448828, 21.79165], [-84.502588, 21.776172], [-84.490918, 21.854297], [-84.501367, 21.930273], [-84.56001, 21.933008], [-84.626904, 21.920361], [-84.682666, 21.899072], [-84.78584, 21.842285], [-84.838232, 21.82793], [-84.887207, 21.856982], [-84.877246, 21.894141], [-84.532764, 22.031152], [-84.494238, 22.041602], [-84.433057, 22.031299], [-84.373145, 22.035938], [-84.326367, 22.074316], [-84.383008, 22.255566], [-84.361279, 22.378906], [-84.281348, 22.474219], [-84.121777, 22.618555], [-84.044922, 22.666016], [-83.257812, 22.967578], [-83.177246, 22.983008], [-82.66582, 23.043555], [-82.587793, 23.064551], [-82.350537, 23.153955], [-82.101367, 23.19043], [-81.837451, 23.163037], [-81.575439, 23.116504], [-81.363623, 23.129688], [-81.262354, 23.156836], [-81.271631, 23.128613], [-81.178613, 23.059668], [-81.144629, 23.054932], [-81.007666, 23.089844], [-80.650146, 23.103076], [-80.613428, 23.08374], [-80.550488, 23.016602], [-80.459229, 22.975]]], [[[-82.973584, 21.592285], [-83.08252, 21.791406], [-83.077734, 21.833496], [-82.991211, 21.942725], [-82.755762, 21.909521], [-82.714551, 21.890283], [-82.681836, 21.821143], [-82.629395, 21.766895], [-82.567822, 21.621826], [-82.561768, 21.57168], [-82.654834, 21.518652], [-82.853174, 21.443896], [-82.959619, 21.441309], [-83.067285, 21.469385], [-83.141504, 21.531885], [-83.183789, 21.593457], [-83.180225, 21.623047], [-83.112939, 21.573682], [-83.054883, 21.549414], [-83.007227, 21.565576], [-82.973584, 21.592285]]], [[[-77.645996, 21.996484], [-77.668994, 21.951953], [-77.710059, 21.921338], [-77.755029, 21.965576], [-77.783643, 21.97041], [-77.823193, 21.987939], [-77.9, 22.037158], [-77.918555, 22.088086], [-77.854736, 22.091943], [-77.774414, 22.082959], [-77.633691, 22.054004], [-77.645996, 21.996484]]], [[[-77.84248, 22.148975], [-77.879395, 22.127539], [-77.912354, 22.124707], [-78.011914, 22.166406], [-78.04165, 22.20127], [-78.006689, 22.247998], [-77.999219, 22.29873], [-77.985645, 22.3021], [-77.96958, 22.240674], [-77.893652, 22.214551], [-77.889111, 22.201074], [-77.84248, 22.148975]]], [[[-78.06167, 22.305908], [-78.0271, 22.285156], [-78.04751, 22.268506], [-78.10166, 22.305762], [-78.180029, 22.321973], [-78.226123, 22.37998], [-78.27002, 22.402246], [-78.273535, 22.423584], [-78.200977, 22.437646], [-78.150586, 22.431494], [-78.094141, 22.387207], [-78.06167, 22.305908]]], [[[-78.673633, 22.508838], [-78.695508, 22.533984], [-78.630127, 22.552246], [-78.492871, 22.531055], [-78.445312, 22.54375], [-78.399561, 22.547461], [-78.351221, 22.538623], [-78.283887, 22.455469], [-78.343018, 22.445117], [-78.389941, 22.445117], [-78.424561, 22.460107], [-78.547656, 22.464014], [-78.629004, 22.488184], [-78.673633, 22.508838]]], [[[-79.628174, 22.805225], [-79.57915, 22.806738], [-79.349561, 22.663916], [-79.3479, 22.637695], [-79.522754, 22.711133], [-79.597852, 22.787646], [-79.628174, 22.805225]]], [[[-77.51875, 23.869434], [-77.57373, 23.73916], [-77.771289, 23.752539], [-77.775781, 23.862354], [-77.806299, 23.883545], [-77.852246, 24.040381], [-77.914062, 24.090918], [-77.999902, 24.219824], [-77.950049, 24.253076], [-77.883594, 24.241992], [-77.849561, 24.25752], [-77.757422, 24.269922], [-77.701465, 24.287549], [-77.657715, 24.249463], [-77.656152, 24.226562], [-77.755273, 24.163477], [-77.683252, 24.118457], [-77.615381, 24.216357], [-77.561523, 24.136816], [-77.532031, 23.987646], [-77.536816, 23.96167], [-77.521338, 23.91084], [-77.51875, 23.869434]]], [[[-81.738672, 24.575439], [-81.739746, 24.554492], [-81.809229, 24.542334], [-81.811426, 24.557812], [-81.767676, 24.576709], [-81.738672, 24.575439]]], [[[-81.531641, 24.64248], [-81.532227, 24.61416], [-81.566699, 24.599902], [-81.631494, 24.590039], [-81.579248, 24.629395], [-81.562305, 24.68916], [-81.531641, 24.64248]]], [[[-81.379053, 24.66626], [-81.42168, 24.732617], [-81.420068, 24.75], [-81.322314, 24.685059], [-81.319824, 24.667627], [-81.334814, 24.650488], [-81.364795, 24.629932], [-81.379053, 24.636279], [-81.379053, 24.66626]]], [[[-80.988916, 24.727881], [-81.044189, 24.716797], [-81.08999, 24.693115], [-81.137354, 24.710498], [-81.085254, 24.73418], [-80.930469, 24.759473], [-80.988916, 24.727881]]], [[[-78.145801, 24.493457], [-78.191602, 24.466064], [-78.257617, 24.482764], [-78.366504, 24.544189], [-78.435303, 24.627588], [-78.338916, 24.642041], [-78.318994, 24.590234], [-78.242725, 24.653809], [-78.260059, 24.687305], [-78.273828, 24.691602], [-78.298828, 24.753906], [-78.184082, 24.91709], [-78.159326, 25.022363], [-78.211377, 25.19126], [-78.162793, 25.202344], [-78.033301, 25.143115], [-77.975293, 25.084814], [-77.973389, 25.004785], [-77.918945, 24.942822], [-77.840137, 24.794385], [-77.743848, 24.707422], [-77.746045, 24.586328], [-77.735107, 24.495752], [-77.745215, 24.463477], [-77.853418, 24.40293], [-77.881201, 24.369092], [-77.983203, 24.334961], [-78.044922, 24.287451], [-78.07583, 24.364648], [-78.135742, 24.412354], [-78.145801, 24.493457]]], [[[-80.785205, 24.835254], [-80.786768, 24.821045], [-80.829395, 24.803662], [-80.84834, 24.803662], [-80.838867, 24.817871], [-80.799414, 24.846289], [-80.785205, 24.835254]]], [[[-80.625684, 24.941113], [-80.6146, 24.937939], [-80.638281, 24.903174], [-80.665137, 24.898438], [-80.625684, 24.941113]]], [[[-77.541211, 25.013574], [-77.561914, 25.030029], [-77.527344, 25.057666], [-77.45127, 25.080713], [-77.329102, 25.083008], [-77.275586, 25.055762], [-77.269141, 25.043848], [-77.347559, 25.013867], [-77.460498, 24.993115], [-77.541211, 25.013574]]], [[[-76.300293, 24.795898], [-76.319971, 24.817676], [-76.21377, 24.822461], [-76.204346, 24.93623], [-76.152539, 25.025977], [-76.1604, 25.119336], [-76.284326, 25.222119], [-76.369287, 25.312598], [-76.499902, 25.341553], [-76.620703, 25.431641], [-76.692773, 25.442725], [-76.780664, 25.426855], [-76.748926, 25.480566], [-76.726953, 25.551611], [-76.71084, 25.564893], [-76.648828, 25.487402], [-76.484229, 25.374609], [-76.343799, 25.332031], [-76.191992, 25.19082], [-76.126611, 25.140527], [-76.114941, 25.094727], [-76.140527, 24.885645], [-76.174658, 24.759766], [-76.169531, 24.649414], [-76.205176, 24.68208], [-76.241211, 24.754346], [-76.300293, 24.795898]]], [[[-80.381836, 25.142285], [-80.580566, 24.954248], [-80.558545, 25.001318], [-80.481055, 25.101953], [-80.456006, 25.149316], [-80.403662, 25.179346], [-80.354932, 25.233643], [-80.35127, 25.296973], [-80.280469, 25.34126], [-80.25708, 25.347607], [-80.381836, 25.142285]]], [[[-77.238623, 26.561133], [-77.329932, 26.618359], [-77.510596, 26.845996], [-77.795996, 26.90127], [-77.94375, 26.903564], [-77.862549, 26.940088], [-77.787549, 26.935645], [-77.672119, 26.913916], [-77.533887, 26.903418], [-77.449414, 26.836426], [-77.36875, 26.747607], [-77.295898, 26.71167], [-77.265918, 26.688818], [-77.269287, 26.663037], [-77.257178, 26.638818], [-77.162109, 26.597266], [-77.066357, 26.530176], [-77.038281, 26.333447], [-77.167285, 26.240332], [-77.191016, 25.955469], [-77.225635, 25.904199], [-77.246436, 25.895459], [-77.333252, 25.995605], [-77.403174, 26.024707], [-77.293945, 26.095508], [-77.246777, 26.156348], [-77.247754, 26.289062], [-77.221094, 26.361768], [-77.230127, 26.424707], [-77.206055, 26.488965], [-77.238623, 26.561133]]], [[[-82.184375, 26.480957], [-82.201367, 26.548047], [-82.138574, 26.477002], [-82.116064, 26.460938], [-82.037207, 26.453613], [-82.072852, 26.427539], [-82.144971, 26.44668], [-82.184375, 26.480957]]], [[[-82.085205, 26.493604], [-82.135596, 26.591992], [-82.169141, 26.700732], [-82.121143, 26.665527], [-82.083789, 26.552344], [-82.085205, 26.493604]]], [[[-78.743652, 26.500684], [-78.799219, 26.528467], [-78.985645, 26.689502], [-78.935791, 26.673437], [-78.798047, 26.582422], [-78.7125, 26.599023], [-78.633252, 26.65918], [-78.621143, 26.704639], [-78.632959, 26.726172], [-78.597119, 26.797949], [-78.492871, 26.729053], [-78.371729, 26.697949], [-78.306836, 26.702197], [-78.26792, 26.722656], [-78.088672, 26.714307], [-77.943945, 26.744238], [-77.922461, 26.691113], [-77.926123, 26.663379], [-78.233887, 26.637354], [-78.516211, 26.559375], [-78.670947, 26.506543], [-78.743652, 26.500684]]], [[[-80.376074, 27.643408], [-80.436914, 27.850537], [-80.395752, 27.794531], [-80.355518, 27.678613], [-80.186768, 27.278418], [-80.170508, 27.204785], [-80.262451, 27.375586], [-80.376074, 27.643408]]], [[[-81.418994, 30.971436], [-81.463477, 30.727783], [-81.482715, 30.814062], [-81.484619, 30.897852], [-81.450928, 30.947412], [-81.418994, 30.971436]]], [[[-76.673926, 34.700146], [-76.622266, 34.694531], [-76.54624, 34.654883], [-76.568506, 34.652539], [-76.607812, 34.663574], [-76.661963, 34.684668], [-76.673926, 34.700146]]], [[[-76.357715, 34.803662], [-76.503662, 34.642969], [-76.528564, 34.631494], [-76.437012, 34.756348], [-76.256201, 34.914697], [-76.207373, 34.938916], [-76.357715, 34.803662]]], [[[-79.384277, 51.951953], [-79.425586, 51.944873], [-79.520605, 51.95293], [-79.596875, 51.978027], [-79.64375, 52.010059], [-79.334863, 52.098145], [-79.271289, 52.086816], [-79.270215, 52.071094], [-79.316602, 52.023926], [-79.328955, 51.992285], [-79.351514, 51.968311], [-79.384277, 51.951953]]], [[[-81.847314, 53.186279], [-81.335352, 53.224268], [-81.135596, 53.205811], [-80.900391, 53.037158], [-80.765332, 52.923242], [-80.710449, 52.831592], [-80.709521, 52.787402], [-80.731689, 52.747266], [-80.802344, 52.733984], [-81.009863, 52.760645], [-81.096582, 52.779883], [-81.352246, 52.852002], [-81.839062, 52.95791], [-82.005029, 53.010498], [-82.039258, 53.049902], [-81.951123, 53.132227], [-81.901367, 53.165576], [-81.847314, 53.186279]]], [[[-80.004102, 53.280078], [-80.039355, 53.297168], [-80.067871, 53.324072], [-80.074023, 53.344287], [-80.049707, 53.364453], [-79.974561, 53.352246], [-79.938232, 53.30415], [-79.939307, 53.274268], [-80.004102, 53.280078]]], [[[-79.221826, 56.175977], [-79.407422, 55.934863], [-79.455322, 55.896191], [-79.495117, 55.874756], [-79.526758, 55.870654], [-79.605713, 55.875684], [-79.764746, 55.806787], [-79.497461, 56.093164], [-79.494678, 56.11499], [-79.544727, 56.128369], [-79.564551, 56.120947], [-79.781104, 55.940576], [-79.90459, 55.871045], [-79.9875, 55.892139], [-80.008252, 55.911035], [-80.000781, 55.93208], [-79.790039, 56.11416], [-79.596338, 56.244482], [-79.515283, 56.326514], [-79.482373, 56.403809], [-79.46792, 56.460352], [-79.468945, 56.522607], [-79.458887, 56.539746], [-79.447656, 56.536572], [-79.435303, 56.513037], [-79.432031, 56.447461], [-79.47627, 56.312842], [-79.511816, 56.246582], [-79.554199, 56.191992], [-79.536328, 56.180078], [-79.458301, 56.211084], [-79.392627, 56.276465], [-79.339355, 56.376318], [-79.305322, 56.463086], [-79.272412, 56.600439], [-79.261133, 56.595654], [-79.245752, 56.568262], [-79.210449, 56.548926], [-79.155176, 56.537598], [-79.123535, 56.519971], [-79.100244, 56.473926], [-79.077734, 56.453613], [-78.994971, 56.436426], [-78.963184, 56.421729], [-78.940332, 56.371436], [-78.942432, 56.344922], [-78.931201, 56.32793], [-78.906641, 56.32041], [-78.935596, 56.266064], [-79.017969, 56.16499], [-79.083887, 56.067871], [-79.175488, 55.885059], [-79.227832, 55.878516], [-79.273633, 55.922461], [-79.142285, 56.136426], [-79.136084, 56.160254], [-79.142285, 56.180713], [-79.182129, 56.212158], [-79.221826, 56.175977]]], [[[-78.657178, 56.317383], [-78.672803, 56.260498], [-78.710156, 56.212891], [-78.761377, 56.174512], [-78.826514, 56.145312], [-78.877295, 56.131445], [-78.913818, 56.132812], [-78.907031, 56.166357], [-78.856885, 56.23208], [-78.828418, 56.289844], [-78.821582, 56.339648], [-78.799414, 56.383301], [-78.761865, 56.420703], [-78.724512, 56.439209], [-78.66875, 56.438623], [-78.657178, 56.317383]]], [[[-79.579736, 56.466357], [-79.632568, 56.386523], [-79.687939, 56.326807], [-79.977588, 56.207031], [-80.028613, 56.199414], [-80.088867, 56.213867], [-80.057471, 56.287354], [-80.005078, 56.31792], [-79.874463, 56.348437], [-79.852148, 56.367188], [-79.8104, 56.376514], [-79.74917, 56.376514], [-79.681006, 56.403955], [-79.605859, 56.458838], [-79.579736, 56.466357]]], [[[-79.482178, 56.714404], [-79.48457, 56.686523], [-79.496533, 56.667285], [-79.553467, 56.643848], [-79.577393, 56.644922], [-79.550732, 56.733496], [-79.581738, 56.764844], [-79.583545, 56.780957], [-79.570117, 56.795703], [-79.552881, 56.79873], [-79.51123, 56.771436], [-79.491064, 56.742676], [-79.482178, 56.714404]]], [[[-79.943652, 56.776758], [-79.945703, 56.826904], [-79.898145, 56.865283], [-79.860547, 56.863525], [-79.82666, 56.843115], [-79.83501, 56.816016], [-79.866992, 56.774561], [-79.894482, 56.757129], [-79.943652, 56.776758]]], [[[-79.742578, 57.607959], [-79.726709, 57.60459], [-79.713477, 57.555029], [-79.716504, 57.515527], [-79.732227, 57.50752], [-79.775195, 57.514453], [-79.792041, 57.448584], [-79.808447, 57.442432], [-79.838232, 57.483008], [-79.815918, 57.517725], [-79.819141, 57.541602], [-79.81084, 57.559277], [-79.767871, 57.59873], [-79.742578, 57.607959]]], [[[-80.324658, 59.633203], [-80.298975, 59.67417], [-80.256641, 59.67915], [-80.209961, 59.724609], [-80.167236, 59.708887], [-80.183057, 59.683496], [-80.240527, 59.644922], [-80.285254, 59.624121], [-80.317236, 59.621045], [-80.324658, 59.633203]]], [[[-80.083643, 59.851855], [-80.041162, 59.870166], [-79.955859, 59.876953], [-79.898633, 59.853125], [-79.949609, 59.809912], [-80.064209, 59.770801], [-80.16709, 59.763867], [-80.122217, 59.823193], [-80.083643, 59.851855]]], [[[-78.669092, 60.731348], [-78.612012, 60.772314], [-78.399561, 60.808105], [-78.241699, 60.818652], [-78.278857, 60.783887], [-78.372461, 60.756396], [-78.531641, 60.728564], [-78.668896, 60.716895], [-78.669092, 60.731348]]], [[[-79.611328, 61.709619], [-79.66875, 61.644434], [-79.714258, 61.612549], [-79.76333, 61.595947], [-79.816113, 61.594629], [-79.896338, 61.630127], [-80.00415, 61.702539], [-80.091992, 61.746826], [-80.204932, 61.777246], [-80.265186, 61.818213], [-80.276172, 61.858594], [-80.279834, 61.989502], [-80.275098, 62.054639], [-80.260059, 62.109033], [-80.234668, 62.152686], [-80.178564, 62.212793], [-80.021582, 62.342969], [-79.926758, 62.392871], [-79.868066, 62.404346], [-79.712549, 62.39502], [-79.649561, 62.398291], [-79.597656, 62.413232], [-79.545312, 62.411719], [-79.466211, 62.384521], [-79.336035, 62.293701], [-79.286475, 62.247656], [-79.272021, 62.185986], [-79.306445, 62.103516], [-79.323926, 62.026074], [-79.372266, 61.967773], [-79.462158, 61.894092], [-79.541846, 61.808008], [-79.611328, 61.709619]]], [[[-77.942432, 63.114404], [-78.024414, 63.138867], [-78.255957, 63.239844], [-78.46875, 63.35791], [-78.536768, 63.42373], [-78.507324, 63.451123], [-78.417285, 63.469971], [-78.234912, 63.489551], [-77.933936, 63.478955], [-77.876709, 63.470557], [-77.79209, 63.427832], [-77.703711, 63.430859], [-77.654785, 63.395996], [-77.538477, 63.287061], [-77.527295, 63.268945], [-77.532715, 63.233643], [-77.593896, 63.188428], [-77.657666, 63.1646], [-77.791455, 63.12959], [-77.942432, 63.114404]]], [[[-77.057227, 63.449756], [-77.364746, 63.58833], [-77.133691, 63.682031], [-76.763623, 63.573584], [-76.652441, 63.503564], [-76.677588, 63.393945], [-76.783154, 63.384033], [-76.921875, 63.406348], [-77.057227, 63.449756]]], [[[-77.714062, 63.945703], [-77.928809, 63.962012], [-77.95791, 63.976025], [-77.965967, 63.99292], [-77.931348, 64.014795], [-77.710791, 64.035645], [-77.617285, 64.037207], [-77.569385, 64.03042], [-77.563623, 64.02207], [-77.64209, 63.991895], [-77.714062, 63.945703]]], [[[-79.174023, 68.234961], [-79.174756, 68.264453], [-79.153467, 68.335254], [-78.952588, 68.353027], [-78.868701, 68.310303], [-78.828516, 68.268164], [-78.982715, 68.192822], [-79.064062, 68.181787], [-79.174023, 68.234961]]], [[[-78.930469, 69.1229], [-78.9, 69.1354], [-78.804102, 69.235107], [-78.771826, 69.252197], [-78.662012, 69.262354], [-78.650195, 69.275195], [-78.689062, 69.299756], [-78.689062, 69.325098], [-78.650195, 69.351221], [-78.59668, 69.370605], [-78.45791, 69.389502], [-78.332568, 69.386035], [-78.300488, 69.378711], [-78.272461, 69.36123], [-78.228955, 69.304004], [-78.287012, 69.262695], [-78.438965, 69.19917], [-78.53291, 69.146045], [-78.551758, 69.128662], [-78.560303, 69.10625], [-78.595654, 69.079053], [-78.705371, 69.013672], [-78.779199, 68.950488], [-78.852686, 68.915674], [-79.053613, 68.88291], [-79.210645, 68.845459], [-79.279736, 68.838721], [-79.361377, 68.857666], [-79.390479, 68.890186], [-79.405762, 68.923047], [-79.391162, 68.939941], [-79.354736, 68.955908], [-79.305225, 68.992334], [-79.242676, 69.049268], [-79.144971, 69.087451], [-78.930469, 69.1229]]], [[[-77.187549, 69.440088], [-77.10918, 69.437402], [-76.994092, 69.411768], [-76.745703, 69.404004], [-76.684082, 69.38042], [-76.668848, 69.366162], [-76.67002, 69.348584], [-76.687451, 69.327686], [-76.810303, 69.266748], [-76.869336, 69.224854], [-76.91123, 69.174658], [-76.995361, 69.14375], [-77.121631, 69.132129], [-77.215039, 69.138086], [-77.275586, 69.16167], [-77.321924, 69.193604], [-77.379395, 69.274023], [-77.358057, 69.311523], [-77.351514, 69.378662], [-77.340918, 69.403857], [-77.318701, 69.416309], [-77.187549, 69.440088]]], [[[-78.578564, 69.638818], [-78.401855, 69.650635], [-78.344189, 69.674805], [-78.295508, 69.667139], [-78.267334, 69.687158], [-78.262451, 69.716846], [-78.200732, 69.739502], [-78.145215, 69.739209], [-78.029102, 69.714893], [-77.977832, 69.664893], [-77.969141, 69.638965], [-78.03999, 69.608398], [-78.307227, 69.551807], [-78.470068, 69.502539], [-78.552393, 69.491553], [-78.662061, 69.502637], [-78.795312, 69.479736], [-78.848193, 69.482812], [-78.789307, 69.523145], [-78.578564, 69.638818]]], [[[-80.161475, 69.535938], [-80.227344, 69.562402], [-80.244482, 69.593164], [-80.268652, 69.6], [-80.299707, 69.582861], [-80.32959, 69.586768], [-80.397852, 69.632617], [-80.448047, 69.649707], [-80.778223, 69.677002], [-80.794775, 69.689258], [-80.777539, 69.710352], [-80.726611, 69.74043], [-80.652539, 69.750586], [-80.465918, 69.737109], [-80.450684, 69.744775], [-80.43833, 69.782715], [-80.424219, 69.797607], [-80.294922, 69.793799], [-80.213672, 69.801953], [-80.168848, 69.782422], [-80.124609, 69.737256], [-80.061768, 69.745508], [-79.97085, 69.738965], [-79.86958, 69.755518], [-79.714844, 69.795703], [-79.593994, 69.810498], [-79.430664, 69.787793], [-79.390283, 69.73042], [-79.36499, 69.712354], [-79.402441, 69.685156], [-79.552832, 69.630859], [-79.881689, 69.608691], [-80.04751, 69.634326], [-79.971143, 69.556348], [-79.954492, 69.523486], [-79.977832, 69.509668], [-80.046875, 69.513867], [-80.161475, 69.535938]]], [[[-76.657275, 73.254199], [-76.621582, 73.225342], [-76.569775, 73.159277], [-76.458447, 73.121826], [-76.331152, 73.100488], [-76.289551, 73.081006], [-76.30957, 72.9979], [-76.255273, 72.959229], [-76.135059, 72.912402], [-76.08999, 72.881201], [-76.183398, 72.843066], [-76.400537, 72.820654], [-77.013574, 72.843994], [-77.835938, 72.896826], [-78.314209, 72.881836], [-78.554053, 72.857715], [-79.13418, 72.771631], [-79.319336, 72.757715], [-79.500537, 72.755957], [-79.820703, 72.826318], [-79.936865, 72.863623], [-79.975293, 72.89248], [-80.051611, 72.977002], [-80.114453, 73.078223], [-80.146436, 73.161328], [-80.183301, 73.224658], [-80.292725, 73.245605], [-80.61792, 73.270801], [-80.726855, 73.305469], [-80.776416, 73.33418], [-80.82417, 73.380664], [-80.822949, 73.428955], [-80.797998, 73.471533], [-80.776953, 73.481982], [-80.73584, 73.483105], [-80.827002, 73.534668], [-80.858496, 73.591406], [-80.860742, 73.670557], [-80.848877, 73.72124], [-80.822852, 73.743457], [-80.762744, 73.757764], [-80.621387, 73.767334], [-80.412305, 73.76543], [-80.120264, 73.70708], [-79.889355, 73.701514], [-79.537305, 73.654492], [-79.366797, 73.641357], [-78.286523, 73.66582], [-78.062939, 73.647656], [-77.382129, 73.53667], [-77.206543, 73.499561], [-77.119775, 73.450488], [-77.041504, 73.373047], [-77.005322, 73.356055], [-76.758691, 73.31001], [-76.657275, 73.254199]]], [[[-65.414648, 10.937891], [-65.383203, 10.973828], [-65.302344, 10.973828], [-65.226562, 10.930225], [-65.2125, 10.906445], [-65.266406, 10.883984], [-65.365234, 10.906445], [-65.414648, 10.937891]]], [[[-68.254346, 12.03208], [-68.282227, 12.082275], [-68.287256, 12.171729], [-68.307129, 12.206738], [-68.348437, 12.228076], [-68.371094, 12.25752], [-68.369238, 12.301953], [-68.219482, 12.23125], [-68.205811, 12.14458], [-68.254346, 12.03208]]], [[[-68.995117, 12.141846], [-69.153809, 12.298437], [-69.158887, 12.380273], [-69.118457, 12.373242], [-69.076758, 12.342041], [-69.013135, 12.231348], [-68.827393, 12.158545], [-68.751074, 12.059766], [-68.80332, 12.045459], [-68.995117, 12.141846]]], [[[-69.942187, 12.438525], [-70.00415, 12.500488], [-70.066113, 12.546973], [-70.050879, 12.59707], [-70.035107, 12.614111], [-69.973145, 12.567627], [-69.911816, 12.480469], [-69.899121, 12.452002], [-69.895703, 12.422998], [-69.942187, 12.438525]]], [[[-64.889111, 17.701709], [-64.884717, 17.772266], [-64.765625, 17.794336], [-64.681836, 17.750195], [-64.580469, 17.750195], [-64.686279, 17.706104], [-64.889111, 17.701709]]], [[[-65.555078, 18.107666], [-65.572217, 18.137305], [-65.477148, 18.165039], [-65.366211, 18.161084], [-65.302686, 18.144385], [-65.294873, 18.13335], [-65.425586, 18.105615], [-65.504004, 18.099512], [-65.555078, 18.107666]]], [[[-65.782227, 18.128613], [-65.834131, 18.057324], [-65.970801, 17.974365], [-66.135498, 17.949463], [-66.285889, 17.949951], [-66.325781, 17.96416], [-66.408545, 17.950586], [-66.510791, 17.987012], [-66.598437, 17.977881], [-66.772412, 17.986572], [-66.837598, 17.955078], [-66.9, 17.9479], [-66.96123, 17.95376], [-67.01333, 17.967871], [-67.142383, 17.966699], [-67.196875, 17.994189], [-67.174316, 18.152539], [-67.172461, 18.224219], [-67.20415, 18.283398], [-67.238965, 18.320654], [-67.264062, 18.3646], [-67.213379, 18.393604], [-67.171777, 18.435791], [-67.158643, 18.499219], [-67.113037, 18.514795], [-67.059619, 18.522168], [-66.812891, 18.492529], [-66.188574, 18.475781], [-66.153076, 18.470654], [-66.129395, 18.444922], [-66.098486, 18.425195], [-66.068408, 18.428027], [-66.092676, 18.468994], [-65.87876, 18.443848], [-65.755566, 18.401611], [-65.628809, 18.381396], [-65.62085, 18.242334], [-65.718408, 18.18667], [-65.782227, 18.128613]]], [[[-64.725977, 18.327881], [-64.770605, 18.331592], [-64.787695, 18.341113], [-64.752441, 18.371973], [-64.659814, 18.354346], [-64.725977, 18.327881]]], [[[-64.919971, 18.321289], [-65.023633, 18.367578], [-64.942041, 18.385205], [-64.889111, 18.374219], [-64.84502, 18.330078], [-64.919971, 18.321289]]], [[[-71.235937, 19.848145], [-71.081934, 19.890479], [-70.95415, 19.913965], [-70.833887, 19.887256], [-70.785254, 19.850879], [-70.685937, 19.793262], [-70.636182, 19.775635], [-70.479346, 19.776953], [-70.436426, 19.77124], [-70.304736, 19.676074], [-70.193848, 19.638037], [-70.129443, 19.636133], [-70.014062, 19.672949], [-69.956836, 19.671875], [-69.891211, 19.589746], [-69.87832, 19.473291], [-69.823437, 19.367139], [-69.739404, 19.299219], [-69.324951, 19.327734], [-69.232471, 19.271826], [-69.264258, 19.225684], [-69.322754, 19.201074], [-69.519727, 19.212012], [-69.605957, 19.206494], [-69.623242, 19.160498], [-69.623633, 19.117822], [-69.50835, 19.107617], [-69.395264, 19.086084], [-69.280225, 19.051904], [-69.163037, 19.028467], [-69.031299, 19.013184], [-68.901367, 18.988477], [-68.684766, 18.904785], [-68.44541, 18.714453], [-68.381396, 18.671143], [-68.33916, 18.611523], [-68.359277, 18.538086], [-68.444824, 18.417725], [-68.493213, 18.379004], [-68.56377, 18.355469], [-68.612207, 18.30625], [-68.658838, 18.222021], [-68.687402, 18.214941], [-68.720996, 18.218408], [-68.778467, 18.266113], [-68.819531, 18.339307], [-68.934961, 18.408008], [-69.072266, 18.399219], [-69.274512, 18.439844], [-69.396973, 18.420117], [-69.519434, 18.415674], [-69.644727, 18.436377], [-69.770654, 18.443555], [-69.896387, 18.417725], [-70.018311, 18.373633], [-70.06333, 18.345654], [-70.141602, 18.2771], [-70.183105, 18.251758], [-70.479932, 18.217285], [-70.56543, 18.267578], [-70.644678, 18.33623], [-70.758838, 18.345605], [-70.924316, 18.29248], [-71.027832, 18.273193], [-71.069971, 18.250342], [-71.082227, 18.224365], [-71.082617, 18.128369], [-71.106006, 18.07002], [-71.267285, 17.849609], [-71.358301, 17.694141], [-71.395703, 17.646094], [-71.438965, 17.635596], [-71.518359, 17.725], [-71.569043, 17.757373], [-71.631738, 17.773633], [-71.658301, 17.821143], [-71.657227, 17.888672], [-71.67373, 17.954102], [-71.712451, 18.005469], [-71.768311, 18.03916], [-71.85293, 18.119141], [-71.946094, 18.186084], [-72.002051, 18.212012], [-72.059863, 18.228564], [-72.503564, 18.219922], [-72.553223, 18.208398], [-72.591895, 18.186914], [-72.633301, 18.176221], [-72.755273, 18.156152], [-72.87666, 18.151758], [-73.160059, 18.205615], [-73.272266, 18.233545], [-73.385156, 18.251172], [-73.514844, 18.245361], [-73.644043, 18.229053], [-73.747314, 18.190234], [-73.824707, 18.121777], [-73.83916, 18.058203], [-73.884961, 18.041895], [-73.989453, 18.143164], [-74.0854, 18.215137], [-74.194629, 18.269189], [-74.419043, 18.346191], [-74.459961, 18.393066], [-74.478125, 18.45], [-74.3875, 18.624707], [-74.284473, 18.656689], [-74.227734, 18.662695], [-74.100342, 18.641113], [-73.975977, 18.601416], [-73.8625, 18.575439], [-73.687012, 18.565332], [-73.591602, 18.522363], [-72.917285, 18.455713], [-72.789355, 18.434814], [-72.739453, 18.442139], [-72.695996, 18.468213], [-72.659766, 18.515332], [-72.618066, 18.550781], [-72.418115, 18.558691], [-72.376074, 18.574463], [-72.346729, 18.62373], [-72.347656, 18.674951], [-72.465234, 18.743555], [-72.649121, 18.894141], [-72.811084, 19.071582], [-72.741211, 19.131348], [-72.767969, 19.240625], [-72.741797, 19.341846], [-72.703223, 19.441064], [-72.863428, 19.526074], [-73.052734, 19.610742], [-73.315527, 19.637305], [-73.396338, 19.658691], [-73.438379, 19.722119], [-73.400537, 19.807422], [-73.315332, 19.85459], [-73.217773, 19.883691], [-73.117773, 19.903809], [-72.876514, 19.928076], [-72.637012, 19.900879], [-72.429932, 19.813281], [-72.219824, 19.744629], [-71.954297, 19.72168], [-71.834717, 19.696729], [-71.735107, 19.735107], [-71.706055, 19.795166], [-71.667383, 19.848633], [-71.615967, 19.877441], [-71.557764, 19.895361], [-71.441699, 19.893994], [-71.281348, 19.847363], [-71.235937, 19.848145]], [[-71.508887, 18.469971], [-71.583936, 18.514062], [-71.68335, 18.551074], [-71.776953, 18.531201], [-71.793506, 18.494434], [-71.606836, 18.420996], [-71.536523, 18.433984], [-71.508887, 18.469971]]], [[[-73.077979, 18.790918], [-73.285254, 18.896729], [-73.276416, 18.954053], [-73.170605, 18.967285], [-73.069141, 18.932031], [-72.919238, 18.861475], [-72.80459, 18.777686], [-72.822217, 18.707129], [-73.077979, 18.790918]]], [[[-72.791016, 20.091895], [-72.664062, 20.0375], [-72.623486, 20.01416], [-72.638867, 19.98584], [-72.739795, 20.003418], [-72.844238, 20.035449], [-72.878418, 20.027441], [-72.899316, 20.031445], [-72.960352, 20.062256], [-72.906738, 20.08584], [-72.851465, 20.093652], [-72.791016, 20.091895]]], [[[-73.523096, 21.19082], [-73.424512, 21.201758], [-73.301562, 21.156152], [-73.235352, 21.154492], [-73.137305, 21.204785], [-73.058496, 21.313379], [-73.01167, 21.299512], [-73.026855, 21.192383], [-73.05874, 21.119043], [-73.164551, 20.97915], [-73.400781, 20.943896], [-73.661035, 20.937402], [-73.681152, 20.975586], [-73.686816, 21.009131], [-73.667822, 21.061572], [-73.66958, 21.082227], [-73.680371, 21.10332], [-73.585059, 21.125928], [-73.523096, 21.19082]]], [[[-72.994775, 21.561621], [-72.916113, 21.506689], [-73.049316, 21.457617], [-73.062695, 21.515332], [-72.994775, 21.561621]]], [[[-71.721777, 21.790234], [-71.83042, 21.790625], [-71.847656, 21.843457], [-71.806152, 21.8521], [-71.668359, 21.833447], [-71.636914, 21.787549], [-71.661426, 21.765234], [-71.665381, 21.751709], [-71.721777, 21.790234]]], [[[-72.218652, 21.796289], [-72.149805, 21.804492], [-72.144336, 21.792725], [-72.181543, 21.780029], [-72.190674, 21.769775], [-72.300879, 21.755225], [-72.335449, 21.758008], [-72.342383, 21.795312], [-72.332812, 21.851367], [-72.218652, 21.796289]]], [[[-71.897461, 21.829883], [-71.955469, 21.864404], [-71.96377, 21.892041], [-71.984521, 21.893408], [-72.019043, 21.918262], [-72.010645, 21.950439], [-71.931543, 21.951904], [-71.899609, 21.8625], [-71.879932, 21.84043], [-71.897461, 21.829883]]], [[[-73.127393, 22.455322], [-73.041016, 22.429053], [-72.978955, 22.4146], [-72.945215, 22.415625], [-72.830762, 22.385596], [-72.762598, 22.344385], [-72.747266, 22.327393], [-72.783887, 22.290625], [-72.88916, 22.360254], [-72.981055, 22.369238], [-73.110205, 22.367578], [-73.161914, 22.380713], [-73.127393, 22.455322]]], [[[-73.975488, 22.682275], [-73.954199, 22.715527], [-73.849951, 22.731055], [-73.87749, 22.680762], [-73.836523, 22.538428], [-73.974609, 22.361182], [-74.09292, 22.30625], [-74.206738, 22.21377], [-74.276904, 22.183691], [-74.261328, 22.235547], [-74.126758, 22.323389], [-74.052344, 22.400635], [-74.010059, 22.427979], [-73.994971, 22.449219], [-73.935986, 22.477734], [-73.906396, 22.527441], [-73.914551, 22.568018], [-73.976367, 22.635059], [-73.975488, 22.682275]]], [[[-74.05752, 22.723486], [-74.034766, 22.705566], [-74.098584, 22.66543], [-74.242236, 22.715088], [-74.274609, 22.71167], [-74.303125, 22.764453], [-74.313965, 22.803564], [-74.307031, 22.8396], [-74.221484, 22.811572], [-74.175391, 22.759912], [-74.05752, 22.723486]]], [[[-75.288232, 23.568262], [-75.309814, 23.589844], [-75.315967, 23.668359], [-75.216602, 23.546777], [-75.175293, 23.438672], [-75.108789, 23.332813], [-75.064209, 23.150195], [-74.937109, 23.088135], [-74.845605, 22.999902], [-74.840479, 22.894336], [-74.846875, 22.868701], [-74.97334, 23.068555], [-75.132129, 23.11709], [-75.22334, 23.165332], [-75.204395, 23.192725], [-75.141113, 23.204639], [-75.130566, 23.26792], [-75.157568, 23.336377], [-75.24126, 23.474609], [-75.288232, 23.568262]]], [[[-75.706348, 23.444238], [-75.781006, 23.470654], [-75.955957, 23.592285], [-76.037109, 23.602783], [-76.010449, 23.671387], [-75.948633, 23.647412], [-75.80752, 23.542529], [-75.754248, 23.48999], [-75.664551, 23.450146], [-75.706348, 23.444238]]], [[[-74.450488, 24.125488], [-74.429443, 24.068066], [-74.508691, 23.959717], [-74.550928, 23.968945], [-74.526904, 24.105078], [-74.472021, 24.12666], [-74.450488, 24.125488]]], [[[-75.661035, 24.589844], [-75.743994, 24.654687], [-75.72666, 24.689355], [-75.709619, 24.69751], [-75.653516, 24.680859], [-75.526465, 24.449512], [-75.518164, 24.427344], [-75.308398, 24.2], [-75.301758, 24.14917], [-75.36875, 24.159473], [-75.467627, 24.1396], [-75.503223, 24.139062], [-75.481055, 24.173877], [-75.412402, 24.220947], [-75.408936, 24.265771], [-75.493896, 24.33042], [-75.592773, 24.49126], [-75.639062, 24.529395], [-75.661035, 24.589844]]], [[[-64.862842, 32.273877], [-64.771191, 32.307715], [-64.694629, 32.386914], [-64.668311, 32.381934], [-64.730273, 32.293457], [-64.820117, 32.259619], [-64.845068, 32.262305], [-64.862842, 32.273877]]], [[[-75.98418, 35.123096], [-75.864941, 35.174121], [-75.781934, 35.190186], [-75.963672, 35.118848], [-75.98418, 35.123096]]], [[[-75.464746, 35.448633], [-75.509326, 35.280322], [-75.544141, 35.240088], [-75.678271, 35.212842], [-75.690088, 35.221582], [-75.536377, 35.278613], [-75.487891, 35.479492], [-75.48125, 35.572119], [-75.504297, 35.7354], [-75.503516, 35.769141], [-75.478516, 35.716504], [-75.456445, 35.56416], [-75.464746, 35.448633]]], [[[-75.650781, 35.835596], [-75.717187, 35.946143], [-75.648877, 35.9104], [-75.63667, 35.880664], [-75.635693, 35.855908], [-75.650781, 35.835596]]], [[[-75.0979, 38.298096], [-75.13623, 38.180518], [-75.203223, 38.072412], [-75.333057, 37.888281], [-75.378516, 37.87207], [-75.225977, 38.072314], [-75.137402, 38.240088], [-75.0979, 38.298096]]], [[[-74.253174, 39.558496], [-74.106738, 39.746436], [-74.133203, 39.680762], [-74.250488, 39.529395], [-74.253174, 39.558496]]], [[[-74.188184, 40.6146], [-74.100488, 40.658447], [-74.06875, 40.649316], [-74.067383, 40.61543], [-74.079687, 40.586475], [-74.138525, 40.541846], [-74.188135, 40.522852], [-74.235889, 40.518701], [-74.188184, 40.6146]]], [[[-71.903223, 41.060693], [-72.338965, 40.894141], [-72.428076, 40.875391], [-72.555566, 40.825781], [-72.676074, 40.790625], [-72.762842, 40.777832], [-73.194287, 40.654199], [-73.228516, 40.651514], [-73.265527, 40.663574], [-73.620898, 40.599902], [-73.766748, 40.592725], [-73.899561, 40.570508], [-73.801318, 40.621777], [-73.79917, 40.640967], [-73.822656, 40.655957], [-73.875195, 40.651611], [-73.929004, 40.598828], [-74.014893, 40.581201], [-74.032031, 40.638672], [-74.003369, 40.683154], [-73.964551, 40.725342], [-73.879248, 40.79165], [-73.757227, 40.833691], [-73.695215, 40.87002], [-73.652246, 40.838037], [-73.642822, 40.88125], [-73.609766, 40.906201], [-73.573828, 40.919629], [-73.487402, 40.919971], [-73.440869, 40.926758], [-73.407227, 40.941113], [-73.372705, 40.943799], [-73.278174, 40.924219], [-73.18584, 40.929834], [-73.111279, 40.956885], [-73.033789, 40.965967], [-72.828809, 40.97207], [-72.625098, 40.991846], [-72.543652, 41.027002], [-72.372559, 41.125537], [-72.274121, 41.153027], [-72.427393, 41.038525], [-72.509766, 40.986035], [-72.580859, 40.921338], [-72.516602, 40.914795], [-72.461328, 40.933789], [-72.408984, 40.972168], [-72.287451, 41.024072], [-72.183887, 41.046777], [-72.15127, 41.051465], [-72.101904, 41.015039], [-72.003955, 41.044287], [-71.903223, 41.060693]]], [[[-70.086621, 41.317578], [-70.062695, 41.328467], [-70.043604, 41.374414], [-70.041211, 41.397461], [-69.985596, 41.298633], [-69.97793, 41.265576], [-70.055078, 41.249463], [-70.233057, 41.286328], [-70.086621, 41.317578]]], [[[-70.67373, 41.448535], [-70.616016, 41.457227], [-70.525342, 41.414795], [-70.509912, 41.376318], [-70.785303, 41.327441], [-70.829199, 41.358984], [-70.760498, 41.373584], [-70.67373, 41.448535]]], [[[-71.364307, 41.571826], [-71.354492, 41.542285], [-71.365332, 41.485254], [-71.393066, 41.466748], [-71.403418, 41.515039], [-71.383984, 41.570557], [-71.364307, 41.571826]]], [[[-71.34624, 41.469385], [-71.318164, 41.506299], [-71.307471, 41.560498], [-71.280176, 41.62002], [-71.264453, 41.638232], [-71.232031, 41.654297], [-71.241406, 41.491943], [-71.290918, 41.4646], [-71.34624, 41.469385]]], [[[-68.703027, 44.231982], [-68.690771, 44.24873], [-68.676758, 44.256201], [-68.655957, 44.242334], [-68.623193, 44.196045], [-68.661182, 44.17627], [-68.701709, 44.182666], [-68.703027, 44.231982]]], [[[-66.324121, 44.257324], [-66.311914, 44.291602], [-66.250488, 44.379004], [-66.210352, 44.392041], [-66.273779, 44.292285], [-66.324121, 44.257324]]], [[[-68.190918, 44.364355], [-68.187256, 44.332471], [-68.245459, 44.312988], [-68.309277, 44.321484], [-68.307959, 44.268701], [-68.315088, 44.249707], [-68.385791, 44.276855], [-68.411719, 44.294336], [-68.409473, 44.364258], [-68.347021, 44.430371], [-68.299414, 44.456494], [-68.238037, 44.438379], [-68.190918, 44.364355]]], [[[-66.74541, 44.791406], [-66.753369, 44.709814], [-66.7625, 44.681787], [-66.89707, 44.628906], [-66.844727, 44.763916], [-66.802148, 44.805371], [-66.74541, 44.791406]]], [[[-73.55166, 45.489844], [-73.566504, 45.469092], [-73.643555, 45.449121], [-73.775342, 45.467627], [-73.920215, 45.441943], [-73.960547, 45.441406], [-73.85293, 45.515723], [-73.687451, 45.561426], [-73.522461, 45.701172], [-73.476074, 45.704736], [-73.538867, 45.546436], [-73.55166, 45.489844]]], [[[-73.695312, 45.585498], [-73.815918, 45.564893], [-73.857715, 45.573584], [-73.724658, 45.671826], [-73.572363, 45.694482], [-73.695312, 45.585498]]], [[[-70.879639, 46.996094], [-70.825781, 46.995361], [-70.913477, 46.919531], [-71.025732, 46.872949], [-71.11665, 46.864844], [-71.094971, 46.899561], [-70.97085, 46.961426], [-70.879639, 46.996094]]], [[[-69.180664, 59.072705], [-69.155176, 59.063574], [-69.160059, 59.040234], [-69.22085, 58.967578], [-69.301709, 58.976611], [-69.330811, 58.961621], [-69.352832, 58.960742], [-69.316309, 59.028955], [-69.311523, 59.074805], [-69.32998, 59.12124], [-69.303223, 59.144873], [-69.195166, 59.146143], [-69.193799, 59.092773], [-69.180664, 59.072705]]], [[[-67.847559, 60.488818], [-67.818848, 60.449512], [-67.844238, 60.39165], [-67.922314, 60.339893], [-68.012305, 60.304639], [-68.233789, 60.240918], [-68.324121, 60.23291], [-68.365234, 60.254053], [-68.367871, 60.314746], [-68.338281, 60.360596], [-68.234766, 60.455566], [-68.141895, 60.562012], [-68.087598, 60.587842], [-67.978027, 60.57041], [-67.914209, 60.539844], [-67.847559, 60.488818]]], [[[-65.129785, 61.685693], [-64.954443, 61.685107], [-64.789648, 61.662207], [-64.756348, 61.637646], [-64.66958, 61.593018], [-64.690967, 61.539355], [-64.696387, 61.471484], [-64.732324, 61.438428], [-64.787598, 61.413281], [-64.832617, 61.366064], [-64.856836, 61.354443], [-64.879785, 61.35708], [-64.954248, 61.4104], [-65.054395, 61.432031], [-65.091504, 61.452979], [-65.393896, 61.562842], [-65.426807, 61.611035], [-65.432129, 61.649512], [-65.331641, 61.668262], [-65.129785, 61.685693]]], [[[-64.927734, 61.73252], [-65.165918, 61.797656], [-65.230273, 61.864014], [-65.235352, 61.897705], [-65.210547, 61.928369], [-65.173926, 61.943213], [-65.125635, 61.942236], [-65.068359, 61.926025], [-65.030566, 61.879053], [-65.008057, 61.870264], [-64.981055, 61.880615], [-64.960547, 61.87168], [-64.94668, 61.843359], [-64.923535, 61.82373], [-64.865137, 61.798145], [-64.845508, 61.779883], [-64.84707, 61.761523], [-64.896582, 61.733301], [-64.927734, 61.73252]]], [[[-73.988184, 62.636084], [-74.000439, 62.618408], [-74.053564, 62.609668], [-74.253516, 62.621973], [-74.499512, 62.668799], [-74.626465, 62.712744], [-74.619971, 62.726318], [-74.564209, 62.733301], [-74.500928, 62.726514], [-74.394775, 62.695801], [-74.108936, 62.680322], [-74.016797, 62.662695], [-73.988184, 62.636084]]], [[[-71.134863, 62.877979], [-70.834619, 62.840088], [-70.674316, 62.807031], [-70.442627, 62.733789], [-70.366797, 62.66582], [-70.291504, 62.615967], [-70.268848, 62.578076], [-70.288574, 62.561572], [-70.337061, 62.54873], [-70.406348, 62.544824], [-70.541504, 62.552344], [-70.686572, 62.573193], [-70.766064, 62.596875], [-70.837549, 62.648096], [-70.85127, 62.704346], [-70.986133, 62.787793], [-71.136914, 62.815918], [-71.220117, 62.873926], [-71.134863, 62.877979]]], [[[-75.090527, 67.634766], [-75.127295, 67.537305], [-75.201953, 67.45918], [-75.314502, 67.400439], [-75.400098, 67.366699], [-75.780078, 67.283545], [-76.048975, 67.262012], [-76.332764, 67.258105], [-76.693945, 67.23584], [-76.858838, 67.240479], [-76.944189, 67.250293], [-77.004883, 67.266943], [-77.075928, 67.319629], [-77.15708, 67.40835], [-77.224219, 67.508203], [-77.304395, 67.685107], [-77.305908, 67.706104], [-77.228564, 67.850098], [-77.125879, 67.94707], [-76.944727, 68.090967], [-76.740234, 68.23125], [-76.688232, 68.254395], [-76.595801, 68.278955], [-76.364453, 68.318701], [-76.172803, 68.308789], [-76.088281, 68.313818], [-75.982764, 68.332324], [-75.866504, 68.336816], [-75.675879, 68.32251], [-75.153809, 68.234033], [-75.103125, 68.201904], [-75.078125, 68.173145], [-75.063477, 68.141211], [-75.062354, 68.075391], [-75.072852, 68.049023], [-75.123877, 67.985254], [-75.127344, 67.965234], [-75.086377, 67.751416], [-75.090527, 67.634766]]], [[[-85.047656, 71.058691], [-84.988477, 71.031738], [-84.870312, 71.001807], [-84.82373, 71.028613], [-84.7896, 71.093262], [-84.708594, 71.358691], [-84.674316, 71.43877], [-84.658105, 71.5146], [-84.659961, 71.586133], [-84.699414, 71.631445], [-84.840137, 71.658643], [-85.032227, 71.654053], [-85.130908, 71.66123], [-85.250488, 71.675293], [-85.339062, 71.697266], [-85.39668, 71.727051], [-85.511523, 71.816553], [-85.596191, 71.866406], [-85.81333, 71.956445], [-85.911621, 71.986523], [-85.862109, 72.021973], [-85.664795, 72.062793], [-85.545801, 72.101562], [-85.405908, 72.214844], [-85.321875, 72.233154], [-85.01875, 72.218164], [-84.608496, 72.129492], [-84.35166, 72.052637], [-84.28374, 72.044482], [-84.282324, 72.058447], [-84.347461, 72.094434], [-84.642969, 72.189551], [-84.777539, 72.258789], [-84.841992, 72.308154], [-84.811035, 72.329541], [-84.644678, 72.351416], [-84.623047, 72.376563], [-84.849414, 72.40625], [-84.96416, 72.405615], [-85.056836, 72.384375], [-85.156396, 72.38291], [-85.341113, 72.421533], [-85.391309, 72.443994], [-85.497754, 72.510596], [-85.553711, 72.568604], [-85.615576, 72.604639], [-85.637891, 72.633203], [-85.649902, 72.722168], [-85.644531, 72.774463], [-85.619434, 72.819189], [-85.574609, 72.856396], [-85.454785, 72.925146], [-85.387598, 72.94502], [-85.262109, 72.954004], [-84.989551, 72.919873], [-84.256641, 72.796729], [-84.274268, 72.836426], [-85.094043, 73.002637], [-85.383887, 73.04541], [-85.454736, 73.105469], [-85.018408, 73.335498], [-84.616064, 73.389551], [-84.416064, 73.456494], [-84.088965, 73.459375], [-83.781885, 73.416895], [-83.776514, 73.428467], [-83.91499, 73.508398], [-83.904053, 73.52832], [-83.729834, 73.575879], [-83.410352, 73.631689], [-83.020459, 73.676025], [-82.943213, 73.699121], [-82.843311, 73.71543], [-82.659619, 73.72959], [-82.202783, 73.736475], [-81.946143, 73.729834], [-81.605371, 73.695996], [-81.406152, 73.634521], [-81.344092, 73.597754], [-81.23833, 73.479541], [-81.151758, 73.314014], [-81.025146, 73.245215], [-80.821729, 73.207178], [-80.681152, 73.16582], [-80.603467, 73.121191], [-80.582764, 73.064941], [-80.619141, 72.997168], [-80.591895, 72.927686], [-80.500928, 72.856592], [-80.430811, 72.81626], [-80.277246, 72.770166], [-80.274707, 72.745557], [-80.322656, 72.71748], [-80.424316, 72.678906], [-80.675098, 72.558643], [-80.99873, 72.426221], [-81.229346, 72.311719], [-81.240576, 72.27793], [-80.760791, 72.457178], [-80.611475, 72.45083], [-80.604687, 72.425781], [-80.702441, 72.338281], [-80.821484, 72.260254], [-80.941211, 72.210156], [-80.919336, 72.19126], [-80.691406, 72.103467], [-80.733252, 72.089014], [-80.843262, 72.096191], [-80.888379, 72.088281], [-80.921094, 72.072314], [-80.941406, 72.048242], [-80.942676, 72.014355], [-80.925049, 71.970703], [-80.926807, 71.938086], [-80.9479, 71.916553], [-80.925146, 71.907666], [-80.858447, 71.911426], [-80.802246, 71.929199], [-80.70542, 71.988135], [-80.386133, 72.148779], [-80.181934, 72.208789], [-80.116113, 72.214062], [-79.92832, 72.174951], [-79.884375, 72.177197], [-80.090918, 72.300879], [-80.108936, 72.332178], [-80.066992, 72.37832], [-80.041797, 72.394238], [-79.926709, 72.428174], [-79.831299, 72.446289], [-79.777881, 72.438721], [-79.693311, 72.375928], [-79.653857, 72.332178], [-79.583691, 72.314648], [-79.427441, 72.337305], [-79.32334, 72.39082], [-79.194385, 72.355713], [-79.000244, 72.272021], [-79.017969, 72.188232], [-79.017773, 72.104346], [-79.007812, 72.04292], [-78.775928, 71.930371], [-78.614453, 71.881006], [-78.585107, 71.880615], [-78.588867, 71.89751], [-78.622559, 71.934961], [-78.711133, 71.972412], [-78.79082, 72.030273], [-78.862744, 72.10083], [-78.820117, 72.26543], [-78.699268, 72.351416], [-78.582471, 72.329346], [-78.428809, 72.279785], [-78.307471, 72.275146], [-78.116357, 72.280322], [-77.726025, 72.17998], [-77.516504, 72.177783], [-77.535742, 72.21875], [-77.694482, 72.238428], [-77.926172, 72.293848], [-78.287207, 72.359814], [-78.453076, 72.435205], [-78.484277, 72.470605], [-78.479492, 72.50874], [-78.458838, 72.542334], [-78.422412, 72.571533], [-78.350244, 72.600195], [-78.001025, 72.687598], [-77.753223, 72.724756], [-77.566797, 72.736865], [-77.255371, 72.735889], [-76.893506, 72.720654], [-76.697949, 72.695068], [-76.473242, 72.63335], [-76.18877, 72.572217], [-76.087305, 72.561328], [-75.96875, 72.562744], [-75.833203, 72.576514], [-75.704297, 72.571533], [-75.294238, 72.480859], [-75.185791, 72.434229], [-75.120068, 72.377734], [-75.071484, 72.322852], [-75.039844, 72.26958], [-75.052686, 72.226367], [-75.394141, 72.039795], [-75.542773, 72.007959], [-75.640967, 71.937158], [-75.787402, 71.803076], [-75.911279, 71.731299], [-75.922803, 71.717236], [-75.896826, 71.713721], [-75.82207, 71.745898], [-75.693359, 71.838574], [-75.599902, 71.918457], [-75.428369, 71.984375], [-75.147656, 72.062988], [-74.903174, 72.100488], [-74.694922, 72.096924], [-74.519678, 72.085645], [-74.377441, 72.066553], [-74.292969, 72.050586], [-74.266357, 72.037695], [-74.209326, 71.978662], [-74.212598, 71.938672], [-74.248242, 71.893652], [-74.315723, 71.842676], [-74.621484, 71.786279], [-74.789062, 71.741992], [-74.892969, 71.725537], [-75.204785, 71.709131], [-75.191064, 71.691602], [-74.959473, 71.66748], [-74.700781, 71.675586], [-74.707373, 71.646924], [-74.828955, 71.570898], [-74.868311, 71.504736], [-74.834473, 71.450586], [-74.840723, 71.406592], [-74.931299, 71.314063], [-75.035352, 71.230518], [-74.996191, 71.218115], [-74.758936, 71.338135], [-74.695312, 71.469434], [-74.599561, 71.584863], [-74.488086, 71.648389], [-74.404102, 71.67251], [-74.139062, 71.682227], [-73.99209, 71.749609], [-73.866602, 71.771045], [-73.814062, 71.771436], [-73.707227, 71.746338], [-73.713574, 71.719873], [-73.868604, 71.599365], [-74.197266, 71.40415], [-74.06333, 71.426465], [-73.97251, 71.472852], [-73.850879, 71.519141], [-73.712842, 71.587598], [-73.62168, 71.525537], [-73.481592, 71.479248], [-73.397803, 71.373437], [-73.262402, 71.322461], [-73.180615, 71.282861], [-73.192187, 71.349854], [-73.310449, 71.484277], [-73.278223, 71.537988], [-73.186816, 71.564893], [-72.901953, 71.677783], [-72.703027, 71.640137], [-72.580615, 71.606787], [-72.519287, 71.615625], [-72.3646, 71.610986], [-72.116504, 71.592773], [-71.875195, 71.56123], [-71.640674, 71.51626], [-71.459912, 71.463721], [-71.332959, 71.403467], [-71.256055, 71.361816], [-71.229395, 71.33877], [-71.186523, 71.278711], [-71.219385, 71.238818], [-71.396582, 71.146875], [-71.49502, 71.105127], [-71.593066, 71.086377], [-71.856152, 71.104785], [-71.937939, 71.094287], [-72.023877, 71.065332], [-72.297705, 70.938818], [-72.449121, 70.884082], [-72.598047, 70.849219], [-72.632715, 70.830762], [-72.312549, 70.83252], [-72.223926, 70.870166], [-72.15, 70.940674], [-72.00918, 71.013428], [-71.742529, 71.046875], [-71.37085, 70.975146], [-71.18623, 70.978027], [-71.045361, 71.05], [-70.888037, 71.099023], [-70.826074, 71.10874], [-70.79248, 71.10332], [-70.672656, 71.052197], [-70.636475, 71.006592], [-70.639111, 70.902441], [-70.655225, 70.870898], [-70.761719, 70.792236], [-71.021777, 70.674121], [-71.191797, 70.629785], [-71.380469, 70.605957], [-71.585938, 70.565869], [-71.658447, 70.533545], [-71.729395, 70.487695], [-71.800146, 70.457031], [-71.890186, 70.431543], [-71.772363, 70.394189], [-71.727246, 70.395215], [-71.683691, 70.417578], [-71.56499, 70.505664], [-71.47666, 70.544043], [-71.42666, 70.5521], [-71.375098, 70.548438], [-71.324854, 70.531152], [-71.275879, 70.500293], [-71.27959, 70.425195], [-71.429443, 70.127783], [-71.405127, 70.128662], [-71.313086, 70.209326], [-71.045264, 70.519043], [-70.979785, 70.581055], [-70.850537, 70.643604], [-70.560937, 70.738281], [-70.337256, 70.787842], [-70.084717, 70.829541], [-69.949805, 70.84502], [-69.795703, 70.83457], [-69.695508, 70.785889], [-69.560107, 70.777148], [-69.395361, 70.789258], [-69.289062, 70.783447], [-69.168701, 70.76416], [-69.065723, 70.728076], [-68.890723, 70.687109], [-68.495752, 70.610254], [-68.44668, 70.594092], [-68.40083, 70.56499], [-68.358252, 70.5229], [-68.363525, 70.48125], [-68.41665, 70.43999], [-68.482568, 70.414844], [-68.561328, 70.405664], [-68.642822, 70.383203], [-68.793652, 70.324414], [-68.84292, 70.314453], [-69.079443, 70.28916], [-69.29873, 70.276807], [-69.435693, 70.253125], [-69.698975, 70.189307], [-70.061426, 70.07085], [-70.057715, 70.042627], [-69.913086, 70.029053], [-69.79585, 70.046924], [-69.63457, 70.12876], [-69.483008, 70.160059], [-69.246191, 70.185107], [-68.918555, 70.206982], [-68.778223, 70.203564], [-68.75293, 70.19917], [-68.734619, 70.179834], [-68.723291, 70.145654], [-68.776953, 70.101025], [-68.839111, 70.079932], [-69.008301, 69.978955], [-68.897021, 69.952734], [-68.744043, 69.941406], [-68.656738, 69.968457], [-68.577832, 70.030469], [-68.489355, 70.064844], [-68.39126, 70.071631], [-68.305078, 70.087402], [-68.230664, 70.112207], [-68.210449, 70.128418], [-68.318604, 70.160596], [-68.327197, 70.180176], [-68.283105, 70.228271], [-68.203516, 70.281494], [-68.120654, 70.3146], [-68.059082, 70.317236], [-67.855322, 70.281787], [-67.716016, 70.219824], [-67.363672, 70.034424], [-67.318408, 69.998437], [-67.195898, 69.860693], [-67.172656, 69.799463], [-67.192773, 69.756836], [-67.221631, 69.730713], [-67.259277, 69.721289], [-67.336719, 69.720996], [-67.806201, 69.777393], [-68.02041, 69.770068], [-68.113965, 69.754297], [-68.189453, 69.730615], [-68.248096, 69.700781], [-68.289795, 69.664697], [-68.37207, 69.644385], [-68.669922, 69.643652], [-68.837109, 69.623535], [-69.124512, 69.574512], [-69.227686, 69.547412], [-69.250781, 69.511914], [-69.074902, 69.518115], [-68.785254, 69.564209], [-68.513037, 69.577295], [-68.058154, 69.475879], [-67.908252, 69.460107], [-67.824854, 69.474707], [-67.724512, 69.479248], [-67.360937, 69.47251], [-67.236963, 69.460107], [-67.052686, 69.421191], [-66.77085, 69.33667], [-66.716748, 69.311865], [-66.685254, 69.285742], [-66.67627, 69.258447], [-66.679297, 69.191064], [-66.707422, 69.168213], [-66.802881, 69.152734], [-67.208008, 69.170654], [-67.331641, 69.184717], [-67.483789, 69.166992], [-67.607227, 69.173193], [-67.765039, 69.200244], [-67.938477, 69.248145], [-68.198193, 69.202686], [-68.406299, 69.232227], [-68.618896, 69.206006], [-69.040625, 69.097998], [-68.993457, 69.079346], [-68.415527, 69.17207], [-68.303955, 69.166406], [-68.121289, 69.132617], [-67.832617, 69.065967], [-67.751709, 69.038672], [-67.751025, 68.933838], [-67.795117, 68.86333], [-67.883203, 68.783984], [-68.015625, 68.794678], [-68.324219, 68.844043], [-68.450391, 68.85083], [-68.542773, 68.842773], [-68.666699, 68.811328], [-68.725293, 68.810205], [-69.218848, 68.872803], [-69.329785, 68.875781], [-69.342676, 68.869385], [-69.319092, 68.856982], [-68.871436, 68.759961], [-68.540625, 68.749365], [-68.333203, 68.732568], [-68.2104, 68.702979], [-68.15249, 68.681055], [-68.14834, 68.616113], [-68.037939, 68.550732], [-67.938477, 68.52417], [-67.875049, 68.522949], [-67.766016, 68.547021], [-67.655957, 68.550732], [-67.566943, 68.533984], [-67.455518, 68.4979], [-67.320703, 68.487793], [-67.20249, 68.465869], [-67.111182, 68.461475], [-66.854199, 68.471631], [-66.742725, 68.457764], [-66.713916, 68.445703], [-66.762402, 68.424658], [-66.997266, 68.37417], [-67.032959, 68.326074], [-66.900391, 68.263525], [-66.830957, 68.215625], [-66.834326, 68.179883], [-66.905127, 68.098486], [-66.923096, 68.065723], [-66.899805, 68.063086], [-66.729004, 68.129004], [-66.702344, 68.120557], [-66.68457, 68.029248], [-66.662695, 68.034424], [-66.605469, 68.11001], [-66.630957, 68.210645], [-66.530762, 68.250342], [-66.212402, 68.28042], [-66.266309, 68.122705], [-66.274707, 68.040771], [-66.413867, 67.904297], [-66.52998, 67.860303], [-66.526465, 67.851172], [-66.443945, 67.833838], [-66.392383, 67.831934], [-66.342969, 67.853271], [-66.225195, 67.95874], [-65.98584, 68.068555], [-65.942383, 68.070947], [-65.943994, 68.031201], [-65.974902, 67.957422], [-65.864355, 67.922852], [-65.758936, 67.95708], [-65.701709, 67.98667], [-65.569336, 67.982324], [-65.509082, 67.968262], [-65.491113, 67.935693], [-65.552002, 67.799365], [-65.540869, 67.765625], [-65.40127, 67.674854], [-65.387109, 67.680273], [-65.413477, 67.724072], [-65.442236, 67.832324], [-65.415332, 67.879248], [-65.300342, 67.939502], [-65.064404, 68.026221], [-64.976904, 68.043408], [-64.922314, 68.031641], [-64.835449, 67.98999], [-64.862549, 67.965137], [-64.956396, 67.939111], [-65.026025, 67.892041], [-65.071436, 67.823828], [-65.021094, 67.787549], [-64.829883, 67.784277], [-64.637793, 67.840234], [-64.527539, 67.812695], [-64.396436, 67.739941], [-64.15625, 67.622998], [-64.019434, 67.654883], [-63.850195, 67.566064], [-64.07749, 67.495605], [-64.007959, 67.347314], [-64.303271, 67.353467], [-64.469287, 67.341846], [-64.580469, 67.355176], [-64.699951, 67.350537], [-64.589258, 67.315527], [-64.375928, 67.301074], [-64.356445, 67.256152], [-64.188965, 67.257275], [-64.063232, 67.265918], [-63.83623, 67.264111], [-63.824121, 67.315674], [-63.676465, 67.345117], [-63.591602, 67.377539], [-63.521094, 67.35835], [-63.31582, 67.336328], [-63.040137, 67.23501], [-63.161621, 67.174365], [-63.194678, 67.117041], [-63.235547, 67.068506], [-63.258398, 67.024658], [-63.306787, 66.994482], [-63.701562, 66.822363], [-63.63623, 66.820801], [-63.469189, 66.862402], [-63.143701, 66.924316], [-62.962305, 66.949268], [-62.83335, 66.932715], [-62.768164, 66.931982], [-62.710449, 66.954102], [-62.602881, 66.928613], [-62.379736, 66.905371], [-62.123584, 67.046729], [-61.968555, 67.019043], [-61.824121, 66.931738], [-61.514697, 66.778467], [-61.353418, 66.689209], [-61.299707, 66.64873], [-61.307227, 66.608838], [-61.453076, 66.566602], [-61.527832, 66.558105], [-61.724121, 66.637793], [-61.904492, 66.678125], [-62.014258, 66.673779], [-62.12334, 66.643066], [-62.089307, 66.625928], [-61.652637, 66.503125], [-61.576416, 66.4125], [-61.570801, 66.3729], [-61.862695, 66.312842], [-61.956348, 66.309326], [-62.158447, 66.337988], [-62.276904, 66.391504], [-62.374512, 66.41084], [-62.509814, 66.417187], [-62.553125, 66.406836], [-62.405664, 66.315918], [-62.419824, 66.288574], [-62.495996, 66.270898], [-62.533594, 66.227002], [-62.24209, 66.147949], [-62.023926, 66.067529], [-61.991602, 66.035303], [-62.138672, 66.011377], [-62.244336, 66.005859], [-62.467773, 66.01748], [-62.590332, 66.034424], [-62.624121, 66.01626], [-62.497363, 65.974023], [-62.448389, 65.945508], [-62.410303, 65.905762], [-62.388184, 65.868311], [-62.381982, 65.833301], [-62.485645, 65.804492], [-62.610254, 65.723633], [-62.658887, 65.639941], [-62.771729, 65.631982], [-62.817285, 65.647705], [-62.968896, 65.622363], [-63.168945, 65.657324], [-63.240674, 65.695557], [-63.45874, 65.853027], [-63.464355, 65.835352], [-63.409766, 65.755811], [-63.420898, 65.708594], [-63.651953, 65.674316], [-63.651074, 65.660986], [-63.509229, 65.636035], [-63.337451, 65.616748], [-63.364258, 65.543213], [-63.363379, 65.229736], [-63.401807, 65.118457], [-63.48584, 65.02124], [-63.606592, 64.928076], [-63.737158, 64.989111], [-63.789355, 65.051367], [-63.833203, 65.083301], [-63.895605, 65.109277], [-63.97627, 65.121484], [-64.061426, 65.121924], [-64.151855, 65.066162], [-64.250439, 65.114307], [-64.345703, 65.172412], [-64.309766, 65.324561], [-64.269678, 65.400781], [-64.285742, 65.400195], [-64.339941, 65.36416], [-64.469824, 65.252734], [-64.555078, 65.116602], [-64.665332, 65.168945], [-64.764795, 65.234082], [-64.846924, 65.299561], [-64.979639, 65.375098], [-65.108496, 65.46377], [-65.175684, 65.568164], [-65.206982, 65.589648], [-65.282031, 65.67666], [-65.311475, 65.701514], [-65.337402, 65.709766], [-65.401611, 65.764014], [-65.378125, 65.82207], [-65.276953, 65.890674], [-65.184863, 65.939941], [-65.032227, 65.988525], [-64.853711, 66.015918], [-64.77251, 66.078564], [-64.672998, 66.192725], [-64.563965, 66.272168], [-64.445361, 66.317139], [-64.504395, 66.325488], [-64.655176, 66.287012], [-64.761133, 66.230908], [-64.887256, 66.137402], [-65.004492, 66.077734], [-65.305371, 66.008447], [-65.415576, 65.99458], [-65.543701, 65.987207], [-65.825732, 65.996924], [-65.891064, 66.020215], [-65.857178, 66.086426], [-65.656348, 66.204736], [-65.688379, 66.213086], [-65.758984, 66.171191], [-65.855957, 66.142236], [-65.940039, 66.127441], [-66.063721, 66.132715], [-66.208594, 66.206396], [-66.277393, 66.229102], [-66.419189, 66.254492], [-66.476953, 66.279736], [-66.712305, 66.460449], [-66.759766, 66.508496], [-66.787402, 66.555664], [-66.862891, 66.595313], [-66.986328, 66.62749], [-67.014795, 66.622217], [-66.97041, 66.581885], [-66.968994, 66.547168], [-67.076855, 66.525488], [-67.189648, 66.533008], [-67.307324, 66.569727], [-67.317676, 66.520361], [-67.191748, 66.432764], [-67.189746, 66.321729], [-67.225391, 66.310254], [-67.31123, 66.30376], [-67.368848, 66.31748], [-67.559766, 66.400439], [-67.740771, 66.458203], [-67.868457, 66.490137], [-67.883398, 66.467432], [-67.800586, 66.367334], [-67.704492, 66.268604], [-67.547217, 66.187207], [-67.296729, 66.090283], [-67.183203, 66.034424], [-67.272656, 65.955566], [-67.350439, 65.929736], [-67.398779, 65.921729], [-67.550781, 65.921631], [-67.828027, 65.965186], [-67.958203, 66.013818], [-68.147266, 66.129834], [-68.459912, 66.249268], [-68.527783, 66.248633], [-68.748926, 66.200049], [-68.714209, 66.192236], [-68.57168, 66.188721], [-68.46709, 66.173193], [-68.217187, 66.078857], [-68.19834, 66.038965], [-68.260693, 65.99458], [-68.256836, 65.938623], [-68.186719, 65.870996], [-68.115039, 65.827783], [-67.968066, 65.797266], [-67.894189, 65.793262], [-67.866455, 65.773682], [-67.954346, 65.623096], [-67.961816, 65.581934], [-67.936768, 65.564893], [-67.906055, 65.563477], [-67.717139, 65.625342], [-67.638086, 65.64043], [-67.569629, 65.643555], [-67.490137, 65.626221], [-67.399707, 65.588379], [-67.346387, 65.549365], [-67.330322, 65.50918], [-67.303418, 65.48291], [-67.117969, 65.440381], [-67.134961, 65.420508], [-67.326074, 65.356641], [-67.336523, 65.346582], [-67.29834, 65.341943], [-67.177588, 65.303809], [-67.066504, 65.244092], [-66.998584, 65.172998], [-66.984912, 65.138037], [-66.985645, 65.104834], [-66.970361, 65.084912], [-66.911523, 65.081348], [-66.8875, 65.093994], [-66.860645, 65.091602], [-66.830908, 65.07417], [-66.799609, 65.019678], [-66.732764, 64.860059], [-66.697412, 64.815186], [-66.677148, 64.813672], [-66.666699, 64.973828], [-66.635498, 65.000342], [-66.517773, 64.971973], [-66.345215, 64.909619], [-66.22373, 64.854102], [-66.209717, 64.828125], [-66.301514, 64.777734], [-66.282129, 64.755322], [-66.214648, 64.722412], [-66.15249, 64.734912], [-66.10752, 64.791211], [-66.030176, 64.846582], [-65.938525, 64.885742], [-65.768066, 64.853564], [-65.626758, 64.770752], [-65.605273, 64.742334], [-65.513184, 64.706494], [-65.431934, 64.726416], [-65.274805, 64.631543], [-65.349316, 64.588525], [-65.512793, 64.525977], [-65.529346, 64.504785], [-65.48999, 64.509619], [-65.178613, 64.509717], [-65.094531, 64.48457], [-65.074609, 64.43667], [-65.212988, 64.303271], [-65.339893, 64.315088], [-65.507471, 64.318311], [-65.593652, 64.311133], [-65.580322, 64.293848], [-65.347803, 64.232324], [-65.281982, 64.181641], [-65.192773, 64.129834], [-65.149609, 64.087158], [-65.150635, 64.067529], [-65.187305, 64.037988], [-65.169873, 64.028174], [-65.010596, 64.008838], [-64.911816, 64.026172], [-64.787793, 64.032764], [-64.678467, 64.027979], [-64.669727, 64.00957], [-64.686182, 63.960938], [-64.798145, 63.915967], [-64.768164, 63.90542], [-64.636719, 63.918359], [-64.576318, 63.897363], [-64.498486, 63.790332], [-64.410937, 63.706348], [-64.482227, 63.687061], [-64.561572, 63.679688], [-64.550293, 63.572559], [-64.498633, 63.462793], [-64.498096, 63.357568], [-64.514355, 63.263965], [-64.586914, 63.243164], [-64.664648, 63.245361], [-64.695605, 63.268848], [-64.886279, 63.54873], [-64.933301, 63.599268], [-64.989697, 63.643359], [-65.191846, 63.764258], [-65.183936, 63.744824], [-65.133838, 63.689062], [-65.089404, 63.605957], [-65.031348, 63.440137], [-65.004785, 63.333398], [-65.016699, 63.292822], [-65.058057, 63.282861], [-65.068945, 63.263477], [-65.049316, 63.234619], [-64.894824, 63.125635], [-64.820166, 63.06001], [-64.767383, 62.991797], [-64.718115, 62.945801], [-64.672363, 62.921973], [-64.683643, 62.902393], [-64.751855, 62.887158], [-64.868701, 62.879883], [-64.923242, 62.88916], [-65.132959, 62.952344], [-65.162793, 62.932617], [-65.046582, 62.701465], [-65.050195, 62.646143], [-65.108496, 62.626465], [-65.180322, 62.649463], [-65.26582, 62.715088], [-65.396533, 62.788184], [-65.572412, 62.868896], [-65.740381, 62.931982], [-65.779883, 62.930273], [-65.805664, 62.911572], [-65.833691, 62.908545], [-65.864062, 62.921143], [-65.920264, 62.968506], [-65.978857, 63.000684], [-66.224023, 63.107178], [-66.249219, 63.108252], [-66.226074, 63.076318], [-66.201074, 63.00625], [-66.228662, 62.990967], [-66.292773, 62.99668], [-66.414453, 63.027197], [-66.496387, 63.097266], [-66.600488, 63.218896], [-66.65498, 63.264746], [-66.659814, 63.234912], [-66.630859, 63.119043], [-66.636426, 63.080127], [-66.697461, 63.069531], [-66.723242, 63.080176], [-66.748535, 63.111084], [-66.773242, 63.162256], [-66.831445, 63.201123], [-66.923291, 63.227686], [-66.974707, 63.255566], [-67.000146, 63.305127], [-67.01792, 63.316504], [-67.179785, 63.305029], [-67.260937, 63.340723], [-67.49502, 63.481445], [-67.709229, 63.633936], [-67.844238, 63.714551], [-67.893262, 63.73374], [-67.821436, 63.63501], [-67.742529, 63.489258], [-67.722559, 63.422754], [-67.758789, 63.419727], [-67.837891, 63.449219], [-68.243555, 63.637061], [-68.49375, 63.725488], [-68.632861, 63.741113], [-68.858936, 63.751855], [-68.911084, 63.703223], [-68.789258, 63.595117], [-68.670557, 63.513672], [-68.555127, 63.458936], [-68.373926, 63.352197], [-68.208057, 63.214697], [-68.14126, 63.172314], [-67.915332, 63.113672], [-67.797461, 63.098096], [-67.675977, 63.093555], [-67.664893, 63.072656], [-67.723779, 63.033691], [-67.736963, 63.00957], [-67.468213, 62.948242], [-67.36665, 62.91416], [-67.268506, 62.857568], [-67.212695, 62.843506], [-66.979541, 62.70083], [-66.921533, 62.678076], [-66.714014, 62.631787], [-66.644873, 62.602051], [-66.530518, 62.509961], [-66.45874, 62.463135], [-66.357275, 62.351904], [-66.28125, 62.302686], [-66.09502, 62.246387], [-66.015625, 62.230273], [-65.980176, 62.208887], [-66.004346, 62.158301], [-66.026953, 62.137207], [-66.133154, 62.102393], [-66.116406, 62.053906], [-66.056445, 61.96748], [-66.058887, 61.913867], [-66.123877, 61.893066], [-66.256689, 61.868262], [-66.32373, 61.870264], [-66.424512, 61.890723], [-66.551318, 61.925586], [-66.803125, 62.012598], [-67.181055, 62.072852], [-67.322021, 62.105029], [-67.368994, 62.134082], [-67.440137, 62.15127], [-68.378613, 62.235156], [-68.535889, 62.255615], [-68.633643, 62.281299], [-68.724365, 62.318994], [-69.082324, 62.405176], [-69.125586, 62.423975], [-69.366016, 62.571875], [-69.545166, 62.74458], [-69.604736, 62.767725], [-69.799512, 62.790479], [-69.962109, 62.776172], [-70.070947, 62.757227], [-70.236133, 62.763379], [-70.344043, 62.791504], [-70.571338, 62.869189], [-70.801416, 62.910498], [-71.002148, 62.978271], [-71.105762, 63.002246], [-71.096191, 63.019678], [-70.946045, 63.120703], [-70.992676, 63.119287], [-71.253711, 63.042529], [-71.347266, 63.066113], [-71.50127, 63.126416], [-71.617139, 63.187207], [-71.855469, 63.355273], [-71.992236, 63.416162], [-71.973047, 63.429883], [-71.819189, 63.435449], [-71.696533, 63.430225], [-71.614258, 63.444092], [-71.455859, 63.512256], [-71.387402, 63.555029], [-71.380859, 63.580322], [-71.513477, 63.586572], [-71.541895, 63.598828], [-71.565625, 63.626758], [-71.626758, 63.662598], [-71.725293, 63.706152], [-71.837549, 63.724951], [-72.222949, 63.708887], [-72.290137, 63.727979], [-72.28877, 63.756982], [-72.213477, 63.838721], [-72.172461, 63.87168], [-72.159375, 63.889893], [-72.174268, 63.893408], [-72.226465, 63.891357], [-72.45, 63.818115], [-72.498437, 63.823486], [-72.586133, 63.900781], [-72.639307, 63.989063], [-72.678076, 64.02002], [-72.72959, 64.030469], [-72.913184, 64.117188], [-73.174316, 64.281885], [-73.270312, 64.333496], [-73.3771, 64.37959], [-73.454541, 64.399268], [-73.443652, 64.423486], [-73.278174, 64.560254], [-73.271289, 64.58252], [-73.413086, 64.57417], [-73.626953, 64.602539], [-73.728418, 64.568262], [-73.792773, 64.566211], [-73.867871, 64.585352], [-73.910352, 64.578125], [-73.950391, 64.46582], [-73.981104, 64.437744], [-74.025586, 64.422656], [-74.064795, 64.424658], [-74.09873, 64.443701], [-74.0979, 64.469922], [-74.130469, 64.607812], [-74.205078, 64.628125], [-74.415869, 64.633496], [-74.46123, 64.644678], [-74.512451, 64.670166], [-74.55625, 64.717334], [-74.592578, 64.786182], [-74.634277, 64.823926], [-74.681396, 64.830664], [-74.719189, 64.825146], [-74.747754, 64.807324], [-74.813428, 64.79624], [-74.91626, 64.791992], [-74.919434, 64.765527], [-74.823047, 64.716895], [-74.729834, 64.647363], [-74.640039, 64.55708], [-74.694727, 64.496582], [-74.893945, 64.465723], [-75.067383, 64.456689], [-75.215039, 64.469385], [-75.328418, 64.49043], [-75.487793, 64.540771], [-75.715039, 64.524365], [-75.766699, 64.391943], [-75.815234, 64.384668], [-76.031836, 64.388086], [-76.118066, 64.376318], [-76.406836, 64.303174], [-76.494727, 64.292969], [-76.561523, 64.301611], [-76.626514, 64.283936], [-76.723828, 64.242041], [-76.856152, 64.237646], [-77.023535, 64.27085], [-77.165674, 64.285059], [-77.28252, 64.280371], [-77.402881, 64.299902], [-77.526758, 64.34375], [-77.627783, 64.363477], [-77.760498, 64.360156], [-77.791162, 64.36709], [-77.984863, 64.461084], [-78.045215, 64.499268], [-78.174561, 64.617725], [-78.197559, 64.664648], [-78.200879, 64.714746], [-78.189697, 64.751807], [-78.144629, 64.807715], [-78.095605, 64.939258], [-78.055273, 64.98291], [-77.99458, 65.022607], [-77.876172, 65.072949], [-77.447461, 65.161572], [-77.360889, 65.196533], [-77.363867, 65.219775], [-77.461475, 65.328174], [-77.4604, 65.355908], [-77.427686, 65.372119], [-77.358008, 65.435449], [-77.326709, 65.453125], [-77.251172, 65.462891], [-77.094141, 65.430859], [-76.958594, 65.418018], [-76.778906, 65.413867], [-76.481689, 65.369727], [-76.066992, 65.285449], [-75.82832, 65.227051], [-75.648145, 65.14082], [-75.519922, 65.056006], [-75.501562, 65.013086], [-75.560937, 64.947021], [-75.590869, 64.927686], [-75.589111, 64.905029], [-75.555762, 64.879199], [-75.4521, 64.841602], [-75.427148, 64.855859], [-75.435156, 64.900781], [-75.413672, 64.938525], [-75.362793, 64.969043], [-75.357129, 65.00874], [-75.39668, 65.057568], [-75.445801, 65.099707], [-75.504687, 65.135156], [-75.772949, 65.257031], [-75.798682, 65.29751], [-75.708594, 65.315723], [-75.31665, 65.274805], [-75.166309, 65.283936], [-75.109277, 65.331445], [-75.047754, 65.363965], [-74.981738, 65.381445], [-74.849854, 65.389062], [-74.665479, 65.366943], [-74.574902, 65.363672], [-74.494775, 65.37168], [-74.390723, 65.397559], [-74.236865, 65.483887], [-74.138477, 65.503467], [-73.9896, 65.516992], [-73.87793, 65.518848], [-73.675391, 65.484326], [-73.550781, 65.485254], [-73.560742, 65.54292], [-73.643408, 65.653223], [-73.746094, 65.766699], [-73.826074, 65.805176], [-74.033105, 65.877051], [-74.276172, 66.012744], [-74.401074, 66.096973], [-74.433936, 66.139014], [-74.416406, 66.16709], [-74.374902, 66.208154], [-73.933691, 66.358057], [-73.584229, 66.506934], [-73.430957, 66.583154], [-73.357373, 66.636279], [-73.280811, 66.674951], [-73.201123, 66.69917], [-73.033252, 66.728174], [-72.985352, 66.765381], [-72.974854, 66.828516], [-72.946777, 66.883252], [-72.788818, 67.030615], [-72.667725, 67.070459], [-72.485156, 67.098096], [-72.364941, 67.133398], [-72.22002, 67.254297], [-72.234131, 67.284424], [-72.301074, 67.307275], [-72.352881, 67.341895], [-72.576465, 67.658643], [-72.725293, 67.811621], [-72.903955, 67.944775], [-73.063428, 68.106982], [-73.328223, 68.266748], [-73.331445, 68.308984], [-73.284473, 68.356982], [-73.306885, 68.367822], [-73.580176, 68.297754], [-73.644482, 68.294531], [-73.749463, 68.325], [-73.820508, 68.362939], [-73.879346, 68.429395], [-73.87334, 68.46416], [-73.834424, 68.49707], [-73.78252, 68.578027], [-73.780615, 68.619287], [-73.798437, 68.658643], [-73.822119, 68.685986], [-73.851562, 68.701367], [-73.935156, 68.710986], [-74.072998, 68.714941], [-74.117969, 68.700928], [-73.966064, 68.57876], [-73.989258, 68.548633], [-74.182812, 68.535449], [-74.270117, 68.541211], [-74.35, 68.556055], [-74.422412, 68.579932], [-74.647949, 68.70752], [-74.695801, 68.755566], [-74.680518, 68.790283], [-74.699951, 68.80835], [-74.745996, 68.796729], [-74.80835, 68.795898], [-74.892969, 68.808154], [-74.9104, 68.823145], [-74.752393, 68.89209], [-74.743262, 68.913379], [-74.816113, 68.936133], [-74.925098, 68.940723], [-74.954004, 68.961084], [-74.917285, 68.982861], [-74.769336, 69.020654], [-74.716699, 69.045508], [-74.805469, 69.064258], [-74.854883, 69.06582], [-74.954443, 69.024609], [-75.104248, 68.940576], [-75.213281, 68.909375], [-75.362744, 68.948291], [-75.456982, 68.961279], [-75.522656, 68.952734], [-75.623047, 68.887744], [-75.842236, 68.840186], [-76.234717, 68.728027], [-76.403418, 68.692334], [-76.585059, 68.69873], [-76.619434, 68.721387], [-76.61626, 68.759863], [-76.603662, 68.791553], [-76.581738, 68.816309], [-76.574561, 68.84668], [-76.587695, 68.974463], [-76.557227, 69.009473], [-76.495166, 69.03042], [-76.380908, 69.052441], [-76.089209, 69.026172], [-75.953711, 69.030811], [-75.858594, 69.060303], [-75.763379, 69.10293], [-75.667969, 69.158838], [-75.647754, 69.212549], [-75.749072, 69.299561], [-75.787158, 69.318652], [-76.046484, 69.386377], [-76.189795, 69.410986], [-76.316211, 69.421631], [-76.407959, 69.441113], [-76.464941, 69.469434], [-76.520361, 69.516602], [-76.524951, 69.548682], [-76.516113, 69.590918], [-76.463281, 69.619971], [-76.231104, 69.653467], [-76.234082, 69.662109], [-76.423828, 69.686816], [-76.513281, 69.683936], [-76.590039, 69.65625], [-76.686523, 69.59126], [-76.742334, 69.5729], [-76.915576, 69.611182], [-77.019629, 69.616846], [-77.089941, 69.635107], [-77.128809, 69.652734], [-77.105078, 69.670752], [-77.018701, 69.689063], [-76.868604, 69.745166], [-76.858594, 69.775391], [-76.962256, 69.824854], [-77.015967, 69.836133], [-77.232471, 69.85459], [-77.494287, 69.83623], [-77.59165, 69.845605], [-77.635303, 69.900439], [-77.662988, 69.965723], [-77.674756, 70.041504], [-77.721924, 70.170801], [-77.774023, 70.238525], [-77.842529, 70.24707], [-78.156787, 70.219141], [-78.231445, 70.218799], [-78.282812, 70.22915], [-78.490723, 70.315576], [-78.574805, 70.346191], [-78.621436, 70.353418], [-78.772656, 70.445312], [-78.830859, 70.463184], [-78.899902, 70.508545], [-78.979785, 70.581348], [-79.066406, 70.603564], [-79.159766, 70.575244], [-79.253174, 70.534717], [-79.346631, 70.481885], [-79.397314, 70.437256], [-79.405225, 70.400732], [-79.347412, 70.372314], [-79.017529, 70.325195], [-78.933838, 70.293701], [-78.862842, 70.241895], [-78.809814, 70.178564], [-78.774854, 70.103613], [-78.777832, 70.047656], [-78.818799, 70.010449], [-78.889648, 69.97749], [-79.092871, 69.925342], [-79.30332, 69.894824], [-79.51543, 69.887598], [-79.615918, 69.894727], [-80.162109, 69.995996], [-80.2604, 69.996777], [-80.386816, 70.010449], [-80.670312, 70.0521], [-80.825781, 70.056641], [-81.098291, 70.091162], [-81.55957, 70.11123], [-81.651953, 70.094629], [-81.529248, 70.048047], [-81.421729, 70.024609], [-81.329492, 70.024365], [-81.196826, 69.982812], [-81.02373, 69.9], [-80.924805, 69.850586], [-80.842871, 69.79165], [-80.840283, 69.771387], [-80.921729, 69.730908], [-81.564697, 69.942725], [-81.957715, 69.86875], [-82.138721, 69.841211], [-82.293848, 69.836914], [-82.487744, 69.865967], [-82.925391, 69.968164], [-83.091162, 70.003906], [-83.149951, 70.009082], [-83.530762, 69.964795], [-83.859082, 69.962744], [-84.521875, 70.005225], [-84.765137, 70.033643], [-84.829199, 70.06333], [-84.909082, 70.078223], [-85.052637, 70.078223], [-85.432373, 70.111377], [-85.780029, 70.03667], [-86.198193, 70.105127], [-86.322021, 70.14541], [-86.361426, 70.173047], [-86.483105, 70.288574], [-86.499805, 70.350391], [-86.465381, 70.40625], [-86.431006, 70.444531], [-86.396875, 70.465332], [-86.624316, 70.40127], [-86.70415, 70.390723], [-86.809277, 70.388281], [-87.122461, 70.411963], [-87.171973, 70.399854], [-87.155811, 70.377441], [-87.074023, 70.344824], [-87.063281, 70.325098], [-87.237891, 70.309717], [-87.502441, 70.325684], [-87.617773, 70.31875], [-87.670215, 70.309814], [-87.789453, 70.258252], [-87.838135, 70.246582], [-87.900684, 70.251904], [-88.17832, 70.368604], [-88.4021, 70.44248], [-88.662988, 70.47085], [-88.782715, 70.494482], [-88.848437, 70.5229], [-89.208301, 70.759717], [-89.25752, 70.810693], [-89.371533, 70.996143], [-89.409766, 71.035693], [-89.455908, 71.061719], [-89.365527, 71.067188], [-89.025146, 71.044629], [-88.695654, 71.045605], [-88.51665, 71.030566], [-88.309082, 70.984326], [-88.038574, 70.951318], [-87.844922, 70.944385], [-87.534424, 70.956592], [-87.181592, 70.987549], [-87.140088, 71.011621], [-87.368604, 71.052832], [-87.572314, 71.107568], [-87.760254, 71.178516], [-87.872461, 71.208545], [-88.060645, 71.227246], [-88.589502, 71.240283], [-89.079346, 71.287939], [-89.417676, 71.352197], [-89.693311, 71.423486], [-89.805371, 71.462305], [-89.845752, 71.492285], [-89.888525, 71.585742], [-89.933691, 71.742725], [-89.977344, 71.848047], [-90.019531, 71.901807], [-90.025195, 71.948779], [-89.931494, 72.049023], [-89.663818, 72.157959], [-89.657275, 72.175049], [-89.710547, 72.180127], [-89.8229, 72.207813], [-89.858691, 72.24834], [-89.873096, 72.312646], [-89.874023, 72.367188], [-89.861523, 72.411914], [-89.816846, 72.467725], [-89.701514, 72.568066], [-89.536426, 72.689844], [-89.357715, 72.80415], [-89.3271, 72.841553], [-89.311377, 72.942969], [-89.287695, 73.016943], [-89.263232, 73.068994], [-89.225342, 73.108057], [-89.114746, 73.182178], [-88.976807, 73.25249], [-88.760937, 73.312402], [-88.742529, 73.33457], [-88.7396, 73.365283], [-88.727148, 73.388184], [-88.705176, 73.403271], [-88.17002, 73.595313], [-87.926416, 73.67334], [-87.719775, 73.7229], [-87.472363, 73.759424], [-86.76875, 73.833984], [-86.406396, 73.854785], [-85.950781, 73.850146], [-85.110498, 73.808154], [-85.009326, 73.778613], [-84.983594, 73.763721], [-84.946777, 73.721631], [-84.974512, 73.694775], [-85.204297, 73.603564], [-85.493604, 73.527686], [-85.681885, 73.461475], [-86.000537, 73.312549], [-86.086475, 73.260254], [-86.481396, 72.960254], [-86.574658, 72.910547], [-86.629346, 72.870801], [-86.667773, 72.762549], [-86.656299, 72.724023], [-86.594629, 72.661133], [-86.380322, 72.524658], [-86.322559, 72.46084], [-86.324023, 72.402148], [-86.348047, 72.262256], [-86.350977, 72.191309], [-86.341357, 72.123193], [-86.297168, 72.025781], [-86.218457, 71.899121], [-86.036133, 71.770947], [-85.750098, 71.641357], [-85.537158, 71.55542], [-85.327197, 71.492139], [-85.078711, 71.398486], [-85.023389, 71.353223], [-85.137598, 71.303418], [-85.405371, 71.226758], [-85.757275, 71.193945], [-85.94541, 71.162646], [-86.179443, 71.095898], [-86.473242, 71.042627], [-86.589355, 71.010791], [-86.549658, 70.98877], [-86.321289, 71.016797], [-86.127148, 71.048975], [-85.824561, 71.125732], [-85.643848, 71.152441], [-85.094873, 71.151953], [-85.001562, 71.137451], [-85.042773, 71.091602], [-85.065771, 71.078613], [-85.047656, 71.058691]], [[-79.366748, 71.149365], [-79.339355, 71.121826], [-79.211035, 71.096826], [-78.896094, 71.08877], [-78.69873, 71.100342], [-78.671143, 71.111865], [-78.671436, 71.126172], [-78.866357, 71.160303], [-78.879639, 71.172998], [-79.089551, 71.178125], [-79.277148, 71.174561], [-79.326025, 71.169629], [-79.366748, 71.149365]], [[-71.224512, 64.643115], [-71.09668, 64.706738], [-71.052393, 64.767773], [-70.999463, 64.786621], [-70.91709, 64.792432], [-70.804102, 64.773779], [-70.694434, 64.738916], [-70.636914, 64.710742], [-70.647363, 64.686182], [-70.681738, 64.660791], [-70.729004, 64.63916], [-70.720508, 64.621924], [-70.627295, 64.618555], [-70.416309, 64.581445], [-70.38501, 64.589746], [-70.46709, 64.621436], [-70.480322, 64.664111], [-70.377832, 64.707471], [-70.41377, 64.744287], [-70.633398, 64.907617], [-70.635547, 64.933594], [-70.648096, 64.959033], [-70.694531, 65.023975], [-70.771094, 65.070166], [-70.909229, 65.110596], [-70.93667, 65.124463], [-71.093457, 65.162695], [-71.231494, 65.210889], [-71.270361, 65.233594], [-71.299707, 65.26626], [-71.356934, 65.28042], [-71.482715, 65.289307], [-71.542334, 65.310498], [-71.645068, 65.366748], [-71.737109, 65.407715], [-71.764941, 65.396777], [-71.665332, 65.308105], [-71.690674, 65.242041], [-71.64248, 65.189209], [-71.570312, 65.128955], [-71.545996, 65.081592], [-71.554639, 65.051123], [-71.624219, 65.016455], [-71.638477, 64.984912], [-71.534277, 64.94668], [-71.504004, 64.920947], [-71.511719, 64.905566], [-71.583691, 64.884033], [-71.750195, 64.860596], [-71.708447, 64.828906], [-71.747656, 64.819434], [-71.817969, 64.823975], [-71.873145, 64.84375], [-71.872314, 64.873389], [-71.818506, 64.90957], [-71.850781, 64.918066], [-71.937549, 64.907373], [-71.962646, 64.912793], [-71.956152, 64.94751], [-71.994678, 64.941797], [-72.039453, 64.924854], [-72.053223, 64.910303], [-72.01875, 64.888867], [-71.981689, 64.834961], [-71.927734, 64.805957], [-71.898096, 64.777734], [-71.918555, 64.75127], [-71.898926, 64.728223], [-71.797119, 64.680811], [-71.657031, 64.632275], [-71.562891, 64.612646], [-71.499023, 64.60918], [-71.446484, 64.62627], [-71.372949, 64.635547], [-71.224512, 64.643115]], [[-71.001367, 67.020215], [-71.173877, 67.028027], [-71.227441, 67.000781], [-71.194141, 66.944629], [-71.209229, 66.861963], [-71.331006, 66.725537], [-71.372705, 66.662695], [-71.421191, 66.627637], [-71.438477, 66.596387], [-71.305664, 66.515332], [-71.230811, 66.417578], [-71.163477, 66.371533], [-71.126562, 66.330615], [-71.146729, 66.290039], [-71.15, 66.256494], [-71.144629, 66.214844], [-71.193555, 66.150781], [-71.179346, 66.082715], [-71.221094, 66.024219], [-71.320898, 65.987402], [-71.310645, 65.968994], [-71.225781, 65.953516], [-71.103711, 65.99082], [-70.850732, 66.155859], [-70.710352, 66.203955], [-70.676807, 66.225586], [-70.656494, 66.251953], [-70.618848, 66.282422], [-70.581543, 66.28916], [-70.519434, 66.26499], [-70.376465, 66.194775], [-70.184863, 66.220117], [-69.975488, 66.25835], [-69.889795, 66.254248], [-69.769629, 66.203076], [-69.741797, 66.20459], [-69.731641, 66.220313], [-69.684082, 66.24292], [-69.647656, 66.24624], [-69.636377, 66.218799], [-69.585059, 66.203223], [-69.556543, 66.211621], [-69.530469, 66.23833], [-69.511426, 66.267627], [-69.471338, 66.289746], [-69.340186, 66.335156], [-69.220703, 66.405908], [-69.253271, 66.45083], [-69.347363, 66.448535], [-69.401611, 66.431592], [-69.423047, 66.429492], [-69.552979, 66.43208], [-69.645752, 66.441748], [-69.645752, 66.475684], [-69.5271, 66.502783], [-69.466064, 66.546875], [-69.489795, 66.580762], [-69.621289, 66.602002], [-69.73623, 66.627783], [-69.945459, 66.688281], [-70.210645, 66.731445], [-70.288135, 66.747998], [-70.35293, 66.736768], [-70.462842, 66.753271], [-70.568994, 66.794385], [-70.610645, 66.832471], [-70.62998, 66.867627], [-70.736914, 66.92334], [-70.825684, 66.994434], [-71.001367, 67.020215]]], [[[-74.379395, 68.093457], [-74.111377, 68.060596], [-73.880713, 68.021924], [-73.584033, 68.015332], [-73.49375, 68.000635], [-73.459229, 67.989893], [-73.435254, 67.97002], [-73.401562, 67.878711], [-73.398193, 67.829932], [-73.407178, 67.793066], [-73.621729, 67.783838], [-74.109082, 67.78252], [-74.374072, 67.7896], [-74.480713, 67.804883], [-74.573389, 67.828662], [-74.678613, 67.905566], [-74.745996, 67.984814], [-74.749268, 68.018457], [-74.731445, 68.048779], [-74.706543, 68.06709], [-74.379395, 68.093457]]], [[[-74.983643, 68.647607], [-74.884766, 68.544629], [-74.818945, 68.494434], [-74.798242, 68.457959], [-74.830957, 68.440723], [-74.82793, 68.423779], [-74.812891, 68.41333], [-74.818555, 68.394092], [-74.844971, 68.365967], [-74.880859, 68.348682], [-74.959326, 68.342236], [-75.07251, 68.40415], [-75.310156, 68.474463], [-75.400244, 68.525488], [-75.403418, 68.550146], [-75.396191, 68.588818], [-75.370166, 68.636084], [-75.287402, 68.687744], [-75.199756, 68.696094], [-75.074707, 68.684717], [-74.983643, 68.647607]]], [[[-67.940283, 69.534863], [-68.202344, 69.58042], [-68.221387, 69.616748], [-68.093262, 69.657031], [-67.989111, 69.67876], [-67.908838, 69.681836], [-67.829102, 69.675], [-67.75459, 69.631445], [-67.844922, 69.591748], [-67.914697, 69.540967], [-67.940283, 69.534863]]], [[[-60.916406, 8.899268], [-61.059961, 8.847021], [-61.069189, 8.947314], [-61.050488, 8.974365], [-60.944775, 9.055029], [-60.91582, 9.070312], [-60.89458, 9.053369], [-60.899902, 9.031885], [-60.84917, 8.995703], [-60.861426, 8.949609], [-60.916406, 8.899268]]], [[[-60.821191, 9.138379], [-60.941406, 9.105566], [-60.939453, 9.132324], [-60.907275, 9.178711], [-60.844873, 9.191797], [-60.821387, 9.207666], [-60.781592, 9.218359], [-60.758887, 9.216455], [-60.73584, 9.20332], [-60.790381, 9.177197], [-60.821191, 9.138379]]], [[[-61.478271, 10.603369], [-61.498828, 10.638867], [-61.540918, 10.664453], [-61.635303, 10.699365], [-61.651172, 10.718066], [-61.591846, 10.747949], [-61.464844, 10.764453], [-61.37002, 10.796826], [-61.17373, 10.80332], [-61.078516, 10.831934], [-60.917627, 10.840234], [-60.996729, 10.716162], [-61.03374, 10.669873], [-61.019336, 10.558105], [-61.0375, 10.482275], [-61.016406, 10.386377], [-60.968457, 10.323389], [-60.999609, 10.261475], [-61.004102, 10.167822], [-61.012109, 10.134326], [-61.174268, 10.078027], [-61.59668, 10.064648], [-61.77168, 10.085059], [-61.906104, 10.069141], [-61.661475, 10.191699], [-61.632715, 10.243408], [-61.528857, 10.253125], [-61.499316, 10.268555], [-61.464746, 10.538965], [-61.478271, 10.603369]]], [[[-64.348633, 11.051904], [-64.249756, 11.080322], [-64.213672, 11.086133], [-64.184814, 11.042969], [-64.112793, 11.005664], [-64.02832, 11.001855], [-64.007324, 11.068457], [-63.893115, 11.167236], [-63.849365, 11.131006], [-63.817285, 11.000342], [-63.8271, 10.97583], [-63.917627, 10.887549], [-63.993555, 10.881201], [-64.054688, 10.884326], [-64.101172, 10.901416], [-64.160889, 10.958789], [-64.218945, 10.941602], [-64.3625, 10.961523], [-64.402344, 10.981592], [-64.348633, 11.051904]]], [[[-60.562793, 11.323535], [-60.525488, 11.325391], [-60.546484, 11.263721], [-60.756299, 11.178516], [-60.810645, 11.168604], [-60.804297, 11.208398], [-60.708936, 11.277246], [-60.562793, 11.323535]]], [[[-61.755957, 12.045703], [-61.749658, 12.108545], [-61.715039, 12.185059], [-61.660449, 12.237305], [-61.606787, 12.223389], [-61.6271, 12.054199], [-61.71543, 12.012646], [-61.78208, 12.008203], [-61.755957, 12.045703]]], [[[-59.611328, 13.1021], [-59.642773, 13.150293], [-59.64668, 13.303125], [-59.591602, 13.317676], [-59.487891, 13.196826], [-59.427637, 13.152783], [-59.493311, 13.081982], [-59.521875, 13.062207], [-59.611328, 13.1021]]], [[[-61.203906, 13.142285], [-61.277295, 13.20957], [-61.268457, 13.287695], [-61.224072, 13.330664], [-61.182129, 13.355957], [-61.138965, 13.35874], [-61.124023, 13.294043], [-61.134521, 13.202881], [-61.174512, 13.158105], [-61.203906, 13.142285]]], [[[-61.060645, 13.783105], [-61.073145, 13.865576], [-61.063574, 13.915576], [-60.99668, 14.010937], [-60.94458, 14.072852], [-60.908105, 14.093359], [-60.886768, 14.011133], [-60.895215, 13.821973], [-60.951416, 13.717578], [-61.060645, 13.783105]]], [[[-61.21333, 14.848584], [-61.180811, 14.871924], [-61.127393, 14.875293], [-61.0271, 14.826172], [-60.952539, 14.75625], [-60.927148, 14.755176], [-60.918652, 14.735352], [-60.933691, 14.686182], [-60.88916, 14.644531], [-60.869971, 14.613721], [-60.82627, 14.494482], [-60.836621, 14.437402], [-60.862109, 14.42627], [-60.899414, 14.473779], [-61.063721, 14.46709], [-61.088867, 14.50957], [-61.090332, 14.529687], [-61.011328, 14.601904], [-61.104297, 14.62124], [-61.141113, 14.652393], [-61.219727, 14.804395], [-61.21333, 14.848584]]], [[[-61.375391, 15.227295], [-61.415723, 15.399854], [-61.481152, 15.525146], [-61.469922, 15.603467], [-61.458105, 15.633105], [-61.32002, 15.585059], [-61.277246, 15.526709], [-61.251074, 15.373145], [-61.281689, 15.249023], [-61.375391, 15.227295]]], [[[-61.310742, 15.894678], [-61.318408, 15.954883], [-61.275293, 15.99624], [-61.25, 16.006299], [-61.212354, 15.959912], [-61.203418, 15.92124], [-61.230469, 15.889941], [-61.28623, 15.886035], [-61.310742, 15.894678]]], [[[-61.575049, 16.227148], [-61.563867, 16.047754], [-61.589551, 16.006934], [-61.670459, 15.962061], [-61.710254, 15.975928], [-61.759424, 16.062061], [-61.794092, 16.300977], [-61.767139, 16.340479], [-61.748047, 16.355273], [-61.641504, 16.325977], [-61.597021, 16.292187], [-61.552344, 16.270898], [-61.575049, 16.227148]]], [[[-61.172607, 16.256104], [-61.327148, 16.23042], [-61.444824, 16.219287], [-61.522168, 16.228027], [-61.53999, 16.299609], [-61.500586, 16.360205], [-61.528906, 16.433789], [-61.510645, 16.477686], [-61.471191, 16.506641], [-61.406445, 16.468311], [-61.396143, 16.413428], [-61.355469, 16.363184], [-61.172607, 16.256104]]], [[[-62.175781, 16.80957], [-62.148438, 16.740332], [-62.154248, 16.681201], [-62.221631, 16.699512], [-62.223047, 16.751562], [-62.191357, 16.804395], [-62.175781, 16.80957]]], [[[-61.694971, 17.048926], [-61.716064, 17.037012], [-61.748145, 16.997168], [-61.859668, 17.01333], [-61.882031, 17.063135], [-61.887109, 17.098145], [-61.817285, 17.168945], [-61.738574, 17.138477], [-61.708203, 17.105078], [-61.686035, 17.098438], [-61.686475, 17.069824], [-61.694971, 17.048926]]], [[[-62.574707, 17.201025], [-62.53418, 17.170117], [-62.532227, 17.121875], [-62.582422, 17.100586], [-62.624902, 17.12959], [-62.615283, 17.199121], [-62.574707, 17.201025]]], [[[-62.675781, 17.290918], [-62.640527, 17.262305], [-62.630664, 17.23999], [-62.656494, 17.224414], [-62.702002, 17.286035], [-62.775537, 17.302832], [-62.838916, 17.339258], [-62.839404, 17.365332], [-62.827051, 17.386426], [-62.794629, 17.402588], [-62.713721, 17.353271], [-62.675781, 17.290918]]], [[[-61.843799, 17.596143], [-61.86875, 17.685449], [-61.866162, 17.704297], [-61.852441, 17.714062], [-61.819922, 17.696875], [-61.776758, 17.690479], [-61.749609, 17.661328], [-61.747119, 17.574951], [-61.762012, 17.548682], [-61.843799, 17.596143]]], [[[-63.124707, 18.064307], [-63.11499, 18.090723], [-63.063086, 18.115332], [-63.024805, 18.113086], [-63.009424, 18.104297], [-63.012305, 18.04541], [-63.023047, 18.019189], [-63.09043, 18.041406], [-63.124707, 18.064307]]], [[[-63.001221, 18.221777], [-63.16001, 18.171387], [-63.15332, 18.200293], [-63.026025, 18.269727], [-62.97959, 18.264795], [-63.001221, 18.221777]]], [[[-64.569141, 18.446289], [-64.545166, 18.438135], [-64.593652, 18.402832], [-64.671826, 18.399121], [-64.695117, 18.41167], [-64.650977, 18.442529], [-64.569141, 18.446289]]], [[[-64.426074, 18.513086], [-64.324658, 18.51748], [-64.395215, 18.4646], [-64.421143, 18.457422], [-64.438037, 18.458984], [-64.44375, 18.473389], [-64.426074, 18.513086]]], [[[-60.114258, 43.939111], [-60.11748, 43.953369], [-59.936035, 43.9396], [-59.866357, 43.947168], [-59.727148, 44.002832], [-59.787598, 43.9396], [-59.922266, 43.903906], [-60.037744, 43.906641], [-60.114258, 43.939111]]], [[[-61.076172, 45.537305], [-61.081738, 45.557812], [-61.025977, 45.577344], [-60.912451, 45.567285], [-60.953027, 45.515527], [-60.961572, 45.489941], [-61.002881, 45.481738], [-61.0125, 45.496045], [-61.076172, 45.537305]]], [[[-61.09209, 45.748389], [-61.059033, 45.703369], [-60.930371, 45.747705], [-60.877588, 45.748096], [-60.806104, 45.738086], [-60.737891, 45.751416], [-60.699072, 45.77334], [-60.472363, 45.946533], [-60.460596, 45.968701], [-60.704883, 45.93291], [-60.733301, 45.956592], [-60.573193, 46.061426], [-60.585742, 46.11665], [-60.504932, 46.203857], [-60.430859, 46.255615], [-60.376514, 46.28457], [-60.297949, 46.31123], [-60.243848, 46.270117], [-60.226465, 46.195557], [-60.09248, 46.206006], [-59.961426, 46.190967], [-59.865039, 46.159521], [-59.85, 46.141406], [-59.848779, 46.112939], [-59.880908, 46.061621], [-59.934033, 46.019434], [-59.828027, 45.965137], [-59.842187, 45.941553], [-60.01582, 45.880469], [-60.114453, 45.818896], [-60.205078, 45.743018], [-60.386084, 45.654639], [-60.672949, 45.59082], [-60.763721, 45.59082], [-60.871582, 45.610693], [-60.978613, 45.606152], [-61.083691, 45.582373], [-61.186426, 45.58501], [-61.236328, 45.57251], [-61.283691, 45.573877], [-61.323437, 45.598486], [-61.40835, 45.669092], [-61.449805, 45.716211], [-61.495312, 45.941455], [-61.480615, 46.059766], [-61.408643, 46.170361], [-61.302197, 46.243848], [-61.240527, 46.302539], [-60.98252, 46.650488], [-60.931982, 46.729443], [-60.870166, 46.796777], [-60.759668, 46.863379], [-60.61665, 46.975781], [-60.571045, 46.998828], [-60.489062, 47.009717], [-60.408203, 47.003516], [-60.431348, 46.962939], [-60.425439, 46.923193], [-60.331738, 46.767822], [-60.33291, 46.737012], [-60.384082, 46.61333], [-60.482422, 46.413525], [-60.507715, 46.303369], [-60.494531, 46.270264], [-60.534424, 46.214551], [-60.576855, 46.172168], [-60.744824, 46.092676], [-60.830566, 46.074121], [-60.912207, 46.04458], [-61.105176, 45.944727], [-61.071338, 45.937109], [-60.936572, 45.985547], [-60.865234, 45.983496], [-60.868408, 45.948633], [-60.984277, 45.910693], [-61.037549, 45.882227], [-60.970605, 45.855811], [-60.971533, 45.837988], [-61.051953, 45.79502], [-61.09209, 45.748389]]], [[[-62.964014, 46.427734], [-62.712012, 46.450293], [-62.681934, 46.459424], [-62.423096, 46.478271], [-62.163574, 46.487207], [-62.074268, 46.465723], [-62.040869, 46.445703], [-62.02373, 46.421582], [-62.171777, 46.355371], [-62.319971, 46.27832], [-62.526074, 46.202881], [-62.552002, 46.165918], [-62.539209, 46.097949], [-62.543262, 46.028662], [-62.502588, 46.022949], [-62.478076, 45.999707], [-62.531348, 45.977295], [-62.743164, 45.966895], [-62.804883, 45.973193], [-62.878369, 46.001367], [-62.903516, 46.068262], [-62.994629, 46.058447], [-63.02207, 46.066602], [-62.894531, 46.123584], [-62.952637, 46.195166], [-63.015039, 46.189941], [-63.056348, 46.223926], [-63.05293, 46.269824], [-62.995117, 46.292139], [-62.978467, 46.316357], [-63.056885, 46.295361], [-63.116992, 46.252832], [-63.194727, 46.236719], [-63.270801, 46.2], [-63.152783, 46.18833], [-63.213477, 46.159863], [-63.276611, 46.153271], [-63.568896, 46.209229], [-63.641016, 46.230469], [-63.731787, 46.289062], [-63.800537, 46.367334], [-63.763232, 46.370361], [-63.750537, 46.384375], [-63.758643, 46.397607], [-63.860547, 46.408154], [-64.019727, 46.404834], [-64.11084, 46.425439], [-64.106543, 46.562109], [-64.136035, 46.599707], [-64.235645, 46.631445], [-64.388037, 46.640869], [-64.403125, 46.691602], [-64.35459, 46.769238], [-64.27998, 46.835742], [-64.223242, 46.90127], [-64.156934, 46.954883], [-63.993555, 47.061572], [-63.997266, 46.981738], [-63.981494, 46.912988], [-64.087891, 46.775439], [-63.903027, 46.639111], [-63.879297, 46.608984], [-63.863721, 46.572363], [-63.875635, 46.538672], [-63.905566, 46.508789], [-63.833594, 46.493896], [-63.811279, 46.468701], [-63.784229, 46.454639], [-63.737012, 46.480518], [-63.681445, 46.561914], [-63.534375, 46.540625], [-63.456494, 46.503906], [-63.413135, 46.512012], [-63.368652, 46.508252], [-63.286084, 46.460205], [-63.129395, 46.422217], [-62.964014, 46.427734]]], [[[-56.243262, 46.767187], [-56.20918, 46.798242], [-56.185059, 46.807275], [-56.152637, 46.811084], [-56.137354, 46.801562], [-56.139258, 46.778662], [-56.150732, 46.762402], [-56.17168, 46.752832], [-56.243262, 46.767187]]], [[[-56.314893, 46.953857], [-56.289795, 46.899902], [-56.255469, 46.860986], [-56.26709, 46.838477], [-56.354199, 46.795312], [-56.384766, 46.819434], [-56.377246, 46.847656], [-56.332568, 46.915967], [-56.333936, 46.935645], [-56.386914, 47.067969], [-56.37793, 47.089551], [-56.364648, 47.098975], [-56.287354, 47.070996], [-56.278369, 47.03501], [-56.314893, 46.953857]]], [[[-61.474072, 47.646777], [-61.395508, 47.637646], [-61.475537, 47.563965], [-61.582227, 47.56001], [-61.684082, 47.49873], [-61.750879, 47.430811], [-61.83125, 47.392041], [-61.886621, 47.344629], [-61.914111, 47.284521], [-61.878711, 47.265527], [-61.815479, 47.267578], [-61.772559, 47.259814], [-61.83374, 47.222607], [-61.95083, 47.218994], [-62.008301, 47.234277], [-61.924707, 47.425146], [-61.827295, 47.469092], [-61.627832, 47.593848], [-61.548047, 47.631787], [-61.474072, 47.646777]]], [[[-54.147559, 47.573096], [-54.227148, 47.441357], [-54.276074, 47.406543], [-54.325977, 47.408105], [-54.320117, 47.438525], [-54.258691, 47.497656], [-54.227393, 47.53999], [-54.22627, 47.565527], [-54.214941, 47.585107], [-54.168359, 47.60708], [-54.128174, 47.646826], [-54.147559, 47.573096]]], [[[-64.533887, 47.81377], [-64.621289, 47.751904], [-64.664648, 47.747607], [-64.68457, 47.753613], [-64.660498, 47.793555], [-64.663281, 47.863037], [-64.591113, 47.872461], [-64.564844, 47.86626], [-64.508594, 47.886719], [-64.533887, 47.81377]]], [[[-64.500195, 48.01377], [-64.48125, 48.006934], [-64.476074, 47.958887], [-64.591309, 47.907227], [-64.540723, 47.984961], [-64.51958, 48.005078], [-64.500195, 48.01377]]], [[[-55.873535, 51.20791], [-55.841113, 51.205078], [-55.815088, 51.191162], [-55.795508, 51.166162], [-55.785352, 51.131445], [-55.784717, 51.087061], [-55.8, 51.033301], [-55.871387, 50.907373], [-55.962012, 50.837695], [-56.078125, 50.780957], [-56.106543, 50.759277], [-56.121191, 50.733789], [-56.135645, 50.650977], [-56.195752, 50.584766], [-56.382422, 50.416992], [-56.454346, 50.380029], [-56.454785, 50.350488], [-56.483936, 50.27085], [-56.539355, 50.206738], [-56.693994, 50.059668], [-56.732324, 50.007715], [-56.749561, 49.966553], [-56.747168, 49.908496], [-56.754102, 49.88291], [-56.789502, 49.83374], [-56.838867, 49.787744], [-56.848633, 49.765332], [-56.829199, 49.724609], [-56.809229, 49.7104], [-56.806885, 49.67334], [-56.822168, 49.613477], [-56.756787, 49.651611], [-56.610645, 49.787695], [-56.500928, 49.869629], [-56.427588, 49.897412], [-56.376416, 49.933691], [-56.321826, 50.01377], [-56.24707, 50.090088], [-56.179395, 50.11499], [-56.148389, 50.100342], [-56.122168, 50.062842], [-56.127441, 50.015137], [-56.16416, 49.957275], [-56.161279, 49.940137], [-56.075, 49.982617], [-55.927002, 50.017773], [-55.87334, 50.013135], [-55.764746, 49.960449], [-55.674463, 49.966553], [-55.530029, 49.997168], [-55.50293, 49.983154], [-55.527002, 49.936768], [-55.583691, 49.892383], [-55.717627, 49.829004], [-56.03999, 49.704687], [-56.140186, 49.619141], [-56.121191, 49.621729], [-56.051611, 49.658398], [-55.978516, 49.678125], [-55.901855, 49.680859], [-55.869824, 49.670166], [-55.882324, 49.645947], [-55.892041, 49.580273], [-56.087305, 49.451953], [-56.041211, 49.456836], [-55.815234, 49.515283], [-55.678125, 49.434619], [-55.489746, 49.4625], [-55.375928, 49.489746], [-55.37915, 49.4729], [-55.354492, 49.437695], [-55.355371, 49.380859], [-55.343848, 49.3729], [-55.289941, 49.391943], [-55.280176, 49.412744], [-55.283008, 49.513818], [-55.266357, 49.523926], [-55.229541, 49.508154], [-55.207031, 49.482031], [-55.200293, 49.408496], [-55.225, 49.334668], [-55.259326, 49.266992], [-55.34248, 49.168115], [-55.331934, 49.125586], [-55.353174, 49.079443], [-55.334766, 49.077881], [-55.252344, 49.120898], [-55.247363, 49.138574], [-55.253809, 49.179639], [-55.244531, 49.199805], [-55.176123, 49.244434], [-55.063184, 49.297363], [-55.026172, 49.305371], [-55.0104, 49.293018], [-55.015918, 49.260352], [-54.982617, 49.268115], [-54.910547, 49.31626], [-54.843652, 49.34541], [-54.781885, 49.355469], [-54.717627, 49.388574], [-54.650879, 49.444531], [-54.579053, 49.49082], [-54.502197, 49.527344], [-54.469189, 49.529785], [-54.480615, 49.469336], [-54.46543, 49.400537], [-54.463477, 49.341748], [-54.448242, 49.329443], [-54.389062, 49.392139], [-54.356152, 49.415039], [-54.316748, 49.424121], [-54.270801, 49.419287], [-53.957715, 49.441846], [-53.862451, 49.426318], [-53.75498, 49.385303], [-53.619434, 49.321631], [-53.56958, 49.26416], [-53.560059, 49.191699], [-53.573437, 49.141211], [-53.671143, 49.077539], [-53.758057, 49.0354], [-53.809326, 48.993408], [-53.824902, 48.951367], [-53.845215, 48.925439], [-53.903223, 48.88916], [-54.161279, 48.787695], [-54.099512, 48.784766], [-53.950684, 48.806787], [-53.852881, 48.811328], [-53.847754, 48.79668], [-53.886816, 48.767822], [-53.961523, 48.738867], [-53.96958, 48.724902], [-53.966016, 48.706689], [-53.886133, 48.684668], [-53.784082, 48.69541], [-53.698047, 48.679834], [-53.706348, 48.655518], [-53.774609, 48.576318], [-53.794629, 48.526367], [-53.885547, 48.48457], [-54.067773, 48.418848], [-54.114453, 48.393604], [-54.104248, 48.388379], [-53.937012, 48.436621], [-53.852734, 48.448828], [-53.799316, 48.449219], [-53.738867, 48.495801], [-53.644434, 48.51123], [-53.552051, 48.481787], [-53.411328, 48.562158], [-53.361084, 48.572607], [-53.275439, 48.56333], [-53.220264, 48.577881], [-53.127344, 48.632568], [-53.057275, 48.659033], [-53.042676, 48.656641], [-53.027588, 48.634717], [-53.020752, 48.571631], [-53.037305, 48.515869], [-53.060205, 48.480322], [-53.135742, 48.401855], [-53.182129, 48.374365], [-53.225098, 48.364014], [-53.301172, 48.368164], [-53.334326, 48.355957], [-53.405518, 48.294336], [-53.531201, 48.231885], [-53.609766, 48.207715], [-53.560205, 48.173828], [-53.541846, 48.108447], [-53.569434, 48.088086], [-53.704297, 48.06792], [-53.710156, 48.056836], [-53.758203, 48.042383], [-53.86958, 48.019678], [-53.793555, 48.009717], [-53.653027, 48.025732], [-53.638232, 48.014648], [-53.657617, 47.968652], [-53.69502, 47.921191], [-53.86167, 47.799268], [-53.863672, 47.787012], [-53.837744, 47.727246], [-53.805371, 47.682031], [-53.765137, 47.650098], [-53.672363, 47.648242], [-53.60376, 47.662305], [-53.50376, 47.743848], [-53.282715, 47.997852], [-53.085449, 48.068506], [-52.920996, 48.14707], [-52.883301, 48.131152], [-52.866016, 48.112988], [-52.872021, 48.093945], [-52.95498, 48.029297], [-52.998242, 47.975928], [-53.11084, 47.811914], [-53.153857, 47.73457], [-53.175537, 47.652979], [-53.169824, 47.512109], [-53.157666, 47.487793], [-53.122461, 47.455127], [-53.056836, 47.483105], [-52.94502, 47.552832], [-52.873193, 47.619434], [-52.816943, 47.727881], [-52.782422, 47.769434], [-52.744922, 47.768945], [-52.711426, 47.745312], [-52.703271, 47.693018], [-52.672168, 47.621777], [-52.653662, 47.549414], [-52.668506, 47.469824], [-52.683643, 47.426318], [-52.912402, 47.103223], [-52.888135, 47.04585], [-52.88208, 47.011084], [-52.889209, 46.974121], [-52.961719, 46.819434], [-53.031934, 46.722754], [-53.069775, 46.68125], [-53.114844, 46.655811], [-53.166992, 46.646484], [-53.213672, 46.660498], [-53.254883, 46.697705], [-53.291309, 46.717041], [-53.323047, 46.718359], [-53.381738, 46.711426], [-53.536133, 46.63252], [-53.567773, 46.628271], [-53.589795, 46.638867], [-53.616357, 46.680273], [-53.595166, 46.888477], [-53.581348, 46.957275], [-53.612158, 47.010352], [-53.579639, 47.099414], [-53.578467, 47.133252], [-53.597363, 47.145996], [-53.636377, 47.137695], [-53.695361, 47.09292], [-53.774316, 47.011816], [-53.86001, 46.939453], [-54.00957, 46.8396], [-54.076025, 46.819971], [-54.102393, 46.824902], [-54.132812, 46.838574], [-54.17373, 46.880371], [-54.173291, 46.917187], [-54.155225, 46.96748], [-54.092676, 47.08623], [-53.970508, 47.261963], [-53.869092, 47.387012], [-53.849512, 47.440332], [-53.877881, 47.463574], [-53.90083, 47.509326], [-53.939746, 47.644678], [-53.989014, 47.756201], [-54.047266, 47.805615], [-54.191846, 47.859814], [-54.218408, 47.846729], [-54.233887, 47.77168], [-54.404687, 47.555908], [-54.434473, 47.462305], [-54.455908, 47.427588], [-54.488135, 47.403857], [-54.562549, 47.375195], [-54.542383, 47.425098], [-54.463232, 47.53623], [-54.473926, 47.54707], [-54.574512, 47.457764], [-54.651172, 47.408203], [-54.744678, 47.395459], [-54.801514, 47.398633], [-54.856641, 47.38501], [-55.09043, 47.173926], [-55.099219, 47.103564], [-55.139648, 47.045947], [-55.254932, 46.941748], [-55.315723, 46.905713], [-55.40127, 46.899268], [-55.479297, 46.917285], [-55.530713, 46.914014], [-55.652344, 46.881445], [-55.788525, 46.867236], [-55.844727, 46.873828], [-55.880615, 46.887207], [-55.949902, 46.927686], [-55.958203, 46.956396], [-55.954492, 46.973242], [-55.919238, 47.016895], [-55.838379, 47.071631], [-55.771826, 47.09209], [-55.610059, 47.119629], [-55.491504, 47.160645], [-55.401221, 47.221484], [-55.360889, 47.258594], [-55.19082, 47.448975], [-54.975635, 47.516162], [-54.869531, 47.570898], [-54.795361, 47.640332], [-54.784619, 47.664746], [-54.891016, 47.629492], [-54.945947, 47.62085], [-55.03501, 47.633887], [-55.074561, 47.657568], [-55.196582, 47.650049], [-55.366309, 47.661084], [-55.390771, 47.642871], [-55.412695, 47.550391], [-55.434668, 47.50127], [-55.460645, 47.484766], [-55.498633, 47.475049], [-55.576123, 47.465234], [-55.774707, 47.498291], [-55.811377, 47.516357], [-55.862061, 47.530078], [-56.081348, 47.499951], [-56.127246, 47.502832], [-56.083691, 47.524512], [-55.86709, 47.592334], [-55.844385, 47.787842], [-55.85791, 47.819189], [-55.918457, 47.791895], [-56.020117, 47.763721], [-56.089648, 47.771875], [-56.121436, 47.78916], [-56.150586, 47.774512], [-56.221289, 47.671387], [-56.262988, 47.658447], [-56.325781, 47.654492], [-56.45957, 47.616943], [-56.722314, 47.592285], [-56.774121, 47.56499], [-56.95249, 47.574463], [-57.473437, 47.631104], [-57.659814, 47.625391], [-57.884082, 47.66001], [-57.925537, 47.674902], [-58.239307, 47.668848], [-58.333203, 47.676855], [-58.326953, 47.719873], [-58.336865, 47.730859], [-58.428027, 47.683398], [-58.508887, 47.652588], [-58.613135, 47.626221], [-58.941162, 47.580469], [-59.116943, 47.570703], [-59.219287, 47.602539], [-59.259766, 47.63418], [-59.320654, 47.736914], [-59.362402, 47.865674], [-59.362061, 47.888965], [-59.340869, 47.933643], [-59.27207, 47.995557], [-58.96084, 48.159375], [-58.710596, 48.325049], [-58.60498, 48.411328], [-58.502637, 48.442041], [-58.335547, 48.513672], [-58.330225, 48.522119], [-58.492236, 48.513037], [-58.606152, 48.532861], [-58.722559, 48.540723], [-58.943799, 48.521777], [-59.166797, 48.521777], [-59.167676, 48.558496], [-59.063428, 48.627686], [-58.841797, 48.746436], [-58.819189, 48.746826], [-58.887109, 48.691553], [-58.906445, 48.650195], [-58.877246, 48.622705], [-58.843408, 48.605322], [-58.716455, 48.598047], [-58.687354, 48.62207], [-58.641602, 48.749414], [-58.545605, 48.896875], [-58.49375, 49.003223], [-58.403662, 49.084326], [-58.358691, 49.096533], [-58.31875, 49.081348], [-58.186133, 49.061914], [-58.049658, 48.987549], [-58.005566, 48.98125], [-57.990527, 48.987939], [-58.040576, 49.009766], [-58.081836, 49.044727], [-58.098926, 49.077441], [-58.049072, 49.17998], [-57.990674, 49.209473], [-57.980078, 49.229639], [-58.096875, 49.230078], [-58.190918, 49.25874], [-58.218896, 49.305127], [-58.213379, 49.38667], [-58.182715, 49.4354], [-58.107422, 49.499707], [-58.01582, 49.54248], [-57.96123, 49.531543], [-57.856055, 49.473828], [-57.791309, 49.48999], [-57.798828, 49.508545], [-57.897461, 49.600391], [-57.929053, 49.668408], [-57.926172, 49.70083], [-57.7125, 50.024902], [-57.607959, 50.198779], [-57.465527, 50.463672], [-57.432617, 50.505811], [-57.360449, 50.583936], [-57.330566, 50.605176], [-57.237402, 50.605371], [-57.17959, 50.614844], [-57.26416, 50.649365], [-57.294434, 50.673389], [-57.297998, 50.69873], [-57.274902, 50.725293], [-57.242139, 50.744922], [-57.131641, 50.787402], [-57.053271, 50.857324], [-57.005664, 50.939648], [-57.012744, 50.967725], [-57.037305, 50.995654], [-57.035937, 51.01084], [-56.976367, 51.027979], [-56.825146, 51.125732], [-56.805469, 51.144482], [-56.750195, 51.274902], [-56.682422, 51.332764], [-56.619043, 51.362451], [-56.517969, 51.399316], [-56.207373, 51.488623], [-56.025586, 51.568359], [-55.9021, 51.563916], [-55.86582, 51.508301], [-55.69043, 51.471338], [-55.65957, 51.511035], [-55.700635, 51.559424], [-55.666406, 51.578906], [-55.521631, 51.596387], [-55.496436, 51.589844], [-55.453223, 51.562305], [-55.45874, 51.536523], [-55.532422, 51.436963], [-55.583398, 51.388574], [-55.630762, 51.3729], [-55.730713, 51.358691], [-55.941162, 51.343018], [-56.031104, 51.328369], [-56.043945, 51.261865], [-56.030664, 51.226904], [-55.999902, 51.199268], [-55.96084, 51.191406], [-55.873535, 51.20791]], [[-56.52373, 48.363232], [-56.560352, 48.351807], [-56.603613, 48.299951], [-56.688574, 48.219141], [-56.7125, 48.181934], [-56.585645, 48.232129], [-56.482764, 48.299707], [-56.466211, 48.329102], [-56.52373, 48.363232]], [[-57.052637, 49.215088], [-57.025293, 49.212646], [-56.96958, 49.227197], [-56.928369, 49.263574], [-56.943896, 49.304297], [-56.962939, 49.336475], [-56.989941, 49.331689], [-57.034863, 49.264893], [-57.114941, 49.236914], [-57.220898, 49.189307], [-57.261719, 49.181055], [-57.262061, 49.147168], [-57.269971, 49.098633], [-57.371338, 49.010889], [-57.5625, 48.894238], [-57.665039, 48.858887], [-57.780371, 48.774072], [-58.013281, 48.663135], [-57.947363, 48.658398], [-57.858887, 48.643213], [-57.75957, 48.672266], [-57.577783, 48.786182], [-57.513184, 48.858154], [-57.435352, 48.907129], [-57.240088, 49.056445], [-57.12998, 49.165625], [-57.052637, 49.215088]]], [[[-64.485205, 49.886963], [-64.372949, 49.925928], [-64.24375, 49.944385], [-64.131445, 49.94165], [-63.760156, 49.875244], [-63.291992, 49.816846], [-63.088818, 49.772705], [-62.858545, 49.705469], [-62.633447, 49.623926], [-62.133008, 49.40708], [-62.043066, 49.389795], [-61.817139, 49.283545], [-61.73584, 49.20376], [-61.696143, 49.139014], [-61.745508, 49.105762], [-61.801123, 49.093896], [-62.219531, 49.079102], [-62.552637, 49.140869], [-62.799609, 49.170703], [-63.041504, 49.224951], [-63.565869, 49.399316], [-63.625879, 49.459912], [-63.676221, 49.534326], [-63.776611, 49.602002], [-63.884912, 49.657715], [-64.440039, 49.827734], [-64.485205, 49.886963]]], [[[-54.764062, 49.562354], [-54.733105, 49.562158], [-54.61875, 49.62207], [-54.55918, 49.631494], [-54.537695, 49.619971], [-54.554395, 49.588867], [-54.708691, 49.530664], [-54.743848, 49.507764], [-54.786523, 49.496143], [-54.818506, 49.514453], [-54.863574, 49.576074], [-54.85542, 49.596582], [-54.813086, 49.599365], [-54.78877, 49.591211], [-54.782617, 49.57207], [-54.764062, 49.562354]]], [[[-54.137695, 49.751172], [-54.093701, 49.744434], [-54.019922, 49.679492], [-53.980664, 49.661963], [-54.238379, 49.59165], [-54.269238, 49.587012], [-54.286133, 49.595361], [-54.28877, 49.66084], [-54.277637, 49.711475], [-54.258984, 49.718994], [-54.199365, 49.688525], [-54.137695, 49.751172]]], [[[-55.536133, 50.719678], [-55.569678, 50.708691], [-55.600781, 50.709033], [-55.629346, 50.720801], [-55.633887, 50.740186], [-55.604492, 50.780713], [-55.527197, 50.801221], [-55.469287, 50.796387], [-55.472754, 50.775928], [-55.503809, 50.742139], [-55.536133, 50.719678]]], [[[-55.346484, 51.982861], [-55.274072, 51.995166], [-55.293555, 51.92998], [-55.36123, 51.889648], [-55.408887, 51.888818], [-55.419629, 51.900049], [-55.399805, 51.938477], [-55.346484, 51.982861]]], [[[-60.994482, 56.039307], [-60.982715, 56.015137], [-61.137012, 56.032568], [-61.191309, 56.047852], [-61.19585, 56.063916], [-61.188184, 56.088965], [-61.157568, 56.118359], [-61.086914, 56.14082], [-60.966406, 56.098828], [-60.955371, 56.08042], [-60.994482, 56.039307]]], [[[-61.84834, 57.579346], [-61.743604, 57.55459], [-61.659521, 57.524951], [-61.6375, 57.416064], [-61.795264, 57.422461], [-61.975488, 57.49541], [-62.01123, 57.548486], [-62.007227, 57.557617], [-61.983301, 57.566748], [-61.9375, 57.554102], [-61.893066, 57.573145], [-61.84834, 57.579346]]], [[[-64.499805, 60.430225], [-64.407031, 60.36709], [-64.441943, 60.297852], [-64.558203, 60.323242], [-64.737939, 60.375635], [-64.808984, 60.4104], [-64.833789, 60.448437], [-64.836426, 60.501025], [-64.782568, 60.509619], [-64.646289, 60.5146], [-64.53252, 60.441406], [-64.499805, 60.430225]]], [[[-64.956494, 62.45835], [-64.930762, 62.48501], [-64.841943, 62.494141], [-64.8271, 62.50498], [-64.849854, 62.525439], [-64.848779, 62.543311], [-64.823828, 62.55874], [-64.631836, 62.547998], [-64.515332, 62.551807], [-64.465039, 62.535938], [-64.418066, 62.487402], [-64.47832, 62.417871], [-64.546484, 62.391406], [-64.657422, 62.383594], [-64.837305, 62.40625], [-64.901221, 62.421045], [-64.956494, 62.45835]]], [[[-50.0, 62.94161502712877], [-50.0, 62.34234034911238], [-50.070215, 62.364502], [-50.17915, 62.411133], [-50.285205, 62.466211], [-50.319238, 62.473193], [-50.280908, 62.530762], [-50.259326, 62.578076], [-50.256006, 62.679785], [-50.29873, 62.721973], [-50.20376, 62.808789], [-50.076025, 62.90376], [-50.0, 62.94161502712877]]], [[[-62.681543, 67.056299], [-62.80542, 67.028809], [-62.871631, 67.062598], [-62.825098, 67.072119], [-62.756982, 67.112549], [-62.664404, 67.148242], [-62.625293, 67.176953], [-62.469727, 67.190039], [-62.416797, 67.188477], [-62.396338, 67.17832], [-62.484619, 67.134229], [-62.681543, 67.056299]]], [[[-50.890479, 63.166943], [-51.013086, 63.257568], [-51.187598, 63.436426], [-51.468848, 63.642285], [-51.538184, 63.758008], [-51.451074, 63.904785], [-51.54751, 64.006104], [-51.280078, 64.052979], [-50.897559, 64.105566], [-50.699365, 64.149268], [-50.58501, 64.162354], [-50.341895, 64.170361], [-50.260693, 64.214258], [-50.395947, 64.203174], [-50.486621, 64.208887], [-50.492285, 64.229346], [-50.45874, 64.26582], [-50.437061, 64.312842], [-50.483398, 64.304346], [-50.721045, 64.22334], [-51.072314, 64.159033], [-51.34668, 64.123096], [-51.391113, 64.125], [-51.487109, 64.103271], [-51.542285, 64.097021], [-51.584912, 64.103174], [-51.682031, 64.164746], [-51.707861, 64.205078], [-51.533789, 64.314209], [-51.40376, 64.463184], [-51.231543, 64.560596], [-51.109912, 64.572803], [-50.906543, 64.567578], [-50.834912, 64.558984], [-50.857715, 64.616797], [-50.849219, 64.644678], [-50.684326, 64.678174], [-50.49209, 64.693164], [-50.355127, 64.682568], [-50.268945, 64.614746], [-50.158203, 64.489551], [-50.008984, 64.447266], [-50.015527, 64.507422], [-50.092969, 64.584912], [-50.121631, 64.70376], [-50.219922, 64.753857], [-50.298877, 64.778564], [-50.516992, 64.766504], [-50.648145, 64.85332], [-50.677881, 64.885205], [-50.681299, 64.927539], [-50.812158, 65.051855], [-50.854248, 65.113965], [-50.92373, 65.196729], [-50.960645, 65.201123], [-50.913721, 65.096973], [-50.852344, 65.023682], [-50.764844, 64.862549], [-50.721582, 64.797607], [-50.780176, 64.746143], [-50.891064, 64.695215], [-50.989062, 64.664844], [-51.220605, 64.628467], [-51.17085, 64.707764], [-51.138965, 64.785742], [-51.255371, 64.758105], [-51.363623, 64.701562], [-51.400928, 64.623096], [-51.470459, 64.551807], [-51.676758, 64.377051], [-51.758105, 64.279932], [-51.834961, 64.231982], [-51.922607, 64.21875], [-51.998682, 64.256787], [-52.063184, 64.346094], [-52.093408, 64.415918], [-52.097021, 64.59707], [-52.088867, 64.681543], [-52.124023, 64.79541], [-52.235449, 65.060547], [-52.259033, 65.154932], [-52.447607, 65.205127], [-52.450342, 65.221338], [-52.499707, 65.275049], [-52.537695, 65.328809], [-52.50625, 65.348486], [-52.461426, 65.362695], [-52.17959, 65.441943], [-51.970703, 65.530713], [-51.721094, 65.669922], [-51.619141, 65.713184], [-51.25293, 65.746484], [-51.090381, 65.751025], [-51.091895, 65.775781], [-51.146387, 65.785645], [-51.393799, 65.77915], [-51.723437, 65.723486], [-51.779883, 65.703418], [-51.924121, 65.616797], [-52.035352, 65.569482], [-52.348242, 65.461328], [-52.55127, 65.461377], [-52.760937, 65.59082], [-52.994922, 65.566016], [-53.15293, 65.574561], [-53.198975, 65.594043], [-53.23374, 65.77085], [-53.106348, 65.977148], [-53.24375, 65.979053], [-53.272217, 65.987402], [-53.344727, 66.034375], [-53.392041, 66.04834], [-53.356934, 66.073291], [-53.017871, 66.170898], [-52.510889, 66.362402], [-52.292627, 66.437646], [-52.15791, 66.470117], [-52.056104, 66.507324], [-51.932178, 66.587891], [-51.891211, 66.623145], [-51.822119, 66.651562], [-51.676367, 66.683594], [-51.51709, 66.732031], [-51.258594, 66.841211], [-51.225, 66.881543], [-51.281055, 66.890967], [-51.401953, 66.85376], [-51.647705, 66.754004], [-51.823047, 66.697852], [-52.42124, 66.44668], [-52.675879, 66.355225], [-52.814453, 66.296875], [-52.921924, 66.241113], [-53.035791, 66.201416], [-53.156055, 66.177734], [-53.412744, 66.159961], [-53.53877, 66.139355], [-53.614697, 66.154492], [-53.648096, 66.273535], [-53.622607, 66.344043], [-53.634717, 66.413672], [-53.570703, 66.513281], [-53.475684, 66.583838], [-53.435791, 66.622168], [-53.41875, 66.648535], [-53.222705, 66.721436], [-53.114648, 66.753809], [-53.038281, 66.826807], [-52.603125, 66.852734], [-52.491064, 66.850146], [-52.431445, 66.859912], [-52.386865, 66.881152], [-52.429736, 66.897559], [-52.560107, 66.909082], [-52.906689, 66.906885], [-53.226953, 66.919385], [-53.373096, 66.931934], [-53.443604, 66.924658], [-53.56001, 66.945947], [-53.687158, 66.986475], [-53.884424, 67.135547], [-53.805469, 67.326904], [-53.798584, 67.418164], [-53.5479, 67.498193], [-53.413867, 67.524707], [-53.223584, 67.584961], [-52.969531, 67.687256], [-52.666455, 67.749707], [-52.512012, 67.761279], [-52.383594, 67.752344], [-51.909082, 67.663721], [-51.665039, 67.646387], [-51.450586, 67.667725], [-51.181445, 67.636523], [-50.705371, 67.508887], [-50.613477, 67.52793], [-50.640137, 67.558838], [-51.171045, 67.693604], [-51.167969, 67.733838], [-51.03208, 67.744385], [-50.887012, 67.783545], [-50.968848, 67.806641], [-51.321484, 67.786572], [-51.423242, 67.754492], [-51.765234, 67.737842], [-51.943848, 67.765186], [-52.104199, 67.778711], [-52.344824, 67.836914], [-52.546191, 67.81792], [-52.673242, 67.794971], [-52.89834, 67.773242], [-52.97959, 67.757764], [-53.418799, 67.574561], [-53.603613, 67.536475], [-53.735205, 67.549023], [-53.642822, 67.668262], [-53.616211, 67.715332], [-53.616357, 67.766602], [-53.577979, 67.836816], [-53.35293, 67.970508], [-53.211377, 68.116943], [-53.151562, 68.207764], [-53.040967, 68.21792], [-52.889844, 68.204541], [-52.436084, 68.145654], [-52.058496, 68.075488], [-51.77998, 68.056738], [-51.596875, 68.054785], [-51.518359, 68.077148], [-51.456494, 68.116064], [-51.432666, 68.143018], [-51.414697, 68.198193], [-51.393701, 68.217773], [-51.33252, 68.241846], [-51.207275, 68.325537], [-51.169141, 68.385205], [-51.210156, 68.419922], [-51.293457, 68.416357], [-51.456104, 68.393506], [-51.478027, 68.383984], [-51.475049, 68.365381], [-51.632422, 68.273047], [-51.804004, 68.251807], [-52.198535, 68.220801], [-52.378516, 68.218604], [-52.698389, 68.261523], [-52.746777, 68.278369], [-52.780029, 68.309863], [-53.17251, 68.302734], [-53.289844, 68.293262], [-53.383154, 68.297363], [-53.337402, 68.352148], [-53.213281, 68.412988], [-53.039453, 68.610889], [-52.893848, 68.661523], [-52.60459, 68.70874], [-52.302783, 68.701123], [-51.780664, 68.548193], [-51.623145, 68.534814], [-51.478711, 68.547168], [-51.133301, 68.598438], [-51.069922, 68.619189], [-50.945703, 68.682666], [-50.800635, 68.79126], [-50.807715, 68.816992], [-51.030225, 68.756299], [-51.148877, 68.739941], [-51.249414, 68.739941], [-51.156055, 68.938428], [-51.119727, 69.090527], [-51.084863, 69.128271], [-50.792285, 69.116846], [-50.392676, 69.137402], [-50.297363, 69.170605], [-50.298877, 69.185352], [-50.459375, 69.205518], [-50.536621, 69.247852], [-50.671045, 69.234473], [-50.851074, 69.20625], [-51.076953, 69.209473], [-51.057812, 69.274805], [-50.892236, 69.411768], [-50.875195, 69.474219], [-50.810596, 69.599023], [-50.804102, 69.663037], [-50.720264, 69.725342], [-50.459082, 69.769727], [-50.349463, 69.79624], [-50.343457, 69.825244], [-50.5, 69.935791], [-50.460254, 69.966309], [-50.3375, 69.994141], [-50.291699, 70.014453], [-50.322949, 70.027148], [-50.436084, 70.039355], [-50.609863, 70.014941], [-50.802344, 70.003223], [-50.972705, 70.039893], [-51.105713, 70.057422], [-51.189941, 70.051904], [-51.418848, 69.989209], [-51.499072, 69.987158], [-51.598096, 70.004541], [-52.254639, 70.058936], [-52.336035, 70.078125], [-52.57124, 70.172119], [-52.765039, 70.234131], [-53.023047, 70.301904], [-53.35752, 70.35332], [-53.768506, 70.388525], [-54.014453, 70.42168], [-54.135645, 70.468408], [-54.343311, 70.571191], [-54.501172, 70.656885], [-54.530762, 70.699268], [-54.437988, 70.751611], [-54.343555, 70.789209], [-54.16582, 70.820117], [-53.85918, 70.809912], [-53.694434, 70.796094], [-53.513086, 70.766602], [-53.376025, 70.761035], [-53.091309, 70.769385], [-52.801953, 70.750586], [-52.63042, 70.729932], [-52.405225, 70.686768], [-51.783789, 70.503223], [-51.524463, 70.439453], [-51.411719, 70.431787], [-50.946875, 70.363623], [-50.872363, 70.364893], [-50.682129, 70.396875], [-50.663281, 70.417578], [-50.727539, 70.437988], [-50.932666, 70.453857], [-51.17334, 70.529102], [-51.322852, 70.58877], [-51.339893, 70.687549], [-51.32041, 70.742871], [-51.282813, 70.768018], [-51.256592, 70.852686], [-51.396094, 70.903027], [-51.493555, 70.918896], [-51.752686, 70.992236], [-51.774316, 71.010449], [-51.650098, 71.019043], [-51.528418, 71.014014], [-51.26709, 70.976855], [-51.130078, 70.971729], [-51.03042, 70.986279], [-51.018945, 71.001318], [-51.177783, 71.043457], [-51.37666, 71.119043], [-51.791895, 71.130127], [-52.061377, 71.121631], [-52.233594, 71.147559], [-52.416895, 71.189697], [-52.53457, 71.200439], [-52.775, 71.174023], [-52.89668, 71.170703], [-53.007568, 71.17998], [-53.117041, 71.312891], [-53.087891, 71.352734], [-53.0021, 71.369971], [-52.937305, 71.412842], [-52.891846, 71.457666], [-52.749414, 71.501514], [-51.967285, 71.599121], [-51.769922, 71.671729], [-51.778613, 71.68291], [-51.911719, 71.669434], [-52.081934, 71.636719], [-52.195801, 71.62998], [-52.656299, 71.672266], [-52.728076, 71.662646], [-52.914551, 71.601904], [-53.167529, 71.535938], [-53.284082, 71.539941], [-53.440088, 71.579004], [-53.464844, 71.606787], [-53.476025, 71.640186], [-53.304736, 71.685889], [-53.249707, 71.710156], [-53.138867, 71.775195], [-53.144531, 71.807422], [-53.333691, 71.789746], [-53.35835, 71.819629], [-53.355273, 71.870898], [-53.373633, 71.935742], [-53.420117, 71.999756], [-53.575391, 72.098047], [-53.639795, 72.12334], [-53.692871, 72.159668], [-53.809863, 72.292578], [-53.775977, 72.32583], [-53.672021, 72.351025], [-53.652148, 72.362646], [-53.900537, 72.341748], [-53.927734, 72.318799], [-53.880908, 72.284961], [-53.847461, 72.239844], [-53.827539, 72.183447], [-53.792871, 72.134082], [-53.70293, 72.080029], [-53.630957, 72.051514], [-53.513672, 71.97627], [-53.4625, 71.893555], [-53.477588, 71.849951], [-53.568652, 71.805566], [-53.71543, 71.757666], [-53.759863, 71.718018], [-53.779687, 71.678516], [-53.894092, 71.641992], [-53.964355, 71.655664], [-54.019922, 71.657861], [-53.954297, 71.592676], [-53.912061, 71.525928], [-53.962988, 71.458984], [-54.098926, 71.418506], [-54.172705, 71.417285], [-54.317725, 71.384473], [-54.689062, 71.367236], [-54.818311, 71.375293], [-55.055371, 71.408594], [-55.336426, 71.426758], [-55.4479, 71.471777], [-55.594043, 71.553516], [-55.667822, 71.626758], [-55.669336, 71.691504], [-55.629785, 71.738623], [-55.549219, 71.768262], [-55.452441, 71.957666], [-55.315576, 72.110693], [-54.970898, 72.268408], [-54.872607, 72.325439], [-54.840137, 72.356104], [-54.840625, 72.379395], [-54.896338, 72.394189], [-55.320117, 72.199561], [-55.581445, 72.178857], [-55.659473, 72.222607], [-55.63584, 72.300439], [-55.589307, 72.318506], [-55.37793, 72.311133], [-55.295703, 72.354395], [-55.427979, 72.419873], [-55.56875, 72.437012], [-55.601709, 72.453467], [-55.456787, 72.503271], [-55.121875, 72.499609], [-55.04624, 72.534424], [-54.924951, 72.571973], [-54.790381, 72.641602], [-54.740039, 72.700195], [-54.728711, 72.750488], [-54.757715, 72.791064], [-54.76084, 72.831738], [-54.737939, 72.87251], [-54.773096, 72.917578], [-54.866211, 72.966846], [-55.073096, 73.015137], [-55.133984, 72.960645], [-55.198437, 72.938232], [-55.288916, 72.933203], [-55.372412, 72.956152], [-55.459521, 72.964404], [-55.545117, 72.984912], [-55.633984, 72.991406], [-55.668555, 73.00791], [-55.69082, 73.054102], [-55.692773, 73.112842], [-55.592285, 73.140283], [-55.452344, 73.161914], [-55.358691, 73.20293], [-55.297168, 73.262305], [-55.288281, 73.3271], [-55.332031, 73.397363], [-55.445703, 73.460498], [-55.656201, 73.399072], [-55.738867, 73.383984], [-55.75791, 73.42793], [-55.787061, 73.460498], [-55.875537, 73.504639], [-55.991992, 73.536816], [-56.104053, 73.558154], [-56.10918, 73.590771], [-56.082617, 73.62749], [-56.033008, 73.670312], [-55.968408, 73.75957], [-55.897314, 73.751611], [-55.838281, 73.759717], [-55.872412, 73.833447], [-55.929492, 73.89541], [-55.996533, 73.930615], [-55.998926, 73.945947], [-56.014453, 73.963867], [-56.066211, 74.007275], [-56.124219, 74.039062], [-56.225391, 74.129102], [-56.298486, 74.163428], [-56.392187, 74.181201], [-56.493164, 74.182178], [-56.655176, 74.158545], [-56.954297, 74.131201], [-57.191113, 74.118213], [-57.230566, 74.125293], [-57.112109, 74.159473], [-56.9375, 74.195068], [-56.706348, 74.219189], [-56.638965, 74.278369], [-56.663916, 74.32959], [-56.654297, 74.378125], [-56.717676, 74.429248], [-56.656006, 74.457568], [-56.445557, 74.486084], [-56.350293, 74.490479], [-56.255469, 74.526807], [-56.52207, 74.614307], [-56.801318, 74.67168], [-56.871143, 74.694971], [-56.932568, 74.73335], [-56.985547, 74.786768], [-57.07168, 74.840234], [-57.190869, 74.89375], [-57.364795, 74.945459], [-57.62349938743903, 75.0], [-50.0, 75.0], [-50.0, 62.997686485649616], [-50.092236, 62.976758], [-50.33833, 62.82876], [-50.390088, 62.822021], [-50.408203, 62.848828], [-50.501563, 62.944922], [-50.572021, 62.971143], [-50.603516, 63.000049], [-50.743506, 63.05127], [-50.804297, 63.090771], [-50.890479, 63.166943]]], [[[-50.679004, 69.848535], [-50.6979, 69.829053], [-50.754395, 69.797656], [-50.911719, 69.756689], [-50.967236, 69.664258], [-50.977881, 69.617822], [-50.97041, 69.583008], [-51.013672, 69.55249], [-51.17041, 69.517139], [-51.202051, 69.525], [-51.233984, 69.551855], [-51.314893, 69.674072], [-51.338867, 69.732031], [-51.318945, 69.804053], [-51.350293, 69.854785], [-51.208887, 69.913916], [-51.09458, 69.92417], [-50.940234, 69.908691], [-50.679004, 69.848535]]], [[[-51.988428, 69.55], [-52.112598, 69.489111], [-52.770459, 69.363916], [-53.003125, 69.342627], [-53.578418, 69.256641], [-53.754346, 69.260156], [-53.793164, 69.264209], [-53.902051, 69.302002], [-54.051172, 69.337158], [-54.121045, 69.364404], [-54.182715, 69.403516], [-54.158154, 69.427783], [-54.047363, 69.437305], [-53.8896, 69.43667], [-53.658301, 69.465137], [-53.722266, 69.490723], [-53.783057, 69.506299], [-53.825, 69.540332], [-53.921484, 69.533691], [-53.99375, 69.553174], [-54.133203, 69.56543], [-54.496973, 69.577197], [-54.734131, 69.610547], [-54.804102, 69.630518], [-54.865771, 69.665039], [-54.919141, 69.713623], [-54.84126, 69.901904], [-54.787891, 69.949854], [-54.6646, 69.965674], [-54.363086, 69.923828], [-54.322607, 69.941895], [-54.652441, 70.011182], [-54.773633, 70.052539], [-54.809326, 70.085107], [-54.830762, 70.132959], [-54.830469, 70.161084], [-54.815576, 70.189404], [-54.78623, 70.217773], [-54.705957, 70.256152], [-54.371631, 70.317285], [-54.007227, 70.296436], [-53.375146, 70.221289], [-53.296729, 70.205371], [-53.10293, 70.140869], [-52.731152, 69.944727], [-52.398242, 69.863428], [-52.045312, 69.807227], [-52.010791, 69.781543], [-51.983398, 69.742676], [-51.977051, 69.722412], [-51.985107, 69.703613], [-52.007471, 69.686279], [-51.981689, 69.663965], [-51.907764, 69.63667], [-51.900195, 69.604785], [-51.988428, 69.55]]], [[[-51.675146, 70.855225], [-51.808691, 70.852539], [-52.119385, 70.870654], [-52.144189, 70.882275], [-52.148047, 70.904395], [-52.106738, 70.968018], [-51.969824, 70.976465], [-51.806934, 70.94165], [-51.631348, 70.892139], [-51.606934, 70.868848], [-51.675146, 70.855225]]], [[[-53.432129, 71.153418], [-53.436914, 71.115234], [-53.455469, 71.08291], [-53.487793, 71.056299], [-53.535205, 71.04082], [-53.628809, 71.034277], [-53.897559, 71.085156], [-53.941162, 71.104297], [-53.957812, 71.127734], [-53.947461, 71.155518], [-53.861865, 71.207227], [-53.700977, 71.283008], [-53.584473, 71.29707], [-53.512354, 71.249609], [-53.441406, 71.18584], [-53.432129, 71.153418]]], [[[-55.935693, 72.668359], [-56.042676, 72.656445], [-56.140869, 72.668457], [-56.214795, 72.719189], [-56.078076, 72.753223], [-55.993555, 72.782275], [-55.666455, 72.793701], [-55.574219, 72.780371], [-55.51626, 72.780713], [-55.42793, 72.788623], [-55.234668, 72.824805], [-55.205811, 72.84165], [-55.033008, 72.820508], [-55.016895, 72.791113], [-55.158203, 72.723291], [-55.273584, 72.684326], [-55.523633, 72.568408], [-55.566602, 72.564355], [-55.634131, 72.579443], [-55.686523, 72.609912], [-55.781006, 72.617236], [-55.813916, 72.636475], [-55.827148, 72.652148], [-55.869043, 72.662109], [-55.935693, 72.668359]]], [[[-112.171338, 40.875195], [-112.249512, 40.964453], [-112.251709, 41.020312], [-112.262891, 41.058252], [-112.236133, 41.069434], [-112.198145, 41.056055], [-112.155713, 40.955566], [-112.171338, 40.875195]]], [[[-112.696484, 61.868115], [-112.524463, 61.874707], [-112.306104, 61.916064], [-112.071191, 61.973975], [-111.985156, 62.030225], [-111.828027, 62.112939], [-111.705566, 62.131152], [-111.667529, 62.122803], [-111.745312, 62.081494], [-111.786621, 62.0021], [-111.927246, 61.916064], [-112.137354, 61.83667], [-112.248193, 61.755615], [-112.330908, 61.649707], [-112.45498, 61.605078], [-112.595557, 61.583594], [-112.689844, 61.605078], [-112.72959, 61.649707], [-112.741162, 61.720898], [-112.754395, 61.763867], [-112.919775, 61.762207], [-113.010791, 61.808545], [-112.971094, 61.831689], [-112.875146, 61.83999], [-112.696484, 61.868115]]], [[[-94.505859, 49.11792], [-94.528271, 49.041455], [-94.593506, 49.035889], [-94.630762, 49.056396], [-94.656885, 49.089941], [-94.731494, 49.091797], [-94.783691, 49.170117], [-94.787402, 49.19248], [-94.621484, 49.190576], [-94.515234, 49.214844], [-94.448096, 49.201758], [-94.44624, 49.179443], [-94.505859, 49.11792]]], [[[-97.886963, 52.35791], [-97.937939, 52.318262], [-97.977588, 52.31543], [-98.042725, 52.397559], [-98.045605, 52.459863], [-97.99458, 52.542041], [-97.943604, 52.530713], [-97.886963, 52.35791]]], [[[-96.680322, 51.04082], [-96.762451, 51.009668], [-96.84458, 51.02666], [-96.841797, 51.066309], [-96.782275, 51.091797], [-96.736963, 51.137109], [-96.708643, 51.199414], [-96.598193, 51.188086], [-96.632178, 51.148438], [-96.680322, 51.04082]]], [[[-79.012012, 43.002686], [-79.019434, 43.024219], [-79.01416, 43.051514], [-78.987988, 43.063525], [-78.916211, 43.053174], [-78.913867, 43.042334], [-78.960547, 42.988232], [-78.990283, 42.991553], [-79.012012, 43.002686]]], [[[-82.627197, 41.771143], [-82.638232, 41.746875], [-82.684521, 41.73584], [-82.685449, 41.75708], [-82.674414, 41.806055], [-82.654395, 41.827441], [-82.642871, 41.81543], [-82.627197, 41.771143]]], [[[-76.687549, 44.1375], [-76.731055, 44.126709], [-76.786719, 44.13042], [-76.809473, 44.139893], [-76.799365, 44.155127], [-76.760693, 44.172168], [-76.642627, 44.199268], [-76.639551, 44.181396], [-76.687549, 44.1375]]], [[[-76.262012, 43.990137], [-76.27666, 43.987061], [-76.275146, 44.008594], [-76.259814, 44.022412], [-76.230566, 44.028516], [-76.231299, 44.017773], [-76.262012, 43.990137]]], [[[-76.476709, 44.152832], [-76.491797, 44.161963], [-76.48335, 44.178516], [-76.451465, 44.202295], [-76.430469, 44.226807], [-76.227051, 44.254102], [-76.236963, 44.232617], [-76.32959, 44.207812], [-76.364893, 44.156348], [-76.422705, 44.121533], [-76.484521, 44.127783], [-76.474316, 44.141455], [-76.476709, 44.152832]]], [[[-76.075439, 44.305762], [-76.080566, 44.294727], [-76.11123, 44.277295], [-76.142725, 44.269238], [-76.150293, 44.281055], [-76.145215, 44.29209], [-76.119141, 44.305859], [-76.075439, 44.305762]]], [[[-85.509082, 45.624463], [-85.55166, 45.602588], [-85.585938, 45.59751], [-85.612061, 45.609277], [-85.607715, 45.656055], [-85.572852, 45.737891], [-85.538525, 45.775391], [-85.492334, 45.760205], [-85.501465, 45.750244], [-85.492334, 45.662891], [-85.509082, 45.624463]]], [[[-85.998486, 45.150146], [-85.979834, 45.131641], [-85.976221, 45.102148], [-85.988184, 45.087988], [-86.015771, 45.08916], [-86.037939, 45.102832], [-86.05957, 45.146826], [-86.052441, 45.156396], [-85.998486, 45.150146]]], [[[-86.861865, 45.408594], [-86.856592, 45.394385], [-86.861865, 45.352246], [-86.891943, 45.342285], [-86.946875, 45.345703], [-86.966699, 45.368311], [-86.937988, 45.425586], [-86.926318, 45.414941], [-86.878467, 45.41416], [-86.861865, 45.408594]]], [[[-87.315527, 45.031104], [-87.279346, 45.081494], [-87.258789, 45.137988], [-87.221143, 45.173975], [-87.166406, 45.189502], [-87.122021, 45.224512], [-87.088135, 45.27915], [-87.049121, 45.302881], [-87.005029, 45.295801], [-86.985937, 45.275195], [-86.991895, 45.241016], [-87.010352, 45.228174], [-87.041504, 45.23667], [-87.053564, 45.21792], [-87.046631, 45.171875], [-87.056885, 45.150537], [-87.08418, 45.153955], [-87.085693, 45.14541], [-87.061523, 45.124902], [-87.058936, 45.102441], [-87.078027, 45.078125], [-87.096338, 45.066748], [-87.113916, 45.068457], [-87.141357, 45.040674], [-87.178564, 44.983398], [-87.191309, 44.950244], [-87.179492, 44.941064], [-87.188086, 44.921973], [-87.280273, 44.834863], [-87.31582, 44.826562], [-87.35459, 44.838818], [-87.382031, 44.864258], [-87.398242, 44.90293], [-87.403027, 44.932861], [-87.396484, 44.95415], [-87.315527, 45.031104]]], [[[-83.331982, 45.880371], [-83.386572, 45.868555], [-83.45332, 45.884277], [-83.47998, 45.906738], [-83.46665, 45.936035], [-83.437402, 45.963232], [-83.392285, 45.988232], [-83.345264, 45.992773], [-83.296387, 45.97666], [-83.271045, 45.961328], [-83.269189, 45.946582], [-83.331982, 45.880371]]], [[[-83.714795, 46.0375], [-83.683252, 46.057227], [-83.680225, 46.07041], [-83.699414, 46.095605], [-83.683887, 46.10625], [-83.608203, 46.096582], [-83.580078, 46.080078], [-83.529004, 46.023584], [-83.503467, 46.013135], [-83.49375, 45.99082], [-83.518018, 45.957861], [-83.588281, 45.941113], [-83.730762, 45.942969], [-83.823242, 45.955664], [-83.865723, 45.979102], [-83.875146, 45.99126], [-83.871094, 46.017383], [-83.850586, 46.019141], [-83.820264, 46.00498], [-83.775, 46.011084], [-83.714795, 46.0375]]], [[[-84.097021, 46.287598], [-84.061133, 46.309766], [-83.970703, 46.302979], [-83.891064, 46.28418], [-83.822119, 46.253467], [-83.79458, 46.214307], [-83.808301, 46.166602], [-83.828955, 46.147656], [-83.856494, 46.157471], [-83.875928, 46.1479], [-83.887256, 46.118896], [-83.906836, 46.097217], [-83.930273, 46.091699], [-83.978613, 46.109424], [-84.03877, 46.177051], [-84.078223, 46.236426], [-84.097021, 46.287598]]], [[[-84.11958, 46.28501], [-84.115576, 46.260791], [-84.120654, 46.245898], [-84.134863, 46.24043], [-84.184912, 46.279443], [-84.195508, 46.303418], [-84.188135, 46.323486], [-84.16875, 46.324463], [-84.137305, 46.30625], [-84.11958, 46.28501]]], [[[-84.215527, 46.536084], [-84.180273, 46.541797], [-84.142432, 46.530908], [-84.137354, 46.502588], [-84.165088, 46.456787], [-84.163574, 46.41001], [-84.132812, 46.362207], [-84.132715, 46.340674], [-84.163428, 46.345557], [-84.188965, 46.360059], [-84.209473, 46.384277], [-84.235059, 46.444531], [-84.27417, 46.4875], [-84.215527, 46.536084]]], [[[-84.374756, 45.765381], [-84.390137, 45.746582], [-84.412305, 45.736279], [-84.441211, 45.734473], [-84.4875, 45.753516], [-84.563086, 45.803857], [-84.557178, 45.820459], [-84.429004, 45.806543], [-84.416748, 45.814307], [-84.380273, 45.787695], [-84.374756, 45.765381]]], [[[-82.256055, 45.660107], [-82.323193, 45.683594], [-82.409473, 45.697998], [-82.5104, 45.72749], [-82.625977, 45.772168], [-82.735791, 45.796729], [-82.93667, 45.810986], [-82.962256, 45.833447], [-83.160059, 45.875195], [-83.221826, 45.902148], [-83.21582, 45.932666], [-83.200586, 45.954883], [-83.176172, 45.968896], [-83.15083, 45.963232], [-83.124512, 45.937939], [-83.097314, 45.935059], [-83.069336, 45.95459], [-83.0354, 45.957422], [-82.995703, 45.943457], [-82.965479, 45.945215], [-82.944824, 45.962695], [-82.904736, 45.977783], [-82.845215, 45.99043], [-82.820996, 45.976562], [-82.83208, 45.936182], [-82.822949, 45.909814], [-82.793457, 45.897559], [-82.774023, 45.880322], [-82.7646, 45.858154], [-82.736865, 45.852344], [-82.690918, 45.862891], [-82.660254, 45.859668], [-82.644824, 45.842627], [-82.627344, 45.838574], [-82.607812, 45.84751], [-82.583447, 45.837012], [-82.554248, 45.807031], [-82.531396, 45.805762], [-82.514893, 45.83335], [-82.52041, 45.848926], [-82.56001, 45.859619], [-82.55625, 45.869922], [-82.580469, 45.895508], [-82.568506, 45.914404], [-82.527246, 45.938623], [-82.497949, 45.943896], [-82.480566, 45.930273], [-82.462646, 45.933887], [-82.444141, 45.954785], [-82.400635, 45.97085], [-82.332031, 45.981982], [-82.294531, 45.973437], [-82.287988, 45.945166], [-82.268359, 45.935937], [-82.235547, 45.945801], [-82.20459, 45.924219], [-82.175342, 45.871143], [-82.142578, 45.869434], [-82.106396, 45.919092], [-82.05459, 45.95498], [-81.987305, 45.977051], [-81.938867, 45.979248], [-81.909326, 45.961768], [-81.895459, 45.93877], [-81.897314, 45.910303], [-81.879004, 45.89248], [-81.840576, 45.8854], [-81.828223, 45.862158], [-81.841846, 45.822754], [-81.838428, 45.788428], [-81.80376, 45.743213], [-81.79585, 45.740381], [-81.763086, 45.821191], [-81.735059, 45.863672], [-81.698193, 45.89375], [-81.674756, 45.896484], [-81.664844, 45.871924], [-81.672754, 45.844678], [-81.698584, 45.814844], [-81.685059, 45.801367], [-81.601465, 45.801172], [-81.593018, 45.791699], [-81.685742, 45.656689], [-81.754736, 45.591113], [-81.828076, 45.54668], [-81.88125, 45.535498], [-81.914258, 45.557471], [-81.946191, 45.566113], [-81.977197, 45.561426], [-81.976709, 45.569873], [-81.922461, 45.603711], [-81.902344, 45.603076], [-81.864502, 45.610596], [-81.75957, 45.685156], [-81.759766, 45.697559], [-81.821143, 45.691553], [-82.029004, 45.565967], [-82.055273, 45.561328], [-82.075977, 45.569678], [-82.091113, 45.590869], [-82.208057, 45.62749], [-82.256055, 45.660107]]], [[[-81.727295, 45.500488], [-81.788086, 45.46582], [-81.814941, 45.463232], [-81.832861, 45.47251], [-81.8375, 45.483984], [-81.828809, 45.497656], [-81.735059, 45.530566], [-81.712598, 45.526318], [-81.727295, 45.500488]]], [[[-80.215723, 44.822656], [-80.232812, 44.843311], [-80.236279, 44.864502], [-80.21582, 44.87168], [-80.171436, 44.864844], [-80.157666, 44.8479], [-80.174316, 44.808887], [-80.173047, 44.79624], [-80.215723, 44.822656]]], [[[-90.765967, 46.95083], [-90.755713, 46.964795], [-90.738086, 46.961572], [-90.713086, 46.941162], [-90.707959, 46.927344], [-90.722754, 46.920117], [-90.76084, 46.937012], [-90.765967, 46.95083]]], [[[-90.710547, 46.78335], [-90.767725, 46.769775], [-90.791602, 46.772314], [-90.78208, 46.791064], [-90.752295, 46.813623], [-90.619141, 46.869971], [-90.596094, 46.868848], [-90.588867, 46.85542], [-90.653369, 46.827686], [-90.677539, 46.813037], [-90.680469, 46.797803], [-90.710547, 46.78335]]], [[[-90.534814, 46.954297], [-90.54668, 46.919287], [-90.57998, 46.913525], [-90.651807, 46.922266], [-90.650439, 46.936768], [-90.542627, 46.962744], [-90.534814, 46.954297]]], [[[-90.410156, 47.04375], [-90.42666, 47.025879], [-90.459326, 47.010107], [-90.471729, 47.017529], [-90.463867, 47.048291], [-90.447363, 47.066162], [-90.422119, 47.071143], [-90.409717, 47.063672], [-90.410156, 47.04375]]], [[[-87.816309, 48.767871], [-87.859229, 48.75835], [-87.941211, 48.756836], [-87.998437, 48.743213], [-88.030908, 48.717529], [-88.056689, 48.716699], [-88.075684, 48.740625], [-88.086572, 48.808008], [-88.056738, 48.836768], [-87.996143, 48.857227], [-87.915039, 48.864648], [-87.813428, 48.859033], [-87.765137, 48.841113], [-87.770215, 48.810937], [-87.782129, 48.79541], [-87.812354, 48.785352], [-87.816309, 48.767871]]], [[[-88.755518, 48.103516], [-88.588281, 48.158496], [-88.499219, 48.175928], [-88.484863, 48.167432], [-88.581299, 48.110742], [-88.596826, 48.087451], [-88.593066, 48.071973], [-88.624756, 48.042041], [-88.911035, 47.93623], [-88.955176, 47.926025], [-88.960107, 47.909473], [-88.92373, 47.904541], [-88.930371, 47.89624], [-89.081641, 47.850586], [-89.156787, 47.840771], [-89.195215, 47.851807], [-89.19917, 47.872266], [-89.168799, 47.902148], [-89.169092, 47.91709], [-89.200098, 47.91709], [-89.192627, 47.928955], [-89.146631, 47.952637], [-88.755518, 48.103516]]], [[[-88.561963, 47.272168], [-88.394336, 47.388721], [-88.320312, 47.421094], [-88.110205, 47.47251], [-87.994287, 47.484229], [-87.87793, 47.48418], [-87.793457, 47.467285], [-87.741016, 47.433643], [-87.790479, 47.411426], [-88.020654, 47.392383], [-88.026953, 47.386328], [-87.983057, 47.36792], [-87.974902, 47.354932], [-88.015527, 47.32085], [-88.221875, 47.210596], [-88.240381, 47.17832], [-88.236768, 47.158936], [-88.358203, 47.073389], [-88.402246, 47.019287], [-88.439062, 47.010742], [-88.468652, 47.047607], [-88.468457, 47.077246], [-88.438428, 47.099561], [-88.409082, 47.131445], [-88.40542, 47.175488], [-88.416748, 47.191455], [-88.453809, 47.151855], [-88.427051, 47.136572], [-88.434082, 47.122314], [-88.57373, 47.143311], [-88.615723, 47.17417], [-88.608887, 47.217187], [-88.561963, 47.272168]]], [[[-87.731055, 48.793848], [-87.752686, 48.824072], [-87.748193, 48.834668], [-87.731348, 48.840479], [-87.7021, 48.841406], [-87.666992, 48.821436], [-87.626025, 48.78042], [-87.62168, 48.756885], [-87.690283, 48.75], [-87.730469, 48.754687], [-87.743701, 48.76416], [-87.729932, 48.778418], [-87.731055, 48.793848]]], [[[-85.942187, 47.73374], [-85.950732, 47.747314], [-85.930908, 47.766455], [-85.882715, 47.791016], [-85.827441, 47.804492], [-85.765137, 47.806738], [-85.641113, 47.781787], [-85.596094, 47.75708], [-85.605859, 47.742139], [-85.666016, 47.73335], [-85.858594, 47.719092], [-85.942187, 47.73374]]], [[[-88.746729, 49.878809], [-88.654395, 49.949658], [-88.638965, 49.98501], [-88.629736, 50.043506], [-88.589746, 50.046582], [-88.554346, 50.035791], [-88.554346, 50.021973], [-88.56665, 49.997314], [-88.625146, 49.951172], [-88.635889, 49.915771], [-88.635889, 49.897314], [-88.589746, 49.835742], [-88.582031, 49.815723], [-88.588184, 49.80498], [-88.675928, 49.849609], [-88.715918, 49.849609], [-88.748242, 49.868066], [-88.746729, 49.878809]]], [[[-88.374463, 49.689404], [-88.38501, 49.647266], [-88.399463, 49.616992], [-88.490332, 49.611719], [-88.489014, 49.660449], [-88.39292, 49.699951], [-88.374463, 49.689404]]], [[[-68.396484, 51.503271], [-68.407324, 51.441797], [-68.391357, 51.367627], [-68.436328, 51.376318], [-68.472949, 51.401562], [-68.539404, 51.473242], [-68.562354, 51.48042], [-68.580029, 51.456787], [-68.53833, 51.392871], [-68.491992, 51.348633], [-68.403418, 51.284961], [-68.399512, 51.256494], [-68.427197, 51.232178], [-68.46792, 51.213672], [-68.537109, 51.199854], [-68.59624, 51.167822], [-68.683105, 51.15625], [-68.757568, 51.164844], [-68.864697, 51.198096], [-68.924414, 51.241504], [-69.014648, 51.27959], [-69.046338, 51.302295], [-69.062744, 51.332129], [-69.091553, 51.368262], [-69.101465, 51.410254], [-69.054492, 51.47207], [-68.959375, 51.535547], [-68.844141, 51.600049], [-68.782861, 51.620166], [-68.721484, 51.632227], [-68.605469, 51.630566], [-68.486475, 51.591064], [-68.404541, 51.531885], [-68.396484, 51.503271]]]]}}]}